sno,district,mandal,village,lat_gis,long_gis,gwl,season,Unnamed: 8,pH,E.C,TDS,CO3,HCO3,Cl,F,NO3 ,SO4,Na,K,Ca,Mg,T.H,SAR,Classification,RSC  meq  / L,Classification.1
1198,KARIMNAGAR,Regonda,Balmur,19.088631933684088,79.23936321717336,6.226512667365474,Post-monsoon 2020,,8.18,0.0,0.0,11.555418325527974,0.0,0.0,0.2600950259283975,148.20877428197812,0.0,0.0,0.0,60.61189402413329,17.088946608373988,222.10834097144317,0.0,C3S1,-4.341320046181723,P.S.
39,JAGITYAL,Ibrahimpatnam,Ibrahimpatnam,18.898611,78.579444,3.41,Post-monsoon 2020,,7.12,847.0,542.08,0.0,200.0,110.0,0.47,45.69922727,14.25,30.0,3.0,48.0,53.482,339.9095395,0.70747605,C3S1,-2.798190789,P.S.
573,KAMAREDDY,Rajampet,Jagityal,18.221865814618894,79.43642864500099,7.074526887040325,Post-monsoon 2020,,7.26,1088.9086897067623,696.901573341926,34.996752149591956,134.98703132190263,225.7988743913743,0.0,112.84580675777374,0.0,0.0,14.600191384157705,84.88314963334027,81.30667468645883,545.0525299149812,0.0,C3S1,-7.472201000346258,P.S.
4,ADILABAD,Jainath,Jainath,19.730555,78.64,2.1,Post-monsoon 2020,,8.3,433.0,277.12,20.0,130.0,40.0,0.42,15.90413636,7.25,31.0,1.0,16.0,29.172,159.9506579,1.065714421,C2S1,-0.199013158,P.S.
686,MEDAK,Kagaznagar,Machareddy,18.0766745261444,78.7266267812365,6.066297185915593,Post-monsoon 2020,,8.03,1687.9317922864414,1080.276380917071,0.0,514.3115172667354,225.55574222796284,2.085656716098248,0.0,62.459157772759056,131.39594415221694,0.0,73.55365954959613,107.06245659350698,622.4892837533957,1.8358237652789209,C4S1,-2.5274155142611248,P.S.
799,YADADRI,Nandipet,Parigi,16.69309740558303,78.7332302217073,0.0,Post-monsoon 2020,,7.98,3188.489346287962,2040.6331739324064,25.15350407588194,452.83409911032766,612.5653448110199,2.2200508077272048,164.25687440056333,40.981180144069654,235.11595437112268,7.864744341971607,279.02855608163077,93.97702013952093,1083.3960400730366,3.60595521753552,C4S1,-12.156488927164766,P.S.
331,VIKARABAD,Kodangal,Rudraram (S),17.133,77.511,3.72,Post-monsoon 2020,,7.26,650.0,416.0,60.0,150.0,70.0,0.37,20.10766,13.0,58.0,4.75,24.0,34.034,199.9424342,1.783395514,C2S1,0.201151316,P.S.
651,RANGAREDDY,Nakrekal,Morthad,17.124319118571982,80.45822691638146,3.356774721864049,Post-monsoon 2020,,7.99,1973.327632079151,1262.9296930841717,0.0,484.8762494071345,238.5907895216386,1.7495249200245735,192.83452919576422,33.90878014070005,164.2093390050282,26.35708369126769,98.97446770569992,88.34922979011309,608.9144155231418,4.909312373750376,C3S1,-2.5767122729013026,P.S.
951,BHUPALPALLY,Maheswaram,Kukatpally 1,17.087249775574968,78.70193036408376,0.0,Post-monsoon 2020,,7.94,1668.6372645930312,1067.9278349071735,18.14689218551146,221.2422127416072,324.96866891693526,0.0,148.63576304444626,48.81266892019667,132.0402646675171,17.089986505727886,85.73130981239285,71.48609987631463,507.83125218801763,0.9242053921000399,C3S3,-5.335446874908641,P.S.
296,SANGAREDDY,Jinnaram,Ootla,17.6309,78.3194,9.98,Post-monsoon 2020,,7.61,1334.0,853.76,0.0,380.0,190.0,1.63,10.904198,18.0,110.8,3.41,104.0,43.758,439.9259868,2.296794375,C3S1,-1.198519737,P.S.
228,NARAYANPET,Narayanpet,Kollampally,16.667939,77.616892,3.41,Post-monsoon 2020,,8.7,1023.0,654.72,50.0,400.0,50.0,1.72,2.2145,9.25,170.4,3.6,24.0,24.31,159.9588816,5.85784094,C3S1,5.800822368,U.S.
336,VIKARABAD,Pudur,Pudur,17.264,77.957,5.28,Post-monsoon 2020,,8.42,499.0,319.36,50.0,110.0,40.0,0.19,47.3903,3.5,18.0,1.01,40.0,29.172,219.9506579,0.527693854,C2S1,-1.199013158,P.S.
378,YADADRI,Valigonda,Vemulakonda,17.347782,79.143433,1.65,Post-monsoon 2020,,7.76,5053.0,3233.92,0.0,280.0,1360.0,0.44,76.35596,109.0,465.2,3.3,400.0,92.378,1379.84375,5.444987846,C4S1,-21.996875,P.S.
652,MEDAK,Tekulapalli,Amangal,17.31291838077977,77.07670445934164,9.270694738629842,Post-monsoon 2020,,7.44,0.0,0.0,16.927470085841556,286.30799883084353,0.0,0.44062151571284713,0.0,19.576170122243827,0.0,0.0,16.643184058786517,0.0,0.0,1.7090786916218008,C3S1,9.1955780327789,P.S.
660,SURYAPET,Balmur,Kuchinerla,18.04989381726491,78.32767199864483,0.3059350544042845,Post-monsoon 2020,,7.88,1060.0802194249559,678.4513561720149,2.024475304636411,325.40409692648416,44.490839289522484,0.565705457809967,210.72311527216957,0.0,127.98544242463556,26.00435685549095,97.3828046817963,0.0,216.42685876572855,5.569099030646555,C3S1,2.2149957317839903,P.S.
520,KHAMMAM,Gudihatnoor,Nagaram,17.085914648809755,78.75694193902397,4.4661398138348645,Post-monsoon 2020,,7.65,1715.1366873797901,1097.6875354719061,25.794926592967315,224.78501445934867,421.6955634650062,1.5175643565518375,12.958341522656255,0.11922604793180724,130.9030127620207,13.677597973440676,57.7331688874269,106.61024503429294,583.029762907184,3.0726705034931525,C3S1,-6.640893927355414,MR
70,KAMAREDDY,Bhiknoor,Bhiknoor,18.196,78.399,2.11,Post-monsoon 2020,,7.69,1334.0,853.76,0.0,410.0,150.0,0.87,30.47152,16.0,94.0,3.34,120.0,38.896,459.9342105,1.905689585,C3S1,-0.998684211,P.S.
301,SANGAREDDY,Patancheru ,Patancheruvu,17.525833,78.270166,13.7,Post-monsoon 2020,,7.74,983.0,629.12,0.0,350.0,70.0,1.37,12.26833,11.0,56.37,5.29,104.0,24.31,359.9588816,1.291795454,C3S1,-0.199177632,P.S.
912,NALGONDA,Manuguru,Gurrampode,18.154738059204234,79.64535383074666,2.16891698090723,Post-monsoon 2020,,8.19,2804.810769867774,1795.078897009749,2.1855007591492615,249.80384114482285,630.0937090114991,0.0,155.59221443247804,43.23599503689011,316.55490817666015,6.603731410567426,121.87052861547352,85.8378492513267,657.6520127070268,4.870719944936086,C3S1,-8.055697920287516,P.S.
356,WARANGAL (R) ,Sangem,Sangem,17.8844,79.7113,3.43,Post-monsoon 2020,,7.96,1367.0,874.88,0.0,190.0,320.0,0.46,18.52127273,29.25,132.0,2.0,40.0,72.93,399.8766447,2.87000779,C3S1,-4.197532895,P.S.
655,KUMURAM BHEEM,Nawabpet,Manchippa,18.372148453535324,77.83045313504894,2.7900419880395164,Post-monsoon 2020,,8.31,0.0,0.0,8.546372499207195,297.863700321518,0.0,1.2580140453530955,0.0,0.0,0.0,0.0,145.05494742898554,0.0,24.353570618133745,0.0,C3S1,5.646106741696178,P.S.
904,KAMAREDDY,Julurpadu,Bijinepalli,16.981360926638217,78.85062038156669,10.290547503360697,Post-monsoon 2020,,8.7,2965.989186548436,1898.233064867544,3.9745909768410224,407.32801530800384,566.9844279395274,1.1289841804075693,181.72262121156066,100.18525945108757,353.0947996064558,28.052312497737493,138.64228415652633,82.58969491050075,686.6081395428956,6.850488837712636,C4S1,-5.451562159757728,MR
928,VIKARABAD,Pudur,Vailpoor,17.052213059780474,78.76487041950654,2.4939699443401047,Post-monsoon 2020,,9.04,934.6134361001752,598.1525900799559,0.0,74.80612807712936,201.96608346116653,0.8365474159624915,147.86893059258367,6.681200047331103,0.0,10.756020424094912,88.36120716110196,57.350396446312864,455.8332438752071,0.0,C3S1,-7.894393067242493,P.S.
349,WARANGAL (R) ,Duggondi,Duggondi,18.0194,79.8077,0.78,Post-monsoon 2020,,8.29,733.0,469.12,0.0,160.0,120.0,0.32,32.41222727,14.75,60.0,2.0,16.0,48.62,239.9177632,1.684194375,C2S1,-1.598355263,P.S.
483,KUMURAM BHEEM,Kukatpally,Narasampet,16.987703634788875,77.82895460710077,2.1630128581941026,Post-monsoon 2020,,8,737.8630471890923,472.2323378733126,13.074138797574712,416.97954271634006,0.0,1.933953755044617,13.868190018467018,44.80687675667243,99.31098031871699,21.794350727327974,32.782160970690164,24.21948271731303,180.65807258669767,3.9168605246754655,C2S1,4.925492178420475,P.S.
290,RANGAREDDY,Talakondapalli,Talakondapalli,16.89,78.413,12.48,Post-monsoon 2020,,7.3,2789.0,1784.96,0.0,310.0,450.0,0.8,461.0,30.5,75.25,3.6,272.0,126.412,1199.786184,0.944553888,C4S1,-17.79572368,P.S.
922,BHADRADRI,Annapureddypalli,Malthummeda,17.90862889054799,78.87073678208046,2.3700716472292043,Post-monsoon 2020,,7.18,24.288307315466227,15.544532087157222,0.0,314.2724577969452,0.0,1.5978931776106569,0.0,0.0,45.18615442967962,0.0,0.0,28.474498787315948,0.0,3.288931835632038,C3S1,6.479958383928045,P.S.
375,YADADRI,S.Narayanpur,S.Narayanpur,17.144719,78.86001,9.9,Post-monsoon 2020,,7.8,2324.0,1487.36,0.0,370.0,370.0,0.58,336.1611,33.0,169.3,2.6,160.0,97.24,799.8355263,2.602727956,C4S1,-8.596710526,P.S.
731,NALGONDA,Morthad,Maheswaram,16.88871705523479,78.73872000813279,4.7142700707386265,Post-monsoon 2020,,7.11,963.8349036563194,616.8543063356146,0.0,215.4970165863274,81.3662566704521,0.0,129.89053224034842,20.274948077595976,2.3665264144888454,35.2043123880382,127.11337995625777,29.74289146553172,439.23031539207346,0.0,C2S1,-4.598773195334283,U.S.
767,VIKARABAD,Dharmaram,Peddapalli,17.209797179949714,78.00682016945498,6.40994082571329,Post-monsoon 2020,,7.29,1809.4864730183494,1158.071349202279,4.338443683746941,341.83803091619046,258.5331444233934,1.753658892658811,5.301637509041626,111.95094563434827,174.61535156734544,6.155156467475667,85.38457482603208,81.81640548881278,547.2200789795455,3.8528545743875195,C4S2,-4.001640609201694,P.S.
615,BHADRADRI,K.Mallepally,Bibipet,18.040758794341556,79.1626702017436,0.0,Post-monsoon 2020,,7.51,1964.7591786788064,1257.4458859143056,0.0,388.75557687137734,223.18559091351358,1.0700504116571354,248.1323450221839,65.36171310363466,272.374286416423,13.10371262915272,130.38760197058528,19.381309855686226,407.4120466738874,5.285355675103072,C2S1,-0.6100611500763555,MR
514,WARANGAL (R) ,Tekulapalli,Narayanagiri,18.483095242173725,78.36646436265556,4.452450955490654,Post-monsoon 2020,,8,1851.935282891082,1185.238591998423,0.0,541.9441798890447,322.89121391324363,1.835144528476897,0.0,0.0,248.0532858219192,0.0,40.68003496027022,72.05531238826882,396.9131906456245,6.133388808777189,C3S1,2.3681612996665495,P.S.
884,RANGAREDDY,Asifnagar,Bangarigadda,19.466520388379053,78.74066682865337,9.833991319720193,Post-monsoon 2020,,7.6,714.7566877286762,457.44432026285807,0.0,352.451795970726,3.484863186386349,0.6631188430889932,53.46268195790935,18.635782176076155,12.2482580553892,0.0,42.378788914855285,49.68768882873895,311.2028370059875,0.08591247967443705,C2S1,0.6560801851785607,P.S.
116,MAHABUBABAD,Dhantalapally,Dhantalapally,17.5147,79.7347,1.02,Post-monsoon 2020,,7.88,1798.0,1150.72,0.0,390.0,240.0,1.58,87.97604545,24.5,172.0,5.0,64.0,77.792,479.8684211,3.413811408,C3S1,-1.797368421,P.S.
530,NIRMAL,Thungathurthi,Bibinagar,15.785219614728074,79.38599361428477,0.33964187423140846,Post-monsoon 2020,,8.14,1968.6841997756464,1259.9578727928547,14.581874552346035,196.76821813292793,308.89192121495665,0.640747988150557,333.4642431837233,10.29318125741035,173.4298260719808,30.710587571361856,69.21790926469455,88.02155552699682,536.149541962175,2.3140435398174595,C3S1,-6.538128257686308,P.S.
371,YADADRI,Rajapet,Kurraram,17.77549,78.929866,5.28,Post-monsoon 2020,,8.29,435.0,278.4,0.0,190.0,40.0,0.5,18.51322,10.0,33.18,2.17,32.0,29.172,199.9506579,1.020204247,C2S1,-0.199013158,P.S.
256,NIZAMABAD,Mupkal,Mupkal,18.912998,78.361616,12.4,Post-monsoon 2020,,7.41,1128.0,721.92,0.0,290.0,100.0,0.97,145.7141,16.0,58.0,2.9,136.0,24.31,439.9588816,1.202248137,C3S1,-2.999177632,P.S.
742,JOGULAMBA(GADWAL),Thiparthy,Cheruvu Annaram,16.649850949832537,79.63776716066758,0.291946770427022,Post-monsoon 2020,,8.46,1909.2639326011827,1221.9289259310826,33.44045902608729,234.6437662815007,368.89144750281423,0.331855791944494,117.98243915734074,46.60752380440072,229.02269666208468,24.47368252878893,95.68022803472557,58.9203939459995,478.79615850022117,4.321030017794274,C2S1,-4.211278240852046,P.S.
656,KHAMMAM,RAMAREDDY,Nizamabad,15.970079209473331,79.70820689371808,4.317468191627087,Post-monsoon 2020,,8,2806.7845773510726,1796.342126441771,0.0,274.28031088562557,547.6884491535245,1.0387867746073383,316.9692668662708,47.44797724032686,213.99575942984524,0.0,206.20915780383154,109.0630998579242,962.8296776543598,1.4260458792577055,C3S1,-13.937116003892578,P.S.
592,MAHABUBNAGAR,Thirumalayapalem,Bhoompalli,17.900266390924163,80.55052058335714,5.499220351175016,Post-monsoon 2020,,8.04,1781.4480396913307,1140.1266830794166,10.787893436485419,338.93707431908285,278.5986311217807,1.223699119117684,74.77648142876036,55.34503282449039,161.7425466244976,26.47130328162449,92.01820969617147,62.48505185288956,485.895237242311,2.8090064795367766,C3S1,-2.7804494561842894,P.S.
1196,NALGONDA,Rajapet,Peddavolgote,17.2388750761205,78.2813720350829,0.0,Post-monsoon 2020,,7.61,1234.4485410830323,790.0470761535953,0.0,218.84946008068025,269.4070107186213,0.7340098091801652,38.080923400536385,0.0,70.42463935289982,0.0,65.76942971625292,76.56353144737787,479.08934082347525,0.02295041925181529,C3S1,-5.232007708759539,P.S.
595,KUMURAM BHEEM,Devaruppula,Raghunadhapalli,18.092319188536262,78.82552213803622,8.922671280517616,Post-monsoon 2020,,7.79,2717.407694127074,1739.1409514713155,0.0,507.6246812687801,496.04106993970623,0.0,98.03152043989766,52.27078717464116,235.56448412421884,2.8509977724462994,159.94559781348812,107.2945210343591,842.6086316782482,2.8867562373812574,C3S1,-6.6778561244659596,P.S.
575,JOGULAMBA(GADWAL),Laxmidevipalli,Lokeswaram,17.62207290028104,79.01072988226005,4.48314021970516,Post-monsoon 2020,,8.29,1588.1524441752258,1016.4175513120056,8.530697228555297,374.6769455617665,216.55819560412627,1.5408489760202402,129.09068189646683,13.641387955701424,111.07278781684158,9.073509891177201,147.3752156029226,43.00699061771474,545.5351030398278,4.42549376230393,C2S1,-3.260151025437247,P.S.
895,NIRMAL,Rajapet,Dharoor,17.84325817256663,79.39964874245356,8.300624937952964,Post-monsoon 2020,,7.11,1635.7797570638454,1046.8990368778466,15.051739049542702,506.34310137872103,178.2295140610765,0.2732110451102715,81.7829173649702,0.0,188.61654220934037,2.488648782722435,127.78122530141442,15.110261340667066,381.4886925373564,4.43795076754123,C4S1,2.824683416735732,P.S.
1178,VIKARABAD,Devarkadara,Saidapur,17.048464256325097,79.2527638540564,11.31807184282011,Post-monsoon 2020,,7.09,1132.5086850429695,724.8055331252125,18.286001113132876,268.6641120311069,91.38115747659718,0.4677169854740064,123.97219996271517,73.22439232768926,64.97456100194569,49.904338812184555,92.95984212171825,33.38705780634284,371.3283950628591,1.1349766607972291,O.G,-1.7402032984927374,P.S.
853,KUMURAM BHEEM,Shahbad,Bhosi,19.402354726764532,78.60704135258972,4.739615839846913,Post-monsoon 2020,,7.92,1142.9583403485371,731.4933003862545,0.0,359.96697919639985,173.82768314754261,0.7440963790726838,68.08479328449368,0.0,110.15584123321993,0.0,88.26766656266506,24.457709972131404,319.91414199155986,2.4548041162582948,C3S1,0.8090373969204623,P.S.
930,SANGAREDDY,Bheemgal,Pasra,18.670011919676654,78.71603155817427,7.664281780256322,Post-monsoon 2020,,8.67,1955.9657523721758,1251.8181184339114,0.0,388.47652206816605,256.00095381276327,0.12000290660112856,116.83190760738077,92.19052537116994,123.66716728528492,17.856803738475755,229.29605745253428,33.54295642143484,709.8144240561819,2.176628182749295,C3S1,-6.664677517810761,P.S.
316,SIRCILLA,Yellareddipet,Racherla Boppaspur,18.377197,78.616814,8.09,Post-monsoon 2020,,7.29,1086.0,695.04,0.0,280.0,130.0,0.66,58.18095455,25.0,96.0,8.0,80.0,29.172,319.9506579,2.333468235,C3S1,-0.799013158,P.S.
1073,MAHABUBABAD,Mahabubnagar(U),Narayanagiri,16.290050284646103,78.67851772949194,5.55108689616447,Post-monsoon 2020,,7.84,2317.0233964276804,1482.8949919019715,10.59388566411781,214.08934330981353,486.94082411033804,0.30370682044487185,227.10514184818726,7.478378272422535,163.60322640404252,0.0,148.2269518252281,105.41800598158005,805.8952343992191,3.1687310017536987,C3S1,-11.637539248569473,P.S.
180,NAGARKURNOOL,Lingal,Ambatipally,16.277,78.446,0.92,Post-monsoon 2020,,7.98,2483.0,1589.12,0.0,280.0,590.0,0.71,73.0785,40.0,241.0,3.0,64.0,136.136,719.7697368,3.905641847,C4S1,-8.795394737,P.S.
697,NALGONDA,Thimmajipet,Jagityal,17.764059217295884,79.68320803618698,8.379120324191854,Post-monsoon 2020,,7.94,252.9509561563682,161.88858455128218,33.38372168141111,266.68792258986707,0.0,1.325279176047347,0.0,0.0,38.85808742764405,0.0,34.075257055368375,0.0,49.103180526696406,3.265597517502372,C2S1,5.118913572100777,P.S.
540,KAMAREDDY,Govindaraopet,K.Mallepally,18.319430461986542,78.33161008326522,7.394862918235751,Post-monsoon 2020,,8.29,1024.068544179514,655.4038781475945,0.0,140.83964359690322,210.59719273739924,0.0,70.63300582631959,0.05903963701460313,85.88375090256828,0.0,113.56459954801412,1.9274405284263452,292.965911280818,1.458829141508521,C2S1,-3.188961961972705,P.S.
406,HYDERABAD,Machareddy,M.V.Palem,17.48256786236361,79.04131796810825,14.762760176337345,Post-monsoon 2020,,7.36,1733.2825327303638,1109.300855334841,0.871635616572469,470.05084436298625,160.6925457440829,1.28925242783278,86.9817809230597,90.28560730988171,214.1626142931434,27.529724985307386,99.79486916545605,21.342149388152905,335.82628321936284,5.945734737661658,C3S1,2.7207459717380966,P.S.
355,WARANGAL (R) ,Rayaparthy,Rayaparthy,17.6942,79.5473,1.24,Post-monsoon 2020,,8.11,1295.0,828.8,0.0,340.0,180.0,0.87,45.69922727,21.5,117.0,3.0,48.0,68.068,399.8848684,2.543844383,C3S1,-1.197697368,P.S.
1079,MEDAK,Zafergad,Mutayapally,17.888368007781143,77.8263509224452,4.666591636401087,Post-monsoon 2020,,8..05,1394.2191393002786,892.30026268844,13.382708777558818,260.70564530599665,256.6417990556303,1.4282356274626988,84.6013661644453,26.77205240858407,131.68558207192655,31.94891836237612,90.23228651580199,40.65067885651961,391.73870633264653,2.274791274363139,C3S1,-2.4071470267154798,P.S.
1094,HYDERABAD,Bansawada,Juvinile home,15.98847763163363,78.62672302099611,5.824151001671681,Post-monsoon 2020,,8.47,1093.936489205653,700.1193456088505,28.290408460654525,381.35466941929184,102.35568199396847,2.0964676598394982,32.960269837498046,32.719415944628565,208.0590948891366,30.176635984057505,0.0,36.758800518617704,76.70675459653546,4.279095315668881,C4S1,6.6716287525290685,P.S.
1192,NIZAMABAD,Choppadandi,Kothapalli,17.536393508893806,79.37634801093172,13.42647212911259,Post-monsoon 2020,,8.56,0.0,0.0,26.224184306270775,113.16458394592794,0.0,0.8984594807737586,30.940699036328134,0.0,0.0,17.868994515269097,20.944825519947614,0.0,31.01959523223121,0.0,C4S1,2.2395761501424762,P.S.
156,MEDAK,Toopran,Islampur,17.8772,78.4746,1.85,Post-monsoon 2020,,7.22,1734.0,1109.76,0.0,310.0,320.0,1.36,79.722,24.25,103.81,1.71,160.0,58.344,639.9013158,1.7842465,C3S1,-6.598026316,P.S.
334,VIKARABAD,Parigi,Parigi,17.18,77.88,12.1,Post-monsoon 2020,,6.47,654.0,418.56,0.0,170.0,80.0,0.35,45.0,14.0,34.0,1.6,48.0,34.034,259.9424342,0.91687998,C2S1,-1.798848684,P.S.
99,KHAMMAM,Khammam(U),Khammam I,17.2333,80.1333,0.5,Post-monsoon 2020,,7.02,525.0,336.0,0.0,180.0,50.0,0.77,1.55015,9.5,56.0,3.47,24.0,19.448,139.9671053,2.058008673,C2S1,0.800657895,P.S.
490,YADADRI,Sircilla,Yanampally,17.101145590582988,78.84646735830988,0.0,Post-monsoon 2020,,7.26,1761.543839478446,1127.3880519865666,7.573830300808476,262.31943796804387,317.76125794355045,0.0,153.24986902569202,10.131035853659668,107.42895147826366,9.289725336028393,99.28261321690815,91.6211210794844,622.3888156235232,2.108583342619036,C4S1,-7.001138671970775,P.S.
289,RANGAREDDY,Shankarpalli,Shankarpalli,17.453,78.131,7.89,Post-monsoon 2020,,7.67,1568.0,1003.52,0.0,260.0,240.0,0.48,186.018,20.5,60.15,1.88,152.0,63.206,639.8930921,1.033841794,C3S1,-7.597861842,P.S.
273,RANGAREDDY,Chevella,Alur,17.324,78.064,3.98,Post-monsoon 2020,,8.18,672.0,430.08,0.0,100.0,130.0,2.51,19.4876,13.0,81.0,3.11,40.0,9.724,139.9835526,2.976587662,C2S1,-0.799671053,P.S.
1016,WANAPARTHY,Khammam(U),Kulsanapur,17.122199119935697,78.31193116475067,2.0612925191450926,Post-monsoon 2020,,8.01,2051.2868555465866,1312.8235691925029,12.8043593084826,197.70330880238149,516.862971737122,2.0782090851787887,194.62388730602387,0.0,210.21274631661169,0.0,136.32532425523468,50.67432060954199,550.1887449105321,4.083675572527783,C3S1,-6.7974928386817055,P.S.
16,BHADRADRI,Gundala,Kanchanapalli,17.79,80.42,1.18,Post-monsoon 2020,,8.24,805.0,515.2,0.0,150.0,80.0,0.211,140.17785,14.0,20.9,72.36,72.0,19.448,259.9671053,0.563584773,C3S1,-2.199342105,P.S.
1068,SIDDIPET,Hanamkonda,Chandampet,18.78936314767,78.24605189349094,10.86459914395038,Post-monsoon 2020,,8.1,373.28590222413027,238.9030211394106,0.0,305.02294352658,0.0,1.306723628083251,0.0,6.703957627365394,0.0,0.0,16.502249244612116,40.65454000359507,207.3336642339015,0.0,C4S1,1.8869848477801763,P.S.
1204,SIRCILLA,Morthad,B.Pochampalli,17.099744024911132,79.92055220030363,4.450806800622085,Post-monsoon 2020,,7.67,2022.9194796275942,1294.668518720682,11.653666482152275,388.2461747764097,346.0504591296875,1.133581931419425,140.80576689045935,44.22710465821843,195.54997789718163,36.16293221808053,103.54795694783692,78.13963978589894,581.652198510168,4.062466868291314,C2S1,-3.6873295970899957,P.S.
131,MAHABUBNAGAR,Koilkonda,Dammaipally,16.759993,77.89946,1.28,Post-monsoon 2020,,8.6,491.0,314.24,50.0,140.0,50.0,0.62,7.04211,7.0,44.0,2.76,56.0,9.724,179.9835526,1.42596357,C2S1,0.200328947,P.S.
968,NALGONDA,Maredpally,Alugunur,18.438796822405262,79.29699141481717,5.6124533703784385,Post-monsoon 2020,,8.11,313.141386765016,200.41052328248907,14.10053107481369,246.05149270271426,18.49410192299044,0.0,0.0,0.0,0.0,3.2962720344868233,92.55713614952022,20.505278465199886,314.66242890027587,0.0,C3S1,-0.998174433263683,P.S.
670,WARANGAL (R) ,Mandamarri,Ramanapet,18.38660801171371,79.15000289082352,13.500222954275202,Post-monsoon 2020,,8.18,656.0847067560363,419.8942046911509,0.0,168.92143376692385,0.0,1.2222692049193102,188.63122410370698,16.78916025147145,47.11664155236615,30.24701133267886,106.9870517280199,0.0,219.98549036638357,2.7814471902976012,C3S1,-1.006958959811509,P.S.
996,MEDAK,Mirdoddi,Jaipur,16.569772143033003,77.9682101390557,0.05433579969110447,Post-monsoon 2020,,8.15,1668.4285366897775,1067.7942329310379,9.028374737464587,358.9041523991906,191.84301066246155,1.93826584824316,154.3798864274992,55.04682120266089,172.49253899374366,13.726951857649599,64.94973462649777,70.3769747638367,452.5346295106978,3.9520055126200067,C2S1,-1.6668340957368764,P.S.
201,NALGONDA,Gurrampode,Koppole,16.914619,79.146882,0.94,Post-monsoon 2020,,8.11,508.0,325.12,0.0,120.0,100.0,0.27,23.20796,16.0,44.0,2.58,40.0,24.31,199.9588816,1.352865093,C2S1,-1.599177632,P.S.
676,KHAMMAM,Torrur,Neelwai,17.212879535033036,79.49551184652054,6.147023031665869,Post-monsoon 2020,,8.01,577.0789043286095,369.3305006646241,0.0,251.75361572412135,81.93918104954032,1.8624959554394256,0.0,2.4564208098905844,28.857659349938487,0.0,10.979484668077774,48.375840604369024,227.11869514843167,3.3605607597530573,C3S1,0.39366378866944585,P.S.
917,SIDDIPET,Vailpoor,Juvinile home,18.725028704517246,78.14602845007255,8.69786933181177,Post-monsoon 2020,,7.73,168.20586057022638,107.65170050744518,9.388280873664318,595.1609927536617,0.0,1.5827456324510805,0.0,46.020109124157656,31.6678519747623,21.956846171856608,8.994482032441397,1.787269214793703,28.710613336568315,2.5136193820678523,C2S1,11.600332373375625,P.S.
337,VIKARABAD,Tandur,Tandur,17.251,77.591,2.55,Post-monsoon 2020,,7.01,1705.0,1091.2,0.0,300.0,350.0,1.58,34.0,7.0,196.0,1.9,104.0,38.896,419.9342105,4.15850863,C3S1,-2.398684211,P.S.
417,VIKARABAD,Veldanda,Nakrekal,18.076869973773444,79.02992610570641,3.0878194874193823,Post-monsoon 2020,,7.69,3073.872347155112,1967.278314557215,0.0,277.17643459034895,622.6030154214918,0.6279535499966953,362.2995799028291,32.26070206438203,282.18350681143613,62.575136194538764,176.7771801343849,88.6553240658682,806.9950436412087,4.0210318761301185,C3S1,-10.886055719657277,P.S.
157,MEDAK,Toopran,Toopran,17.8413,78.4775,4.55,Post-monsoon 2020,,7.16,1837.0,1175.68,0.0,330.0,340.0,0.49,85.0368,22.5,105.87,3.08,200.0,43.758,679.9259868,1.765282667,C3S1,-6.998519737,P.S.
769,VIKARABAD,Lingala ghanpur,Neelwai,17.300830676581455,78.99407668134207,8.646939741025697,Post-monsoon 2020,,6.28,2515.657983815702,1610.0211306574947,0.0,270.58410466800694,566.7833392309832,0.09349109615751316,97.50688667271805,0.0,165.82151425667564,27.118312297827195,167.98282169913347,75.75779641394628,730.7250099251555,1.4390128648848288,C2S1,-9.396870134774092,P.S.
602,MEDAK,Bachannapet,M.V.Palem,18.222489990575117,78.39759801407898,3.298927372006253,Post-monsoon 2020,,8.11,526.3605563233625,336.87080269729086,35.69047796870396,386.4582688846232,0.0,2.5545090715182757,0.0,3.1560403386943143,133.98186808681027,43.565760948170016,0.0,37.37015426244309,0.0,6.298845083265465,C3S1,8.49686308645364,P.S.
292,SANGAREDDY,Andole,Jogipet,17.835805,78.072972,18.55,Post-monsoon 2020,,7.5,1691.0,1082.24,0.0,420.0,230.0,0.725,81.9365,19.0,137.0,2.22,128.0,53.482,539.9095395,2.56349356,C3S1,-2.398190789,P.S.
148,MEDAK,Papannapet,Papannapet,18.04217,78.085354,5.25,Post-monsoon 2020,,7.35,1301.0,832.64,0.0,500.0,80.0,0.68,39.01949,26.0,51.3,1.87,104.0,72.93,559.8766447,0.942634549,C3S1,-1.197532895,P.S.
3,ADILABAD,Gudihatnoor,Gudihatnoor,19.525555,78.512222,5.05,Post-monsoon 2020,,8.21,745.0,476.8,0.0,240.0,70.0,0.49,41.47154545,10.5,65.0,3.0,16.0,48.62,239.9177632,1.824543906,C2S1,0.001644737,P.S.
1051,BHUPALPALLY,Gambhiraopet,Narasapur,17.375846000142854,80.41610150107705,2.7786464499164722,Post-monsoon 2020,,7.98,1156.2783343755957,740.0180848771013,28.75851100530604,416.2964790855602,15.306378219984936,2.392670345559254,207.44606495085856,0.0,173.44830856806308,22.7653394902027,18.978573518302653,29.318598273748332,168.9283939993714,8.349057735830474,C2S1,5.530124777080841,P.S.
1151,SANGAREDDY,Sathupalli,Akkenepally,15.490832658187577,77.98237545059186,5.524727216724047,Post-monsoon 2020,,7.96,2062.262259807525,1319.8478462217056,6.5876083113365445,438.7922781893693,340.00281769517255,1.7031302607961183,108.03191868150144,16.207334540418916,363.8855662096827,7.6798612170654135,9.369687350837054,58.46877981477657,264.476530202135,7.9786253700550915,C3S1,3.6529681105647875,P.S.
1040,BHADRADRI,Farooqnagar,Chandraingutta,16.520027400674085,78.5964973798414,4.668054922901134,Post-monsoon 2020,,8.05,1951.2691686949838,1248.8122508289905,4.564440450073388,517.5436588966102,242.8653611364806,1.5885444191718738,50.13079885506739,70.87169865268517,173.3363413219181,0.6505452163442964,139.18040734922562,51.36686894851298,557.8190446900048,3.931315944498638,C3S1,-0.7400944029040208,P.S.
1165,VIKARABAD,Burgampad,Chennur I,17.173980926653186,78.57363975217997,7.6530170064581045,Post-monsoon 2020,,7.8,1027.681881121043,657.7163881683665,0.0,30.88004658395323,275.112565184054,0.0,199.27203000341643,0.0,14.446804316627862,1.0735683752737764,72.9103074980571,66.78813046545623,454.13260678135345,0.0,C3S1,-8.450238460975815,P.S.
213,NALGONDA,Nalgonda,S L B C G V guda,17.060183,79.300907,1.08,Post-monsoon 2020,,7.47,1320.0,844.8,0.0,270.0,240.0,0.64,36.920144,19.0,55.96,1.45,136.0,48.62,539.9177632,1.047094942,C3S1,-5.398355263,P.S.
1205,NALGONDA,Marriguda,Gavvalapalli,17.64088900035992,77.74903711441844,2.7275736503033134,Post-monsoon 2020,,7.05,1600.9781099771692,1024.6259828124073,0.0,145.72393747462468,365.6286517904331,0.0,130.30049845073836,46.92296649364294,49.51390446545051,0.0,121.88226467563263,94.74463276611857,692.1300494548876,0.5628772759939564,C2S1,-10.97818875791256,U.S.
617,JAGITYAL,Eturu Nagaram,Anumula,16.79607817523813,80.25075493208993,3.8028997827643627,Post-monsoon 2020,,8.21,1472.7598343611792,942.5663288832121,12.79431047745644,415.7038450929993,179.48982865223925,0.8758476387770461,68.6374906970713,0.0,143.45856133688153,34.239664299834786,43.020502703318265,73.97251756003607,412.16279515382803,2.974115995077499,C3S1,0.2770858989571985,P.S.
445,SIDDIPET,Maddur,Nuthankal,17.871472146199846,80.00475711884641,0.33968371487357985,Post-monsoon 2020,,8.7,1520.9444022384005,973.4044094687156,25.29507060892652,396.12944461844097,178.10151360627685,0.6385929465166289,97.43602138343388,0.0,123.53158296093139,6.268411186792539,98.95074938260268,56.02664876099604,477.8612461014784,3.4472101741694057,C3S1,-1.1708337463487928,P.S.
699,ADILABAD,Gurrampode,Khammam I,18.592301055476963,79.46151939128778,5.828345088500318,Post-monsoon 2020,,8.4,924.5635142076974,591.7206625428528,5.069425710614348,334.9468227759121,104.51925084530625,0.9116695204219848,0.0,10.03583757334166,106.22551627211811,0.0,78.18795304685185,32.099298232556734,328.20109046640505,3.0968311629627627,C3S1,0.22255246063804712,P.S.
374,YADADRI,Ramannapet,Ramanapet,17.283121,79.095091,3.9,Post-monsoon 2020,,8.7,599.0,383.36,30.0,150.0,70.0,0.58,52.52794,12.0,36.94,1.22,40.0,38.896,259.9342105,0.99617889,C2S1,-1.598684211,P.S.
970,NALGONDA,Lingampet,Gopalpet,17.345223889285027,78.93247919480089,2.365069155747002,Post-monsoon 2020,,7.38,530.2110305550367,339.335082655472,0.0,163.7311122433813,20.67795884121682,1.135754296171161,61.2694753752091,9.750017129494704,33.631788952137526,25.36338772308153,85.45449704360936,0.0,129.58310134080875,0.7829017034753487,C3S1,0.6231178493054577,P.S.
199,NALGONDA,Gundlapally,Vavikole,16.675791,78.76505,5.2,Post-monsoon 2020,,8.11,2967.0,1898.88,0.0,1070.0,240.0,2.82,13.10984,21.0,599.0,5.6,24.0,24.31,159.9588816,20.59182349,C4S4,18.20082237,U.S.
503,KUMURAM BHEEM,Moinabad,Jogipet,17.721002913429196,78.81862004840568,4.000082388557191,Post-monsoon 2020,,7.72,3930.578212596072,2515.570056491724,0.0,141.97753741607326,1035.3790181080462,0.0,252.88031793020048,68.34956132890031,236.7433685289052,33.23305215568664,306.2919371830138,146.54515515874238,1367.8673650669837,0.0,C2S1,-24.68887736618226,P.S.
14,BHADRADRI,Chandrugonda,Ravikampadu,17.3986,80.6106,3.4,Post-monsoon 2020,,8.17,3666.0,2346.24,0.0,660.0,480.0,0.346,535.909,49.0,396.6,3.9,56.0,204.204,979.6546053,5.509198006,C4S2,-6.393092105,P.S.
1203,NIZAMABAD,Narayanpet,Ramadugu,18.009012708025544,78.68270296850963,20.83412356858999,Post-monsoon 2020,,7.09,1120.2597303664502,716.9662437587964,0.0,320.56778040587784,192.6933237228049,0.6007670663645281,0.0,1.879381374667755,60.701534020276995,10.856243124621034,96.38454777265675,41.29981417184005,412.8028015281645,1.561369480973577,C4S1,-2.133225055180641,P.S.
556,NAGARKURNOOL,Yacharam,Reddypet,18.610992736445205,78.31705435412589,4.981541954278936,Post-monsoon 2020,,7.96,1873.7967353280824,1199.2299140742666,0.0,316.3069125419272,227.4186120603952,0.5395014812331922,178.54193700400788,94.72410367611315,34.51968504885771,17.914357374729565,269.40728035861736,41.60435087805149,843.6719964918527,0.6925778440775008,C3S1,-10.73374079624467,P.S.
1176,RANGAREDDY,Rajapet,Alugunur,18.267750210720607,79.22134460923266,5.281665062379172,Post-monsoon 2020,,8,0.0,0.0,0.0,97.68479343851692,0.0,0.4833435146093875,0.0,0.0,0.0,1.877625541855033,26.992102418943958,0.0,0.0,0.01702581114314583,C3S1,1.9407646100113962,P.S.
1045,MAHABUBNAGAR,Shamshabad,Sangem,18.860872126886157,78.89797318588417,14.880252199946238,Post-monsoon 2020,,7.74,955.3896926438085,611.4493957275214,0.0,382.15364598771146,91.52044206460934,1.417902409662632,0.0,53.20747130713399,131.29505981787017,0.0,69.90803950095614,31.93762703182517,303.62234792858123,3.854302502698377,C3S1,1.4055829830561648,P.S.
855,KHAMMAM,Nellikudur,Yacharam,18.848822214749365,79.96884002923797,6.605247574287522,Post-monsoon 2020,,7.54,1364.4251029383329,873.2320789830919,5.903722438155172,366.41290464509103,145.52230651512096,1.3665117523765304,94.04649373229097,2.402686685933336,42.556672082059805,11.605186743742593,92.84308267470755,100.31716573239034,643.8479844194092,0.4049054094238844,C4S1,-5.397164277918291,U.S.
1043,MAHABUBABAD,Morthad,Parvathagiri,17.83575810026454,77.92916229268235,5.495244724691105,Post-monsoon 2020,,7.92,69.17227114811271,44.27029439012654,0.0,64.10770249603007,0.0,0.0,23.907009238416897,4.271918655419242,0.0,0.0,160.0577297479644,0.0,356.67200811982246,0.0,C3S1,-5.968022106080124,P.S.
495,VIKARABAD,Gambhiraopet,Narmal,17.46587491593795,79.46194016406301,6.565431897402965,Post-monsoon 2020,,8.33,1440.2411651853106,921.7543695114398,16.664527597694367,44.70206143590809,324.351413527401,0.2618989628771047,54.05652224348006,85.78425904620549,36.4103320373099,0.0,143.87455437709434,71.2653603221957,651.5632371269353,0.01422196332493808,C3S1,-11.813034619917413,P.S.
377,YADADRI,Valigonda,T. somaram,17.399953,78.95229,1.72,Post-monsoon 2020,,8.77,1115.0,713.6,20.0,180.0,220.0,0.34,44.20142,15.0,60.44,3.04,80.0,53.482,419.9095395,1.282385944,C3S1,-4.398190789,P.S.
360,WARANGAL (U),Hanamkonda,Hanumkonda,18.0008,79.5577,4.38,Post-monsoon 2020,,8.05,761.0,487.04,0.0,190.0,90.0,1.63,53.75195455,17.5,72.0,6.0,48.0,24.31,219.9588816,2.110735959,C3S1,-0.599177632,P.S.
1190,SIRCILLA,Bomraspet,Seetarampuram,18.208446801484293,78.55190315424873,15.153359835896172,Post-monsoon 2020,,8.27,1668.0136824013325,1067.52876205759,0.0,422.45509531030075,264.87733710204486,2.252131921026783,0.0,31.92463407954059,114.98599594696775,0.0,230.1823044131761,8.474471624341703,610.554870958262,2.123022243345709,C3S1,-3.8620619933696485,P.S.
186,NALGONDA,Advidevulapally,Ulsaipalem,16.706822,79.499703,0.32,Post-monsoon 2020,,8.16,1079.0,690.56,0.0,340.0,110.0,1.52,14.03993,22.0,101.0,0.9,64.0,38.896,319.9342105,2.455066142,C3S1,0.401315789,P.S.
59,JOGULAMBA(GADWAL),Dharoor,Dharoor,16.224385,77.678908,2.4,Post-monsoon 2020,,7.65,2134.0,1365.76,0.0,280.0,400.0,0.39,173.1739,63.0,86.0,7.0,232.0,68.068,859.8848684,1.275118251,C3S1,-11.59769737,P.S.
274,RANGAREDDY,Amangal,Amangal,16.8442,78.5425,3.07,Post-monsoon 2020,,8,2558.0,1637.12,0.0,410.0,510.0,0.48,89.15577,38.0,226.0,13.7,144.0,87.516,719.8519737,3.662342892,C4S1,-6.197039474,P.S.
1046,NALGONDA,Yalal,P.Kondaram,16.499742939644346,77.12423491021025,1.4378762049585827,Post-monsoon 2020,,7.09,2221.482348980675,1421.7486504255792,6.694150530385452,195.44617874046278,416.0400449305034,0.236991671147176,319.59443594336983,39.42098070756155,127.49160089099146,49.48726187740677,189.83731030279023,71.27926957066741,769.465475886704,2.486386455095909,C2S1,-11.300558173593044,MR
555,MEDAK,Narasapur,Bansawada,17.86892856753007,79.76265972259748,5.314624583394445,Post-monsoon 2020,,7.51,0.0,0.0,16.71324563208818,311.89804223237326,0.0,1.1254602731361998,0.0,5.86949023888911,0.0,0.0,26.051269139503987,0.0,0.0,2.3236153409244222,C4S1,8.567146200432449,P.S.
680,JAGITYAL,Atmakur,Thipparthy,18.571289524577235,80.69207734743586,4.786513141252015,Post-monsoon 2020,,8.01,1850.4179534662971,1184.2674907525384,3.3769624960208406,274.75397550270833,375.4131431810964,1.3976165443298272,56.595134712989605,42.233918379414774,59.891686445135676,6.745168237751953,134.5414512972253,120.23478558515512,828.7197281409739,1.043552035563843,C3S1,-11.056441666175902,P.S.
864,VIKARABAD,Ameerpet,Zafergad,17.786720597865628,78.08773229167821,4.735109739829982,Post-monsoon 2020,,7.45,1856.4206860360823,1188.1092685091478,11.82729203257119,184.42601402693782,341.8800032061315,0.4432031893198982,301.2195996359311,0.0,175.2664882278477,67.24185121533964,33.29072961724462,84.20310526458962,429.8552423829174,2.5078519914340145,C2S1,-4.658865759696067,P.S.
339,VIKARABAD,Yalal,Yalal,17.2,77.64,8.6,Post-monsoon 2020,,7.02,552.0,353.28,0.0,180.0,40.0,2.01,30.0,11.0,17.0,0.68,64.0,19.448,239.9671053,0.477139344,C2S1,-1.199342105,P.S.
820,KAMAREDDY,Narasapur,D.Malkapur,17.32040860084849,79.2838596384996,10.434709778293186,Post-monsoon 2020,,7.8,2152.068403734771,1377.3237618591102,29.73796897880986,517.7990369294489,281.39231169375694,2.0786899937238665,118.87195375197427,0.0,303.5306517393491,9.075735396972526,70.83602729015854,59.79594842637468,420.9835959290403,8.316775453426166,C2S1,2.5259141789127386,P.S.
463,BHADRADRI,Yellandu,Rajapet,17.273973953576963,77.49315941723717,8.919788010645284,Post-monsoon 2020,,7.44,0.0,0.0,40.50100277252028,386.8888961304105,0.0,2.102104472811739,0.0,52.61523387343178,53.057678692001545,0.0,33.57142770055084,0.0,0.0,5.274250339975027,C2S1,10.6019706996538,P.S.
683,NALGONDA,Bandlaguda,Rangampet,18.35918084410416,78.72210240950827,16.749932511008883,Post-monsoon 2020,,7.98,1163.4754918208666,744.6243071911707,0.0,275.33065324232706,247.6712493940539,0.12247000397670815,0.0,63.963301607009655,37.0503298369664,0.0,95.58048156924912,74.65363636728911,544.6433978023908,0.0,C2S1,-5.6460001885715325,MR
528,BHADRADRI,Metpalli,Meerkhanpally,16.697287956341793,77.7009706353988,5.944209588994904,Post-monsoon 2020,,8.64,1757.8084351923121,1124.997400572976,18.914112272866376,251.40192581978368,285.81605297872926,0.41407819384888767,114.34642692239842,38.3377228019319,93.51562234110472,0.0,117.82847501748103,86.16163206650978,648.332044628602,0.39784851004033817,C3S2,-7.538485367473884,P.S.
1062,SIDDIPET,Yacharam,Mupkal,18.97247711144882,78.90288294103578,9.007080629668312,Post-monsoon 2020,,7.69,716.2860160566718,458.4230687858412,0.0,226.09900692544102,144.36296434479078,0.7635047827452773,0.0,1.0118963125728264,0.0,0.0,81.193958403136,34.4874486020542,344.9339796394332,0.0,C3S1,-2.3698406487602868,P.S.
413,NARAYANPET,Basheerabad,Vemsur,17.548295131457618,77.95817609376508,12.79865550199799,Post-monsoon 2020,,8.7,2172.2278332144356,1390.2258174775268,0.0,362.6972220619546,335.1466608826033,0.0,134.5603081847505,117.88514185469748,139.6765479389837,3.794380958105534,176.86432814600127,77.9547824414462,764.4229590670752,1.905521955100684,C3S1,-8.30675354845485,P.S.
259,NIZAMABAD,Nandipet,Velmal,18.831,78.143,4.86,Post-monsoon 2020,,7.4,1578.0,1009.92,0.0,340.0,270.0,0.64,14.1728,40.25,140.0,1.8,168.0,14.586,479.9753289,2.77837423,C3S1,-2.799506579,P.S.
1001,VIKARABAD,Telkapally,Amangal,17.1435340034779,77.68082316207504,14.020552746010416,Post-monsoon 2020,,7.84,2831.2362470162275,1811.9911854185925,0.0,297.7861584406105,552.8678434587137,0.7540391083171318,260.73891320769656,92.95651402290042,170.1774145852128,14.566854641231807,338.5906944972251,47.29649087750465,1041.7632150752254,3.1171051696213485,C4S2,-14.910411418616338,P.S.
739,SIRCILLA,Chandur,Uppununthala,17.547184780409474,77.68642217804505,6.667912854539556,Post-monsoon 2020,,8.64,1511.2023563651078,967.1694734876135,17.948128524273116,204.7884720486269,284.0984384459494,0.6501597020398466,222.6499298831555,36.64919812306488,215.8528687120938,26.337389347311547,43.300344597204656,40.006605604984884,272.12610867299793,5.215435393644833,C3S1,-1.0140881420522945,P.S.
401,BHUPALPALLY,Duggondi,Yenugonda,18.110699598992007,77.14307614898856,7.871382084981979,Post-monsoon 2020,,7.29,885.7517787223658,566.8811842758721,6.716675850183771,246.50210892100023,161.88852242462292,1.5946463345285888,0.0,63.133252691954574,140.2282239422907,0.0,99.59656132330998,0.0,194.93748280058526,2.136505450386451,C3S1,1.1352165565280838,U.S.
137,MANCHERIAL,Chennur,Chennur I,18.852222,79.780222,5.38,Post-monsoon 2020,,8.02,771.0,493.44,0.0,280.0,100.0,0.85,10.66986364,11.5,75.0,4.0,96.0,9.724,279.9835526,1.948799535,C3S1,0.000328947,P.S.
745,MAHABUBNAGAR,Bomraspet,Chandampet,16.9662894695709,79.56824318653314,13.139839393493352,Post-monsoon 2020,,8.21,2151.609387259363,1377.0299969326336,29.55309130902309,342.90494347683904,368.0025920087411,0.0479395432733809,246.56118678513562,59.46916951011944,235.2628889981634,29.103222064596377,43.242386768103,117.34350041464987,589.4296348850858,3.8201269250673087,C3S1,-4.385937272749486,P.S.
135,MAHABUBNAGAR,Nawabpet,Nawabpet,16.888,78.0239,4.18,Post-monsoon 2020,,8.42,1566.0,1002.24,30.0,150.0,370.0,0.85,34.1033,28.0,182.0,5.2,72.0,43.758,359.9259868,4.170968884,C3S1,-3.598519737,P.S.
927,NAGARKURNOOL,Dummugudem,Velmal,18.083286652288013,78.51772405960348,1.974825879855218,Post-monsoon 2020,,7.8,2814.074504082014,1801.0077046160459,0.0,471.77541622353726,479.1862376022146,2.0104900806924713,209.94246089336437,66.18252217540805,328.62854382788726,40.42255230874905,98.56150218504185,91.38787303025317,621.5612345870898,9.264005945816816,C3S1,-3.088330179982111,P.S.
740,JOGULAMBA(GADWAL),Shahbad,Anumula,17.311444991657837,76.70905187500998,5.980132863730092,Post-monsoon 2020,,7.88,1632.182569454947,1044.5968172051832,2.4792352817495167,344.7007273221365,246.4774614027716,2.199311343792777,91.5697586210593,14.150555438990507,159.05053444302092,22.088657909642315,121.6371663767218,35.528258469353375,450.703447544313,4.7593042221174295,C4S2,-1.9958517263262285,P.S.
291,RANGAREDDY,Yacharam,Yacharam,17.05,78.67,7.01,Post-monsoon 2020,,7.93,1027.0,657.28,0.0,400.0,60.0,2.11,26.574,14.25,42.8,3.55,120.0,29.172,419.9506579,0.908064714,C3S1,-0.399013158,P.S.
1096,VIKARABAD,Rajapet,Velgatur,17.27435831763126,77.86536795380559,9.827532128006961,Post-monsoon 2020,,8.18,752.414923124199,481.5454930900688,11.64055227082108,127.1318485441519,139.9116810568039,0.0,94.79991166073404,0.0,0.0,0.0,145.93128924275646,12.82937664239428,417.0749887207141,0.0,C3S1,-5.543049131786714,P.S.
308,SIDDIPET,Raipole,Raipole,17.9256,78.6181,8.44,Post-monsoon 2020,,7.87,603.0,385.92,0.0,230.0,40.0,1.03,41.6326,7.5,29.6,3.4,40.0,38.896,259.9342105,0.798237551,C2S1,-0.598684211,P.S.
55,JANGAON,Palakurthi,Palakurthi,17.6691,79.4225,4.3,Post-monsoon 2020,,7.4,736.0,471.04,0.0,340.0,60.0,1.11,0.805272727,5.75,110.0,4.0,48.0,24.31,219.9753289,3.224735494,C2S1,2.400822368,MR
231,NARAYANPET,Narva,Narva,16.4706,77.6567,7.63,Post-monsoon 2020,,8.19,799.0,511.36,0.0,380.0,10.0,1.92,16.3873,8.75,96.96,2.14,40.0,24.31,199.9588816,2.981222713,C3S1,3.600822368,U.S.
132,MAHABUBNAGAR,Mahabubnagar (R) ,Kodur,16.68,77.924,6.03,Post-monsoon 2020,,8.32,1349.0,863.36,10.0,300.0,190.0,1.06,81.0507,17.0,164.0,7.9,56.0,38.896,299.9342105,4.117209914,C3S1,0.201315789,P.S.
24,BHADRADRI,Yellandu,Komararam,17.71,80.32,1.14,Post-monsoon 2020,,8.1,647.0,414.08,0.0,260.0,20.0,2.53,15.802672,10.0,10.48,14.43,72.0,24.31,279.9588816,0.272324253,C2S1,-0.399177632,P.S.
181,NAGARKURNOOL,Nagarkurnool,Nagarkurnool,16.491743,78.302619,8.62,Post-monsoon 2020,,7,2592.0,1658.88,0.0,330.0,460.0,0.75,349.0052,29.0,181.0,2.0,64.0,170.17,859.7121711,2.683948642,C4S1,-10.59424342,P.S.
808,WARANGAL (R) ,Waddepalli,Neradigonda,17.142710361563488,77.76185112111187,8.441718538658238,Post-monsoon 2020,,7.74,679.0926671322757,434.6193150254851,9.864377165540384,223.97308264875926,81.86222916797347,0.39970318026523466,0.0,0.0,0.0,0.0,131.35184552088464,24.096190452027358,425.85178195688326,0.0,C4S1,-3.735009851555473,P.S.
485,SURYAPET,Kesamudram,Usrikapally,16.806468983009974,79.01794444345735,6.1683442705569345,Post-monsoon 2020,,8.3,2633.943770979692,1685.7240395811853,9.113499293141968,371.7816410050453,363.4236282765323,1.235723734709922,235.36843854121415,146.06247440451497,276.4956345448692,43.062949851325726,150.80550927448638,73.80531122599515,682.6455779054861,4.907770314720046,C3S1,-6.066403918787373,P.S.
1058,KHAMMAM,Balanagar,Aswapuram,17.100609146016954,79.75850369237759,0.0,Post-monsoon 2020,,8,2514.9517450709886,1609.5691164301243,11.661993386516084,409.57981405324995,451.26541569485323,1.8149443951604798,203.0175286549155,36.239416323739945,258.10556404318936,11.800311477343318,52.7604721861585,140.79230193555173,710.8802370718042,6.365701988469187,C3S1,-5.767422228672414,P.S.
850,NIRMAL,Pebbair,Velmal,16.096085597478606,79.46657156226156,4.641649493670315,Post-monsoon 2020,,8.47,2229.4808058965637,1426.8677025615557,10.613682232735258,454.5147428872709,369.5941416564074,1.0768075787615443,224.58695537697244,0.0,201.89168763309362,17.969751063407166,124.50988240867736,75.2916461021357,622.9747154918088,4.446646895244955,C3S1,-3.1022818425241883,P.S.
1024,JAGITYAL,Asifnagar,Pudur,17.812267344406365,78.40877696030667,6.247356101926695,Post-monsoon 2020,,8.17,955.1351970862711,611.2865330094276,6.0938131151824315,305.59833258890666,63.811018845606725,0.9024377791482545,5.542993542137836,76.37763862362098,42.634683279976855,54.26094792648418,98.61944551652076,35.244464184241494,390.222691749202,1.7780930803012698,C4S2,-1.6249954049538822,P.S.
525,RANGAREDDY,Kadam,Balanagar 1,17.34953218705836,79.59816735913819,0.0,Post-monsoon 2020,,8.42,1301.5154670200425,832.969910839062,5.89378216494079,409.26934206567506,67.38574033504801,0.3917265421172079,179.63424332518449,42.62547657682943,272.90149173480023,22.0944706296651,0.0,35.978217791926554,104.0118614643896,6.158492213231714,C3S1,6.177567093500107,P.S.
948,BHADRADRI,Balmur,Uppununthala,18.557576739455424,80.40612246602704,6.368047651335701,Post-monsoon 2020,,7.92,141.0191762516315,90.25233623764848,5.804844575218208,77.23890701631646,0.0,0.0,160.3537538071651,0.0,2.4434140070592463,30.122766566618175,41.26270144759205,0.0,0.0,0.0,C3S1,1.7406597161242048,P.S.
744,WARANGAL (R) ,Khammam(U),Bansawada,17.83353600289528,79.14047357505619,11.31377498846829,Post-monsoon 2020,,7.09,1565.9820840871835,1002.2285086220576,0.0,255.64553921730305,341.850851679033,0.4047445495765881,46.4624425613963,10.487342603605544,72.23991103978776,0.9116656800293708,125.13946383171609,79.43034667377523,639.4555090426694,0.5767921544741617,C3S1,-8.187279456880566,P.S.
457,YADADRI,Shaligowraram,Kowthala,17.42488935255046,79.20173007224084,3.667203667425601,Post-monsoon 2020,,7.4,3347.905136647741,2142.659290307045,0.0,580.1578969548862,581.9294096655408,0.9067984539608163,189.93353346021556,79.36071819001394,388.8689724753125,3.8087292232827323,132.75225246888135,123.73481346945519,840.1378901351163,6.529558263629577,C2S1,-5.60591430294071,P.S.
577,SIDDIPET,Koravi,Kandukur,18.35247143273909,79.82101484219433,5.120522201955788,Post-monsoon 2020,,7.98,0.0,0.0,8.078540053600511,37.76629363878959,0.0,0.08306282589130687,56.62707507417214,0.0,0.0,0.0,30.657916785599838,24.71362975061308,175.6053427594901,0.0,C3S1,-2.6109699889247953,P.S.
155,MEDAK,Tekmal,Tekmal,17.9754,78.0304,9.85,Post-monsoon 2020,,7.45,1282.0,820.48,0.0,470.0,110.0,0.6,21.56923,10.0,79.78,1.07,88.0,63.206,479.8930921,1.583412054,C3S1,-0.197861842,P.S.
86,KAMAREDDY,Rajampet,Argonda,18.234,78.272,3.07,Post-monsoon 2020,,7.5,815.0,521.6,0.0,360.0,30.0,0.85,21.08204,12.0,35.27,1.33,96.0,29.172,359.9506579,0.808269401,C3S1,0.01,P.S.
1117,NALGONDA,Devarkadara,Gadwal,18.17762284383024,79.92697083228914,7.595435931287397,Post-monsoon 2020,,7.44,99.5621894401354,63.719769722276055,0.0,283.0579696177345,0.0,0.0,125.8621242969743,35.46840476020952,0.0,23.60105713745202,0.0,22.837043177138106,85.7773252790119,0.0,C2S1,3.684504654369331,P.S.
715,NARAYANPET,Siddipet,Pegadapalli,19.4592096492558,80.50926097991083,2.384104753171514,Post-monsoon 2020,,8.19,1229.9169453887614,787.1468999510654,15.317721353884371,121.48054870822196,289.0369722945445,0.3561004027264224,29.73291965689637,23.249662252268088,37.612968846239255,41.0115747771483,77.77968055363453,84.26324719938366,540.9572299672683,0.0,C3S1,-8.050507505679644,P.S.
127,MAHABUBNAGAR,CC Kunta,Thirmalapur,16.48271,77.824269,0.52,Post-monsoon 2020,,8.62,884.0,565.76,50.0,250.0,90.0,1.63,3.05601,22.0,135.0,5.9,24.0,24.31,159.9588816,4.640895111,C3S1,2.800822368,U.S.
469,VIKARABAD,Hathnoora,Adilabad,18.45127206009129,78.5718153177493,10.660205896291988,Post-monsoon 2020,,7.99,865.3831682452475,553.8451996496651,11.619395371001133,0.0,223.79936977450845,0.0,100.08361038418161,12.176864669733057,0.0,0.0,104.6784926598053,52.25014099974061,476.0417463445591,0.0,C3S1,-9.367925058559202,P.S.
1072,MEDAK,Tandur,Chinnaporla,18.48752407154227,79.23371740195623,4.469062778392018,Post-monsoon 2020,,7.02,674.583794266527,431.7336515946493,0.0,227.48622827781418,74.77985663416476,0.2880678850348187,36.63457915424824,1.7689314294616025,0.0,0.0,93.34006653442562,43.875391122742755,413.33351801233135,0.0,C2S1,-4.173645041402036,P.S.
605,JOGULAMBA(GADWAL),Nasurullabad,Reddypally,18.151354929592653,79.87585415880753,11.683378126850421,Post-monsoon 2020,,7.78,850.160857285358,544.1029665647679,0.0,337.954567255895,140.92392220366878,1.6585655636425702,15.575611836195904,0.0,89.26063602163845,32.496269631260944,108.50345989789676,9.128748138821898,306.78128709957616,3.6759816678268322,C4S2,0.5040483620092799,P.S.
1126,MAHABUBNAGAR,Ghanpur Mulug,Shivampet,17.855644019815863,77.67350637947472,0.0,Post-monsoon 2020,,7.4,2528.1408315174485,1618.010124840025,7.812070320265992,230.06316447205893,530.8225664571519,1.1617992588425308,194.60883478722053,36.39842688592463,189.91725376094175,0.0,218.58388535432942,77.73629351368609,867.0497482139324,4.251981478166219,C4S1,-12.511125083495859,MR
90,KARIMNAGAR,Choppadandi,Rukmapur,18.5334,79.1461,6.48,Post-monsoon 2020,,8.2,480.0,307.2,0.0,120.0,60.0,0.28,13.287,18.75,34.0,2.0,40.0,14.586,159.9753289,1.168757942,C2S1,-0.799506579,P.S.
30,HYDERABAD,Asifnagar,Himayanagar,17.397638,78.44525,1.8,Post-monsoon 2020,,7.95,443.0,283.52,0.0,150.0,50.0,0.34,2.83456,12.75,30.74,4.73,48.0,9.724,159.9835526,1.056667522,C2S1,-0.199671053,P.S.
509,YADADRI,Rajampet,Kurumurthy,18.60941049823127,78.89354746728111,2.3752872563184346,Post-monsoon 2020,,8.16,979.9305079800279,627.1555126273104,0.126609140315753,146.01715978687542,217.55586825408784,0.4889720382804347,0.0,34.44186457395941,26.585029666393922,0.0,113.85048152065954,42.53311115166239,458.3331479407964,0.0,C4S1,-6.251488466406472,MR
1116,NALGONDA,Chandrugonda,Pasra,18.924960286602428,79.32797154834186,3.4355656276056807,Post-monsoon 2020,,7.93,0.0,0.0,1.4220134084018023,106.41218855194847,0.0,0.5501966836800034,0.0,0.0,0.0,0.0,0.0,18.733555256936008,0.0,0.0,C4S2,3.5045368362094487,P.S.
448,SIRCILLA,Ghanpur Mulug,Alugunur,17.86121078035775,80.26461406739988,1.99801269257578,Post-monsoon 2020,,8.11,2531.7731057094998,1620.3347709594918,12.433418876285906,299.87052261776586,478.4416956110219,1.5371485544357526,246.72283007995,19.336136175432273,205.3907792723053,25.119924340599734,160.36003298677878,78.07208754336806,720.2890968652491,6.072118682695956,C3S1,-8.136573805778527,P.S.
1129,NIZAMABAD,Lingal,Manopad,17.799683987281117,78.20279682986819,11.669537860624743,Post-monsoon 2020,,7.22,1639.0729679488443,1049.0067088246128,11.80514449562267,152.32968612467752,376.51318033539496,0.0,78.85706256902333,108.59483656810383,134.4759563845,3.6187530242499166,97.29650664912943,79.04202707492924,568.6018070128407,0.5875204427807978,C3S1,-8.1112518273522,P.S.
15,BHADRADRI,Dummugudem,Bandirevu,17.92,80.92,2.41,Post-monsoon 2020,,8.56,882.0,564.48,30.0,330.0,30.0,1.54,20.174095,8.0,88.89,0.97,24.0,43.758,239.9259868,2.495091205,C3S1,2.401480263,MR
780,BHADRADRI,Gandhari,Bachapally,18.44117576466407,78.67129690825908,0.0,Post-monsoon 2020,,8.2,1033.3369533820348,661.3356692749161,0.0,131.5505818308642,191.02538282921807,0.5428037536969895,100.30206597781574,6.856153288722808,27.419068418355124,3.311088862972439,119.70696811858728,31.159256398767475,425.89426989099707,0.0,C2S1,-5.882196053422083,P.S.
239,NIRMAL,Lokeswaram,Abdullapur,18.9703,78.0378,6.97,Post-monsoon 2020,,7.81,731.0,467.84,0.0,230.0,90.0,0.38,16.50809091,10.0,64.0,3.0,32.0,38.896,239.9342105,1.796412425,C2S1,-0.198684211,P.S.
874,SURYAPET,P.A Pally,Kodangal,18.099833411554208,79.01256534876168,3.819129344672418,Post-monsoon 2020,,8.4,2835.9137028945306,1814.9847868967138,0.0,357.2021252541872,529.3848618767757,1.564345892733571,146.81982453553948,77.96237326993997,87.08555007110621,0.0,227.431521768695,165.73833843281136,1250.284659139892,0.3375880438264751,C2S1,-17.946471681131577,P.S.
62,JOGULAMBA(GADWAL),Gattu,Gattu,16.1287,77.5757,2.26,Post-monsoon 2020,,7.72,915.0,585.6,0.0,140.0,150.0,0.64,80.1649,35.0,47.0,1.0,112.0,19.448,359.9671053,1.077056818,C3S1,-4.399342105,P.S.
1139,SURYAPET,Jakrampally,Damagnapur,16.318161645836177,79.72061664803941,0.0,Post-monsoon 2020,,8.7,436.12072458296495,279.11725524468125,17.948287073872446,254.1791766582713,0.0,0.14701169176654583,0.0,0.0,0.0,0.0,26.341309747884956,54.98515033400528,292.3131328385266,0.0,C3S1,-0.37337034082557796,P.S.
54,JANGAON,Lingala ghanpur,Lingala ghanpur,17.6591,79.1997,3.18,Post-monsoon 2020,,7.2,1532.0,980.48,0.0,320.0,90.0,0.48,136.6950455,34.5,166.0,57.0,96.0,9.724,280.0,4.313342972,C3S1,0.800328947,P.S.
31,HYDERABAD,Asifnagar,Kulsanapur,17.374,78.437,1.21,Post-monsoon 2020,,8.33,1625.0,1040.0,10.0,370.0,190.0,0.91,162.1014,34.0,193.6,24.9,88.0,38.896,379.9342105,4.318404469,C3S1,0.001315789,P.S.
302,SANGAREDDY,R.C.Puram,R.C.Puram,17.5091,78.3003,21.48,Post-monsoon 2020,,7.61,1246.0,797.44,0.0,390.0,140.0,1.13,12.290475,13.0,79.73,4.26,128.0,29.172,439.9506579,1.652692067,C3S1,-0.999013158,P.S.
332,VIKARABAD,Marpalli,Marpalli,17.529,77.771,12.82,Post-monsoon 2020,,8.79,460.0,294.4,50.0,130.0,20.0,0.24,25.99823,4.0,42.0,2.6,24.0,19.448,139.9671053,1.543506504,C2S1,0.800657895,P.S.
107,KHAMMAM,Thirumalayapalem,Tirumalayapalem,17.317454,80.050896,1.28,Post-monsoon 2020,,8.07,2903.0,1857.92,0.0,270.0,320.0,1.16,797.22,46.0,238.7,8.1,96.0,155.584,879.7368421,3.499034246,C4S1,-12.19473684,P.S.
967,KAMAREDDY,BICHKUNDA,Chepial,18.12141132146104,79.70650562557636,7.977973641579693,Post-monsoon 2020,,7.6,2209.205099984102,1413.8912650986445,0.0,422.4829960783042,450.259719215372,1.48219830835672,0.0,110.79546712555626,224.65261123587044,16.477518214631242,105.96131268440837,96.25460963302524,661.4698493552557,0.49670471198859456,C3S1,-5.095432393974183,P.S.
597,MAHABUBABAD,Kesamudram,Bansawada,18.12858620734155,79.4761041523273,0.879207149302629,Post-monsoon 2020,,8.32,588.5918683736621,376.6988072825277,14.161078452978993,278.38108078606297,6.7169612216681,1.2664409838908073,2.8450810772119866,32.67448426359283,135.5779362233324,21.658514363521377,0.0,27.506554752723215,93.35463362050433,5.574524898201325,C3S1,3.9686961898553563,P.S.
1211,MEDAK,Qutubullapur,Papannapet,17.35264074003012,78.801140492763,3.7203660797257863,Post-monsoon 2020,,7.95,876.9096883809915,561.2221803842255,6.26681206987654,167.59621597788214,130.47233869898633,1.7656813009030128,0.0,47.18882099908696,90.49207917433813,7.723242495319321,64.48392277742886,0.06485471856421299,161.79615613937148,3.099439096888294,C2S1,0.220992531619578,P.S.
447,MAHABUBNAGAR,Ieeza,Rajender Nagar,18.13459477412878,78.11343804914621,0.0,Post-monsoon 2020,,8.04,2079.4599585343885,1330.85437663843,0.8406274491643666,257.74526514276454,383.79419219591944,0.9103718851588236,137.4719592312133,99.96619116367305,254.1090310676442,6.684474146295726,149.51452036757627,21.258717501910795,460.61293847555345,5.392117834422805,C3S1,-4.052300267326303,P.S.
945,NIZAMABAD,Shivampet,Sarangapur,17.628194575360148,77.81455485650166,12.170621273809138,Post-monsoon 2020,,7.73,0.0,0.0,14.64775990655147,169.26378179154338,0.0,0.2770987313091391,0.0,49.54392102008635,0.0,0.0,36.59467835884151,8.681055228382156,128.32327116125646,0.0,C2S1,1.1155691479413714,MR
100,KHAMMAM,Khammam(U),Khammam-II,17.2525,80.1436,0.8,Post-monsoon 2020,,7.67,983.0,629.12,0.0,280.0,130.0,1.15,0.13287,22.75,86.68,5.99,48.0,43.758,299.9259868,2.176125902,C3S1,-0.398519737,P.S.
251,NIZAMABAD,Jakrampally,Jakrampally,18.7072,78.2716,3.72,Post-monsoon 2020,,7.05,760.0,486.4,0.0,300.0,40.0,0.78,13.7299,10.75,37.07,3.08,96.0,14.586,299.9753289,0.930576285,C3S1,0.000493421,P.S.
642,ADILABAD,Sangem,Narnoor,17.144712657269448,78.36279971974231,1.8726411111417463,Post-monsoon 2020,,7.63,1291.974907929402,826.863929577568,0.0,298.7702064317239,252.7216055434837,0.0,27.387701302662578,0.0,0.0,17.931953876005533,231.69962970258103,32.099227607959676,711.5656526700016,0.0,C2S1,-8.299987588858666,P.S.
1155,NALGONDA,Asifnagar,Shankarampet,17.464279319133112,78.50803096865154,2.604999016893053,Post-monsoon 2020,,7.84,1882.6584366962088,1204.9014059060655,7.071166048504776,283.04028025858327,306.45279547916755,0.2625781440816135,51.26063313178149,110.87148930785665,168.46135077243525,0.0,71.3958959530767,104.13273183667013,608.6810213324327,2.7892852825085472,C2S1,-6.365247956171141,P.S.
813,SIRCILLA,Kotagiri,Pagideru,17.904238166148275,77.65739530637538,2.861892999640276,Post-monsoon 2020,,7.97,2974.199229923155,1903.4875221340396,0.0,280.38423240459684,723.7025615219942,1.1913034211445845,171.02465791809425,13.711855523202544,191.36537519766978,18.836423794153347,209.38935534493527,122.51525312120432,1025.5245426255694,0.7088697389487617,C3S3,-14.983970191750892,P.S.
455,MAHABUBABAD,Varni,Mohammadnagar,17.94011715411921,79.46819315182235,3.977405368447883,Post-monsoon 2020,,8.02,1336.821223023989,855.5656125251267,0.0,334.68843406189046,127.01144472285021,0.45160804309712943,222.51411479759318,2.1923702955799023,142.79878131129664,39.97235921325616,78.96929170980277,38.10687652142698,354.7851301246087,1.9514804797586653,C3S1,-0.5557572562718862,P.S.
690,HYDERABAD,Annapureddypalli,Neelahally,17.855519805359457,79.11373068701928,0.0,Post-monsoon 2020,,7.88,1481.6742909437826,948.2715401475206,0.0,213.31709186688465,321.09220499345133,0.5541426122623426,6.026923686687226,32.20970609723733,86.78939765007544,0.02650818779328734,119.96151786789373,72.90144265642482,598.5880701353561,0.4736180803048424,C2S1,-7.792903332329903,P.S.
858,SANGAREDDY,Kathalapur,Vemulawada(rural),18.96397022722178,79.65216794579187,9.744486147390752,Post-monsoon 2020,,8,485.0957756153389,310.4613104075038,21.767094022810227,319.465728492812,0.0,0.2537315692945823,72.31945550020933,0.0,0.0,40.69787822134783,57.7113834964931,26.573030204034378,252.38514830829172,1.4679201168317544,C3S1,1.7142340272232608,MR
622,MEDCHAL,Mothukur,REGELLA,18.55829649083219,78.72197401331667,7.497839028904888,Post-monsoon 2020,,8.62,0.0,0.0,0.0,193.4830092237396,0.0,1.175387550923379,0.0,22.62271001075907,0.0,0.0,0.0,0.0,0.0,0.0,C4S4,7.518649221494838,P.S.
1044,BHADRADRI,Kodangal,Parigi,20.151106667400462,78.4640390608256,3.4315180225828623,Post-monsoon 2020,,8.18,0.0,0.0,4.042148486935048,269.5022637491275,0.0,1.7010276241964806,0.0,0.0,0.0,0.0,0.0,0.0,0.0,3.093070560035344,C4S1,16.437577242763133,MR
639,NALGONDA,Narva,Nawabpet,18.428579013827946,78.52582069309865,8.521353581410384,Post-monsoon 2020,,8.64,939.9321413407126,601.5565695672173,11.44374429627888,334.7870353068023,0.0,1.243148576498034,91.12703890138309,41.05597423530134,61.4413978938773,14.836522859912563,91.42094826722706,32.25494109364802,360.2562324240894,1.2682036194320843,C2S1,-0.2721289751944087,P.S.
1180,SIDDIPET,Gundlapally,Saidapur,18.38853245110002,79.61894933984297,0.0,Post-monsoon 2020,,7.39,1203.2775945055207,770.0977009149334,0.0,250.56176633525837,240.19290644789817,0.43305127664428933,54.56219016666036,0.0,105.19952022184738,0.0,38.767635614835875,63.01210395303006,355.5969999024755,0.9111335258078681,C2S1,-2.306428464199833,MR
151,MEDAK,Shankarampet R,Shankarampet,17.971,78.372,6.65,Post-monsoon 2020,,7.86,3044.0,1948.16,0.0,470.0,550.0,1.01,223.2216,38.75,349.6,2.9,232.0,29.172,699.9506579,5.745262481,C4S1,-4.599013158,P.S.
366,YADADRI,B.Pochampalli,B.Pochampalli,17.336196,78.810768,2.75,Post-monsoon 2020,,8.58,2188.0,1400.32,20.0,410.0,390.0,0.55,54.12238,31.0,122.1,1.4,144.0,111.826,819.8108553,1.854090786,C3S1,-7.796217105,P.S.
932,NAGARKURNOOL,Balmur,Gurrampode,16.883517368526107,77.53623444894647,4.806187295911436,Post-monsoon 2020,,7.77,0.0,0.0,30.87610894099596,270.28815037918343,0.0,1.4346123893354612,0.0,0.0,0.0,0.0,0.0,0.0,0.0,4.349803392064805,C2S1,9.554567426993914,P.S.
480,YADADRI,Narasapur,Velgatur,18.842380683881252,78.5019808955516,12.684574799529079,Post-monsoon 2020,,7.84,263.869571133562,168.87650214235452,0.0,318.9056482697134,0.0,1.2321790418554024,37.25086646925581,24.54400002688375,7.264838364912663,0.0,75.10491907562255,0.0,87.93551563171366,1.5257223008895382,C3S1,4.503400507142112,P.S.
929,NALGONDA,Toopran,Ulsaipalem,17.518601203754727,78.53008749480504,1.2209193759552432,Post-monsoon 2020,,7.74,714.9260910686374,457.55270781504873,34.53428362865552,288.955165948327,0.0,1.5812500391479913,44.35139562811141,34.0330648342527,144.2637629235906,10.94509147314573,27.414392104000527,0.0,40.17582714304035,3.9836630256506314,C2S1,5.782537386756397,P.S.
159,MEDAK,Yeldurthy,Kukunoor,17.9146,78.3208,3.75,Post-monsoon 2020,,7.52,2683.0,1717.12,0.0,400.0,480.0,1.13,221.0071,38.5,118.0,2.43,200.0,131.274,1039.777961,1.591050145,C4S1,-12.79555921,P.S.
438,MULUGU,Manopad,Sarangapur,17.302947540152566,77.67538793375628,8.415504240132012,Post-monsoon 2020,,7.09,1413.1459652170888,904.41339138434,0.0,217.87655342567098,373.6999771480894,0.8658248180218167,0.0,32.51035943125841,114.30053994977001,0.0,160.75635808626896,35.70722420791829,546.5182736503785,1.242994142340267,C3S1,-6.67149328329106,P.S.
364,WARANGAL (U),warangal,Charbowli,17.9819,79.607,1.83,Post-monsoon 2020,,8.28,1030.0,659.2,0.0,280.0,110.0,0.78,58.78490909,22.0,98.0,4.0,48.0,43.758,299.9259868,2.460317702,C3S1,-0.398519737,P.S.
279,RANGAREDDY,Kothur,Kothur,17.1587,78.2879,3.15,Post-monsoon 2020,,7.68,1948.0,1246.72,0.0,250.0,330.0,0.39,245.8095,36.5,202.2,8.4,136.0,38.896,499.9342105,3.931849509,C3S1,-4.998684211,P.S.
978,MEDAK,K-T Doddi,T. somaram,16.02642182216089,79.45268158623726,0.23464297434287396,Post-monsoon 2020,,8.36,415.8768185209233,266.16118479181443,0.0,354.1267756718303,0.0,2.2325704665826196,0.0,8.23242500933079,156.47050876758226,26.508681349599975,0.0,0.0,0.0,5.281099415462714,C3S1,10.008204223953106,MR
221,NALGONDA,Thiparthy,Thipparthy,17.01375,79.418305,0.17,Post-monsoon 2020,,8,1510.0,966.4,0.0,550.0,130.0,1.35,8.4151,10.0,148.9,8.9,56.0,68.068,419.8848684,3.159379164,C3S1,2.602302632,U.S.
123,MAHABUBABAD,Torrur,Torrur,17.5836,79.6611,2.35,Post-monsoon 2020,,8.2,510.0,326.4,0.0,140.0,50.0,0.28,4.831636364,16.25,33.0,1.0,32.0,19.448,159.9671053,1.134411867,C2S1,-0.399342105,P.S.
1093,NARAYANPET,Varni,Ramanapet,17.171755962095464,79.71053662304463,3.538619967201747,Post-monsoon 2020,,7.26,0.0,0.0,8.889074978269166,42.614853132853796,0.0,0.9343500791080217,73.42637349496805,0.0,0.0,26.869864752933026,45.26833992916167,7.551746837204114,143.04693529336805,0.0,C3S1,-1.796917764124073,P.S.
1145,SANGAREDDY,Chevella,Machareddy,17.28304269352969,79.53336417735115,14.824696203863837,Post-monsoon 2020,,7.9,1030.9378589463806,659.8002301359111,27.85875470944216,158.0068644255265,259.5620847230103,0.19974689856413597,43.09183930129837,0.0,61.87374408603963,0.0,60.587563446334535,65.86006885312011,422.34116043898433,1.7115014089501364,C2S1,-4.695717885589324,MR
209,NALGONDA,Nakrekal,Arlagaddagudam,17.139111,79.400636,2.96,Post-monsoon 2020,,7.29,2144.0,1372.16,0.0,430.0,400.0,0.56,38.26656,31.0,213.6,3.8,88.0,92.378,599.84375,3.79187789,C3S1,-3.396875,P.S.
178,NAGARKURNOOL,Kodair,Kodair,16.269624,78.274343,0.84,Post-monsoon 2020,,7.4,3026.0,1936.64,0.0,390.0,540.0,0.88,416.326,41.0,288.0,4.0,24.0,204.204,899.6546053,4.174714189,C4S2,-10.19309211,P.S.
305,SIDDIPET,Mirdoddi,Bhoompalli,18.1208,78.5972,5.38,Post-monsoon 2020,,8.18,1188.0,760.32,0.0,250.0,180.0,0.76,45.6187,18.0,142.0,2.3,24.0,43.758,239.9259868,3.985858376,C3S1,0.201480263,P.S.
675,NIRMAL,Devarkadara,Zafergad,16.407494371523534,79.35913572327891,11.612274366202348,Post-monsoon 2020,,8.19,5.358215064410842,3.4292590186256575,13.29250109722146,17.57595323683961,0.0,1.2321982225524541,58.207219443468276,19.60286674343181,0.0,36.79613708126225,74.32003369472498,0.0,134.55380442697333,0.0,C3S1,-2.098622596457642,P.S.
147,MEDAK,Narasapur,Reddypally,17.7856,78.2633,10.9,Post-monsoon 2020,,7.24,1610.0,1030.4,0.0,460.0,230.0,1.18,17.716,24.0,165.0,5.0,104.0,48.62,459.9177632,3.345153233,C3S1,0.001644737,P.S.
950,NIZAMABAD,Palwancha,Hanwada,17.207181701406007,78.36576891916829,0.0,Post-monsoon 2020,,8.15,880.9097411174735,563.7822922930359,0.0,273.58254911232547,103.27432237037502,1.133354584100803,32.35126150997843,19.476017908337653,40.82553536593217,33.67768743965883,0.0,90.42899899478999,335.13952696293586,2.3800777937077964,C3S1,-1.2838420230384864,P.S.
1082,WARANGAL (U),Dharmapuri,Vemulakonda,17.75932232556938,80.6277710750755,4.989269369343486,Post-monsoon 2020,,8.17,2855.928681809919,1827.794386200485,0.0,313.08354164957797,598.9843159995988,0.5619387917834252,209.04726819903595,10.88875719100735,274.27947949823505,6.674694405011251,155.3847719345991,93.11873889180958,770.3271134700697,3.9640865778642644,C2S1,-9.328905001169431,P.S.
625,SURYAPET,Alair,Vemulakonda,16.459234230570413,76.72340321573371,1.4455193124336145,Post-monsoon 2020,,7.67,2000.3385415374898,1280.2166813226215,15.287806722229778,167.47942361843502,386.43593358385783,0.11068897273250156,169.62338986725342,91.99073174998688,115.34877199893742,0.0,175.00103570311154,98.3924147902492,842.565696423532,0.4533920873667263,C2S1,-13.128653743629362,P.S.
237,NIRMAL,Kuntala,Kuntala,19.1693,78.1004,10.79,Post-monsoon 2020,,7.54,1290.0,825.6,0.0,380.0,140.0,1.26,72.87718182,14.75,89.0,2.0,64.0,72.93,459.8766447,1.804436044,C3S1,-1.597532895,P.S.
82,KAMAREDDY,Maddnur,Menoor,18.483,77.652,3.06,Post-monsoon 2020,,7.06,1150.0,736.0,0.0,290.0,160.0,0.46,83.17662,18.0,57.0,7.99,160.0,14.586,459.9753289,1.155526076,C3S1,-3.399506579,P.S.
362,WARANGAL (U),Hasanparthi,Seethampet,18.0776,79.5153,0.56,Post-monsoon 2020,,8.26,1932.0,1236.48,0.0,360.0,220.0,0.99,173.9389091,49.25,195.0,5.0,80.0,63.206,459.8930921,3.95346895,C3S1,-1.997861842,P.S.
139,MANCHERIAL,Mandamarri,Mandamarri,18.978679,79.477854,3.53,Post-monsoon 2020,,8.23,1327.0,849.28,0.0,400.0,150.0,0.54,6.240863636,53.25,175.0,8.0,104.0,9.724,299.9835526,4.393002907,C3S1,2.000328947,MR
280,RANGAREDDY,Madgula,Madgula,16.843335,78.687875,6.38,Post-monsoon 2020,,7.5,1026.0,656.64,0.0,200.0,140.0,0.34,113.3824,20.75,50.55,1.92,136.0,14.586,399.9753289,1.098946934,C3S1,-3.999506579,P.S.
319,SURYAPET,Chivemla,B. Chandupatla,17.141752,79.718667,1.02,Post-monsoon 2020,,7.71,1275.0,816.0,0.0,520.0,60.0,1.12,27.0,11.0,64.29,2.48,120.0,48.62,499.9177632,1.250162033,C3S1,0.401644737,P.S.
473,ADILABAD,Bonakal,Wardhannapet,16.94663150611547,79.65635164278127,4.81297487482364,Post-monsoon 2020,,7.45,551.0155141021752,352.6499186406297,0.10862522129555252,172.28892197787422,74.38325989718177,0.7077178289863884,23.98365368896009,0.0,0.0,0.0,85.89289408220974,48.662399563633116,415.9757656935011,0.0,C2S1,-4.859292229748493,P.S.
1019,SIRCILLA,Nalgonda,M.V.Palem,16.696430715384988,77.87297373890146,1.8593882643182997,Post-monsoon 2020,,7.44,1294.8878592354592,828.7282368717171,28.566701660516394,124.0840153689609,236.0302128276032,1.0741967935341574,208.77821567881307,9.205194049356155,0.0,36.95472937835423,137.89432564342675,93.08166021031406,727.077790138291,0.0,C3S1,-11.477784285807529,U.S.
6,ADILABAD,Neradigonda,Neradigonda,19.29375,78.41216,6.25,Post-monsoon 2020,,7.96,850.0,544.0,0.0,270.0,80.0,0.39,45.90054545,11.75,70.0,2.0,32.0,48.62,279.9177632,1.819093301,C3S1,-0.198355263,P.S.
593,MAHABUBNAGAR,Parvathagiri,Kuchinerla,18.275692489990362,79.20015534182218,8.273807827628303,Post-monsoon 2020,,7.67,3401.130004806202,2176.7231882765873,0.0,568.6550969436078,490.0007496617969,1.5973452328049043,196.05106869634034,170.95471288155684,403.135277731846,10.98075547567991,170.57118844359195,94.53966414650385,814.7311793009569,7.182842296541665,C4S1,-5.122869517665143,P.S.
888,RANGAREDDY,Tiryani,Atmakur,17.570270590216325,79.00168577989521,3.831551665722686,Post-monsoon 2020,,7.99,1778.070375530213,1137.9650574748675,10.961879243901194,339.1793489177875,310.39106176306694,1.4197085748472738,182.4341882483159,0.0,62.27887651538171,32.60190019071781,134.04226541385296,88.73032154172412,701.3296425866778,0.2509430888808679,C3S1,-7.069546868489573,P.S.
1097,RANGAREDDY,Saidapur,Doma,16.656278541371105,78.7320342975816,14.25892600091785,Post-monsoon 2020,,8.19,2169.9273419058973,1388.7535168413974,13.876163796205553,310.05053693232196,337.9781804119217,0.49247610847046575,259.0835024960157,41.13813666237533,88.65735483070495,29.994772476483682,195.00357122763376,98.15607038881282,891.8738466288448,0.6972097761548697,C3S1,-11.416486369561149,P.S.
312,SIRCILLA,Illanthakunta,Illanthukunta ,18.311944,78.956388,3.51,Post-monsoon 2020,,8.02,758.0,485.12,0.0,220.0,80.0,0.65,57.77831818,16.25,79.0,6.0,48.0,24.31,219.9588816,2.3159464,C3S1,0.000822368,P.S.
979,NIZAMABAD,Kesamudram,Ramayapally,18.334410432035494,79.54864681771603,0.0,Post-monsoon 2020,,7.54,1099.0092355602008,703.3658956910383,0.0,201.8620953752728,254.33126209976683,0.962676659637805,68.35755922295795,0.0,0.0,0.0,132.81417467916702,56.842205504076944,564.5473449419508,0.0,C3S3,-7.349643457781353,P.S.
809,KHAMMAM,Peddamandadi,Rampur,16.98221635551746,78.85297822640365,1.3218238355216627,Post-monsoon 2020,,7.89,216.48770377662413,138.55212856413743,6.940366719374101,297.0633440799331,0.0,1.1798917681946173,24.732257301480367,15.113318431491756,98.51587294113858,14.120168813431796,0.0,0.0,0.0,4.003107512605138,C3S1,8.349378973344642,P.S.
787,MANCHERIAL,Shahbad,Marpalli,16.102815990720813,78.14161311190549,9.745059282123595,Post-monsoon 2020,,8.58,2111.837695608864,1351.576099933217,1.456146667585565,292.1923219070643,385.72783077726524,1.4884401896134993,154.09873419177814,21.771464395460896,187.56082696950418,0.0,118.49922378203132,74.35270332401831,602.1289629447135,3.854701991116259,C3S1,-6.198555758630943,P.S.
508,JOGULAMBA(GADWAL),Rajampet,Kodur,17.23096995897906,78.76546881116342,5.736335035141159,Post-monsoon 2020,,7.22,1186.3640841379884,759.2730185124456,0.0,223.82425155207778,135.91084813753156,0.4788985319118989,43.76807279100589,89.56294531587085,97.30885545565849,0.0,73.90578919810824,45.53754196083103,371.8537956716524,3.845127678725961,C3S1,-2.9458133908074458,U.S.
640,ADILABAD,Nakrekal,Rukmapur,17.04820526455372,78.55937071858887,2.1733191460926933,Post-monsoon 2020,,8.16,729.5367509469596,466.9035440794833,0.0,428.98652864243707,0.0,1.4225655241437298,23.717095441644027,42.664336925902944,74.6583326936422,0.0,45.63893857178764,41.35149920061332,282.3482686051417,4.54913406898071,C2S1,2.767515258313946,P.S.
838,VIKARABAD,Khanapur,Gannaram,16.881007629352805,78.31581584643011,3.9530901682645485,Post-monsoon 2020,,7.99,2221.3869458282024,1421.6876503492977,21.458088898142478,345.31557495364757,482.7589851909836,2.0368064539348714,15.806344164263905,0.0,238.7184299623108,9.88526203926969,122.44314381175604,51.2460289747425,516.8847266248873,4.817247343544221,C2S1,-2.9854767974266965,P.S.
85,KAMAREDDY,Nizamsagar,Mohammadnagar,18.293098,77.908661,2.06,Post-monsoon 2020,,7.38,2153.0,1377.92,0.0,420.0,300.0,1.86,233.45259,46.0,234.0,3.6,128.0,63.206,579.8930921,4.224876844,C3S1,-3.197861842,P.S.
386,YADADRI,Qutubullapur,Santhinagar,17.64563024275887,79.28057804423081,2.6362756886749854,Post-monsoon 2020,,8.12,1067.3642103418433,683.1130869935896,16.18115191051423,196.74225580829517,185.09241784457134,0.030807300025482376,89.92089486409753,52.643702580806455,49.71858066321576,0.0,128.43945380509237,42.52290826654991,495.25785789907695,0.5807146095649416,C4S1,-5.677262724711156,P.S.
76,KAMAREDDY,Gandhari,Sarvapoor,18.3647,77.9851,7.65,Post-monsoon 2020,,7.63,1561.0,999.04,0.0,470.0,160.0,1.52,69.9782,20.0,145.7,2.6,152.0,19.448,459.9671053,2.953713233,C3S1,0.200657895,P.S.
419,MEDCHAL,Kotagiri,Ibrahimpatnam,18.278365071363197,80.25645581171601,2.957510483894777,Post-monsoon 2020,,7.31,1689.9500066176417,1081.5679751098241,0.0,113.84229228855784,497.3271046146844,0.0,0.0,59.19858366687103,0.0,0.0,179.94020558428394,130.58120836283803,985.9886282434406,0.0,C3S1,-18.018887420216764,P.S.
497,WARANGAL (U),Gundlapally,Rampur,17.50555838126571,78.73439699011256,0.0,Post-monsoon 2020,,9.01,1736.790644828735,1111.5460199310232,13.948848413668554,206.43376118683912,261.98159055129906,0.15454090872086823,239.27434617092158,23.375032082041596,67.93253937788327,56.22819216188336,133.6878869381572,74.0261686064432,637.2934538793697,0.0,C3S1,-8.328632179762515,P.S.
975,NALGONDA,Jagdevpur,Vattinenipally(s),18.29329525677071,79.54053244342403,8.622761598426065,Post-monsoon 2020,,8.33,0.0,0.0,8.274833333433568,117.42753438004937,0.0,0.14373096579559996,0.0,0.0,27.238610143083633,2.7098485570110276,0.0,0.0,0.0,2.825908414422977,C3S1,5.851809512977908,P.S.
1049,RANGAREDDY,Khammam(U),Ootla,18.204235910605593,77.72793946217952,15.351642463818543,Post-monsoon 2020,,7.29,2810.7542728751305,1798.8827379530248,0.0,431.49320979683074,514.4374157414504,0.04803827075886602,279.4613923541027,40.574888610112794,131.0893634681582,0.4632503895652986,241.40802811220993,130.24208998505824,1138.5223284644178,0.0,C3S1,-14.81689093669212,P.S.
897,RANGAREDDY,Kotagiri,Somaram,19.148052952977768,77.39431749842443,10.331025187594262,Post-monsoon 2020,,7.86,0.0,0.0,20.751536852238228,303.69539421011916,0.0,1.2500030475272348,0.0,0.0,0.0,0.0,0.0,34.735770077823155,0.0,3.4958538041699643,C3S1,7.513862881790313,P.S.
1036,NIZAMABAD,Kusumanchi,Sangem,19.15853506762491,79.15316287566148,5.906524720236993,Post-monsoon 2020,,7.56,1484.2480445242159,949.9187593285417,4.1204341529895,190.7577122843443,319.8572104639695,0.32833286425132235,78.5073498523866,0.0,149.80300416843653,0.0,44.300599459474206,65.43071322145227,379.1548514246979,2.763859479918342,C2S1,-3.5604743922125683,P.S.
1167,YADADRI,Laxmidevipalli,Kothalingala,17.28919742610251,78.91192870131638,0.0,Post-monsoon 2020,,7.63,759.504126713811,486.08262861102537,22.89857871343966,159.52666942970853,98.99811311453058,0.0,108.13333286471742,0.0,78.5063167098942,21.321076275772466,27.205640209454998,27.555617368056616,182.65051278821633,1.5520470764995846,C3S1,0.040030539232354556,MR
7,ADILABAD,Talamadugu,Talamadugu,19.6334,78.3969,3.89,Post-monsoon 2020,,8.07,1428.0,913.92,0.0,360.0,150.0,0.16,140.3187727,31.25,136.0,4.0,40.0,77.792,419.8684211,2.88572184,C3S1,-1.197368421,P.S.
133,MAHABUBNAGAR,Mahabubnagar(U),Yenugonda,16.761294,78.020981,5.97,Post-monsoon 2020,,8.21,1980.0,1267.2,0.0,360.0,320.0,1.07,162.1014,36.0,155.0,3.59,160.0,63.206,659.8930921,2.623415445,C3S1,-5.997861842,P.S.
995,ADILABAD,Vemsur,Makthal,17.990652225275582,79.00533666435902,7.24032940780222,Post-monsoon 2020,,8.64,2330.250380957739,1491.3602267452006,0.0,634.6626199003942,330.53008420793583,1.0018317909764485,35.33622176088542,37.564998997972666,334.8171043425016,5.8436628729071725,120.0931271143335,28.410083327174135,420.8522811168259,7.603611837311028,C4S1,3.8919586292819646,P.S.
982,NALGONDA,Sarangapur,Mannegudem,17.809527962083017,79.76934660645966,5.0365611294421155,Post-monsoon 2020,,7.84,1139.3630093371817,729.1923344742006,11.166646096927455,249.45164505810902,153.32293512123348,1.0680935222333494,108.39761949201467,6.29627932622364,46.15789661905704,9.102574082523127,115.04030377933248,47.84237227070395,484.49500114288924,1.2554691293474218,C2S1,-4.578539807252499,P.S.
1184,JOGULAMBA(GADWAL),Nandipet,Duggondi,19.340175677107133,78.07246028086404,15.43197327776992,Post-monsoon 2020,,7.99,2677.154766989678,1713.3790744487999,0.0,344.6303034350956,552.6450607462771,1.0409918868436387,167.964910417245,61.64733068982234,215.71055168245653,16.930763159944554,137.34772809730032,103.89900540584841,771.3025012441174,2.1249052461587334,C2S1,-9.071424558545546,P.S.
298,SANGAREDDY,Kalher,Meerkhanpally,18.1237,77.8515,5.12,Post-monsoon 2020,,7.26,3140.0,2009.6,0.0,570.0,530.0,0.647,189.38404,46.0,195.1,67.5,200.0,131.274,1039.777961,2.630626129,C4S1,-9.395559211,P.S.
89,KAMAREDDY,Tadwai,Yerrapahad,18.293,78.223,1.47,Post-monsoon 2020,,7.94,1348.0,862.72,0.0,450.0,110.0,0.45,39.59526,39.0,48.0,8.49,96.0,82.654,579.8601974,0.866665985,C3S1,-2.597203947,P.S.
51,JANGAON,Bachannapet,Bachannapet,17.7908,79.0422,1.3,Post-monsoon 2020,,7.32,537.0,343.68,0.0,200.0,50.0,0.74,10.06590909,12.0,54.0,11.0,64.0,9.724,200.0,1.660232015,C2S1,0.000328947,P.S.
318,SURYAPET,Arvapally,Nagaram,17.386693,79.496965,2.49,Post-monsoon 2020,,7.84,830.0,531.2,0.0,300.0,60.0,1.04,31.0,15.0,51.81,1.64,40.0,53.482,319.9095395,1.259424568,C3S1,-0.398190789,P.S.
578,NIRMAL,Qutubullapur,Palakurthi,17.07490371681157,78.34352748190116,5.190309559013613,Post-monsoon 2020,,7.5,2432.460224317702,1556.7745385026533,0.0,384.0888548834774,420.17213178283305,0.7434134842272994,158.7782606092726,102.12559232943147,253.15844108476108,0.0,118.54161021764774,108.82657735507345,742.579233502311,3.8843805835389666,C3S1,-7.431134322114891,P.S.
760,NARAYANPET,Raikal,Dharoor,17.873735228597486,79.40277424386905,7.690494934896506,Post-monsoon 2020,,7.29,1562.7006737810293,1000.1284178274531,0.0,350.31914743473016,269.34244541411095,2.4728198795572327,0.0,81.4685381989175,156.4793361236552,0.0,67.54571127303545,98.69494986836042,574.1632762478796,2.893801664309837,C2S1,-4.548718611731019,P.S.
620,KUMURAM BHEEM,Sircilla,Seetarampuram,17.4276241363883,79.9731516415746,7.327213102205967,Post-monsoon 2020,,8.07,756.7214041437902,484.3017019155896,17.550055830864846,169.75739406142947,0.5319907620373101,0.421265094363806,201.85063140537846,7.454986375106994,28.650380044299922,40.24717341123384,121.75222963915974,0.0,225.55558949705326,0.915537601214691,C4S1,-0.7797621411928466,P.S.
45,JAGITYAL,Mallial,Nukapalli,18.7094,78.9222,3.57,Post-monsoon 2020,,7.93,1599.0,1023.36,0.0,120.0,400.0,0.35,43.68604545,67.25,51.0,5.0,120.0,92.378,679.84375,0.85042846,C3S1,-11.196875,P.S.
255,NIZAMABAD,Mugpal,Manchippa,18.539,78.114,2.57,Post-monsoon 2020,,7.28,1589.0,1016.96,0.0,420.0,180.0,0.77,124.012,19.75,80.0,5.37,152.0,63.206,639.8930921,1.375018179,C3S1,-4.397861842,P.S.
1133,WARANGAL (U),Tekulapalli,Khammam-II,17.160788783535253,78.26096877273524,5.346700754840379,Post-monsoon 2020,,8.16,2647.5977574245835,1694.462538278028,8.64403166985237,294.42099219374984,469.69864724511916,0.0,286.69313544883147,46.26516555951906,225.34773485714297,43.98994542543122,165.45941414721125,86.84934994168093,772.1542202305803,4.614239847960419,C3S1,-9.368429894325516,P.S.
867,NIRMAL,Pangal,Marripeda,16.19227392657276,78.76678335098488,5.86224979036265,Post-monsoon 2020,,8.02,1913.0586570094613,1224.3575279967906,0.0,258.9208822872818,347.3115463857447,0.9608390696007646,97.24203283442702,81.56114349369142,175.68523341453448,0.7217328054443,79.53768129188285,86.20439377517675,553.1041294901084,0.8352293729057805,C2S1,-5.975863570444449,P.S.
1194,JANGAON,Mandamarri,Gattu,17.198660000452865,78.88875808884131,5.683834359226022,Post-monsoon 2020,,8.02,2166.644592794506,1386.6525375617166,7.376840802063079,540.7073012598868,315.6587964919936,0.879244825000028,114.25869727310862,0.0,220.3336868716794,45.512369086878564,97.0073322277738,60.454884675497844,489.7360359903083,5.3970887656906505,C2S1,1.181700211465698,U.S.
471,KAMAREDDY,Narnoor,Dharoor,18.67135408059925,78.39964471478979,1.69552538080249,Post-monsoon 2020,,7.81,2117.35570107684,1355.1076181365313,0.0,296.93063893588635,458.319980872723,0.25662906315884826,96.72646517431673,0.0,107.70108831906998,10.667582130579062,169.28601942328027,86.24256303099992,777.6525872671655,2.315454347371552,C3S1,-9.695523090478764,P.S.
672,MEDAK,Kuntala,D.Malkapur,16.255373360611866,78.27778960595097,7.663422667338436,Post-monsoon 2020,,8.54,1294.9939243870888,828.7960849194421,22.180955981497593,223.29840083628213,147.41233581745803,0.228913043931115,116.76677500660651,59.26013068177508,32.186279603625835,8.459734825420673,247.8032554654912,0.0,509.2905262609241,0.9213628375462015,C4S1,-5.270421770315249,P.S.
1119,KAMAREDDY,Narva,Kanaipally,18.47617198267353,77.90969249046643,7.999088892185354,Post-monsoon 2020,,7.29,222.44118356021954,142.36241989147584,11.30873275522846,255.26206281256304,0.0,1.3132983778785234,0.0,16.444470503448876,7.905175896439886,0.0,23.40696370199197,23.103288308212925,150.30223701541553,3.7158897153156403,C3S1,2.3279771507794824,P.S.
491,JANGAON,Narasapur,Morthad,17.339177253897354,78.56822134739431,3.189090826487112,Post-monsoon 2020,,7.22,1255.4348188773363,803.4783210427834,21.990999580386788,54.892835730336515,283.2306323570532,0.6700997347980059,51.8533178169615,50.59996885016804,134.9196383039302,11.135214790685119,94.81794441619377,8.3182644229462,269.684216689697,2.860388930500114,C3S1,-3.785154096297557,P.S.
430,JAGITYAL,Shivampet,Huzurabad,18.142314228674383,79.23355280820464,11.690737483769137,Post-monsoon 2020,,7.61,0.0,0.0,6.688824832636399,102.05795992310067,0.0,0.0,0.0,0.0,0.0,19.54981601396395,14.962094291785718,0.0,0.0,0.4961204268717401,C2S1,3.1609695673314904,P.S.
1142,JANGAON,B.Pochampalli,Nagaram,18.230738782372736,79.0434250552533,10.876399701228376,Post-monsoon 2020,,8.2,923.1193589799191,590.7963712583697,0.0,273.88235158941166,22.336299745517096,1.974650057583518,156.40608724040993,2.9093655712764175,63.752465921806596,0.0,68.11967137110875,46.45121926022569,361.5431339354872,4.539117777600131,C4S1,-1.7700741410630547,P.S.
164,MEDCHAL,Kukatpally,Kukatpally 1,17.481,78.397,4.12,Post-monsoon 2020,,7.8,444.0,284.16,0.0,130.0,60.0,0.83,1.01867,6.75,28.0,4.93,24.0,24.31,159.9588816,0.962556023,C2S1,-0.599177632,P.S.
770,MAHABUBABAD,Sadasivanagar,Kodair,18.14266675467476,78.41370243931401,2.4702506339591053,Post-monsoon 2020,,8.42,3021.932000869006,1934.036498871937,8.94139095725701,708.3573789610118,331.2983060682259,1.9897107073010891,289.7379937254203,92.61400412939358,419.9438286912411,61.24947722883396,152.05533437332792,51.03184827782445,590.8909987251761,10.206037251618712,C2S1,2.5239355227098126,P.S.
856,MAHABUBABAD,Julurpadu,Kolanpaka,17.732429077800447,79.75148560642612,11.127174074995569,Post-monsoon 2020,,8.28,1263.6456283222517,808.7331964629204,10.665108031210057,374.392046073036,183.076866318235,1.1063197453535363,0.0,63.911766331705024,178.19575835625872,6.064580854399593,88.68504956159735,18.972867445231955,299.9258373768978,4.9021642197616915,C2S1,1.7726299005091355,MR
1153,SANGAREDDY,Asifnagar,Pagideru,17.81792116682279,79.66037986785338,11.96596698980063,Post-monsoon 2020,,8.3,1329.8373257070639,851.0959003650074,4.179069781254966,353.2149018464964,92.48555583803578,0.0,161.3469723935413,38.6305531446163,0.0,0.0,132.90885762544588,94.81651695700414,724.1918260408038,0.0,O.G,-7.320478589397206,P.S.
703,SIDDIPET,Gattu,Adilabad,17.104666939214127,80.03193523328478,1.4380398942184263,Post-monsoon 2020,,8.73,1200.809924419128,768.518371652925,8.3553362483745,334.8892149503912,173.03461221401332,0.7302637381073525,0.0,57.158949313783054,135.3727486008134,24.353835605502354,81.64715072920164,23.58593637259804,302.15875478647934,4.563638030305736,C3S1,0.7222023767373775,P.S.
811,NAGARKURNOOL,B.Pochampalli,Kuntala,17.532035192949078,77.62982605918711,6.563562361022506,Post-monsoon 2020,,7.91,1626.9311098672547,1041.235855685389,0.0,243.08458060064862,334.8535151702549,1.050520278681215,132.61780123196306,25.589816624491093,122.69040307933746,60.29713622169222,143.8877921582817,35.12595388750439,505.2602775992895,0.0,C3S1,-5.842460512855263,P.S.
637,NIZAMABAD,Bodhan,Rayakur,16.898323544492065,78.88273409751737,8.688815058715077,Post-monsoon 2020,,7.9,1995.1889972657304,1276.9209849512617,12.241084068586273,384.69146642314536,321.4669646922989,1.5589921701080725,139.4461762622104,0.0,186.21126981671168,2.60900483338735,107.2498738193456,84.52748588835293,613.5496608145226,3.445849782818582,C2S1,-4.27583790308247,P.S.
404,VIKARABAD,Telkapally,Yanampally,18.34192534728523,78.69322046511687,5.7230140223038175,Post-monsoon 2020,,8.47,1987.3517584813035,1271.905159858634,4.87117634533275,129.96976266761948,513.4029773255875,0.0,98.99404537577779,67.91673014531783,192.47216325677266,16.00428273945863,117.87495425300942,67.50266826143178,572.9206783076514,1.5980610844604355,C3S1,-8.76597266574608,P.S.
953,NAGARKURNOOL,Khanapur,Odella,18.211301010520287,78.44602391432343,3.0020994822872993,Post-monsoon 2020,,7.84,2523.449972670941,1615.0080307852836,0.4459912485969726,428.8476266465238,404.6641595669249,1.028080673422532,196.12679125125157,59.60488752040477,220.01401651218873,6.634299429470952,122.80166307823916,119.23842454100813,796.6186092144533,5.310446989385446,C3S1,-7.2693335372473005,P.S.
693,SIDDIPET,Laxmidevipalli,Mahabubabad,18.82205935645001,77.41391553913034,11.493375537130039,Post-monsoon 2020,,8.02,2559.7277169551753,1638.2257519549103,0.0,215.8379313528273,634.7590613949533,0.0,175.43798392551116,4.933779703927748,80.37775975027273,0.0,211.91144369745354,148.68644660496165,1142.6199326698427,0.0,C2S1,-18.709296284937707,P.S.
758,MEDAK,Mirdoddi,Bangarigadda,17.779563009280196,77.46712300064692,1.6552200430582875,Post-monsoon 2020,,7.73,2360.836330005939,1510.9352211614091,0.0,349.35771316873803,450.6650727855266,0.9650096447053853,211.62506973819148,24.807663669688313,215.37254213438723,39.59044896014098,133.03444742796202,90.80822113665117,707.1338465509281,1.5096332276477888,C3S1,-7.331419223431203,P.S.
329,VIKARABAD,Doulathabad,Doulathabad,16.9983,77.5415,4.15,Post-monsoon 2020,,7.06,3197.0,2046.08,0.0,290.0,770.0,0.36,185.1322,32.0,209.0,63.0,208.0,126.412,1039.786184,2.818035299,C4S1,-14.99572368,P.S.
1004,BHADRADRI,Renjal,Duggondi,17.851371513578474,78.41745694022292,0.0,Post-monsoon 2020,,8.26,1874.7989489781698,1199.8713451678068,16.57082844360759,293.0329768537286,280.274677077052,0.23349883459054355,259.28049529097314,11.57914822466238,5.761118772747196,9.652595761933487,144.7789863444971,133.6176743423458,913.3534651918303,0.0,C4S1,-12.09488853208915,P.S.
1162,NALGONDA,Tiryani,Khammam I,16.94102535620782,78.5852976572546,0.3489587785598376,Post-monsoon 2020,,7.77,1965.6056292210176,1257.9876049747074,25.894670879786407,264.112605147642,303.2037704570012,0.5128602109669463,215.8055697970417,73.0863176209295,181.3269192735671,7.670978065497727,94.83584424317773,76.92077755706292,553.3641915948015,5.83526556354416,C3S1,-5.262642571942028,MR
1113,MAHABUBABAD,Metpalli,Ayyagaripally,18.643728079442504,77.29164716565937,14.395230175856707,Post-monsoon 2020,,8.18,584.7493284343836,374.2395414381683,15.240908398811378,205.0625505070335,171.17475258889962,0.12977367628712333,0.0,4.949090930821971,87.23098218733989,0.0,94.74102856153401,0.0,190.92961740439387,0.2985321176417881,C3S1,0.6609408370231757,P.S.
762,NIZAMABAD,S.Narayanpur,Jakrampally,17.32138098538513,80.11638196120627,8.784266943441454,Post-monsoon 2020,,7.88,763.8735510021526,488.8790900461437,12.988310912132413,180.18704519121053,79.86519746618295,0.34230303443010923,0.0,47.44411676071998,9.926338945469638,0.0,106.4834405913706,32.17443203813809,399.69054762064087,0.6537483524549779,C2S1,-4.0808654867841865,P.S.
1070,MEDCHAL,R.C.Puram,Ayyagaripally,17.19282646615169,79.06943742940571,5.3440274895593305,Post-monsoon 2020,,7.67,1764.6429436309252,1129.3714889409039,0.0,316.87162408340464,222.57330949926083,1.5404486966269926,241.10367675097845,55.05477994186705,141.7628845698538,40.14416857949984,182.37150818583697,23.88847897883506,551.787533407449,1.8167294298946859,C3S1,-5.060205502803818,P.S.
937,NAGARKURNOOL,Narva,Malthummeda,18.028069502881575,78.9849694157951,4.638151441905079,Post-monsoon 2020,,8.1,648.4730481759121,415.0227294848788,0.0,274.3303226449738,0.0,0.9620707948505745,226.94786548375288,9.835461254727665,123.74287181604645,84.73245958089088,0.0,7.489143576737646,0.0,3.761035135166539,C3S1,6.37072963516472,P.S.
1054,NALGONDA,Karakagudem,Gudur,19.748420565302524,78.24467845330145,5.781026841698859,Post-monsoon 2020,,8.64,947.6401365387035,606.4896646656132,0.4460675743673068,217.92505357771816,222.34175430890656,0.2417133674263231,0.0,0.0,93.1214028647129,0.0,11.252324632816851,70.8634091334568,320.65837021136105,1.7100250833098702,C3S1,-2.1169885752232878,U.S.
964,MEDCHAL,Hathnoora,Chintagudem,17.32076763218248,79.47821885386725,0.0,Post-monsoon 2020,,7.5,1790.3252876120755,1145.808193479056,11.918088537328641,392.83454414053847,272.5337978956142,1.298131998884835,160.9968327746244,8.110869271893502,155.45160988474998,32.34285279928777,100.00814617964362,72.89480901171578,550.9212312622967,4.153077354950241,C3S1,-2.900272056664183,P.S.
759,VIKARABAD,Doma,Narva,16.917745480260663,78.93358267757516,5.194864611865282,Post-monsoon 2020,,7.81,469.4271851769952,300.4333869911626,23.987206384766317,498.2884830853195,0.0,2.76604241535684,141.759562475804,0.0,107.561324540377,23.50838217507287,30.91602865838683,0.0,0.0,7.302512168475575,C3S1,11.582340258495814,P.S.
754,WANAPARTHY,Keshampet,Kagaznagar,17.9545426038911,78.39375234930837,1.522886178150495,Post-monsoon 2020,,8.39,993.968918543597,636.140121904057,16.76284360741858,368.27309625524146,24.479326928002564,1.5824690169258817,132.41258197765757,8.813895684883054,53.66080829941559,10.336218272433468,39.07002194266915,66.7952439938968,372.9319684322291,2.5625543855452935,C3S1,0.23641922923121017,P.S.
859,NIZAMABAD,Renjal,Maredpally(s),17.954842834421502,78.4633265603201,3.5258982051035215,Post-monsoon 2020,,8.37,0.0,0.0,0.5316563925233888,221.55788945549494,0.0,0.601478605358162,40.77587203759098,0.0,0.0,12.072640313261477,49.20801648437356,18.10352830641046,196.57658511355368,0.0,C2S1,0.6097968507782761,P.S.
52,JANGAON,Devaruppula,Singarajupalli,17.5919,79.2738,2.88,Post-monsoon 2020,,7.29,1490.0,953.6,0.0,440.0,170.0,0.86,128.0383636,20.25,135.0,15.0,80.0,102.102,620.0,2.357602488,C3S1,-3.596546053,P.S.
579,JAGITYAL,Rajapet,Aswapuram,17.6770886001178,78.39369155445844,0.0,Post-monsoon 2020,,7.02,1240.164164715878,793.7050702986382,0.0,371.8886453811607,28.330732892149058,2.405682650112879,213.37659961647879,60.88093708565773,122.47000532892187,27.75880423590614,40.770818595187144,49.6674935871638,307.08410122521855,4.820795794607632,C4S1,1.1142755631120504,P.S.
584,WARANGAL (U),Basheerabad,D.Malkapur,18.272432696920532,78.64799836252558,15.796553846098227,Post-monsoon 2020,,8.07,2098.679970219396,1343.155194141482,22.550755659122963,345.9592467000431,252.45144993337138,1.0961902894429225,289.52960619441876,98.26288574425433,192.49587610404075,43.26674200418991,88.28131442243682,102.12233727179056,640.460761578441,4.376097441088682,C3S1,-5.3940996841689275,P.S.
1028,KUMURAM BHEEM,Kamareddy,Sarangapur,17.56366936599924,80.35152877970097,0.9967107443880598,Post-monsoon 2020,,7.44,1111.9379523047069,711.6402803909863,0.1550215332846232,264.8400973272475,148.07454176298708,1.3449189382833322,81.05997140709732,0.0,37.543264760782975,0.0,79.68814320786865,65.72702262321346,470.0119639400876,2.002837978949647,C2S1,-4.085792917100476,MR
536,MAHABUBNAGAR,Sathupalli,Regonda,18.47229443684953,79.03004468420609,1.3693831341165654,Post-monsoon 2020,,8.01,2603.147944928929,1666.0146795132298,19.640596370913457,470.5617791358436,364.8923880831087,1.6093971104321656,140.17906985910912,98.0282626208556,243.38413954666913,0.0,203.35174596991828,52.27353865642831,722.0694481823049,5.458639705124952,C2S1,-4.666384493635608,P.S.
691,KUMURAM BHEEM,Tekulapalli,P. Narsapuram,15.209687149739738,79.57603135866138,0.0250503703117948,Post-monsoon 2020,,7.81,3582.625544416678,2292.880325880417,16.612248908140955,463.22692491986913,735.7795760459832,0.40760628839201596,218.39109451391025,100.49474587832555,494.8623161605228,18.78888813966069,116.5315097601472,100.29638454123236,702.1066683683944,9.217284858711862,C2S1,-4.5209944127441535,P.S.
1157,VIKARABAD,Rajapet,Pegadapalli,19.147091167955086,79.00134835498412,7.161647930259903,Post-monsoon 2020,,8.16,0.0,0.0,0.0,248.67874071709593,0.0,2.379009047369816,44.970767983337986,34.50276781326889,0.0,13.302775418499131,35.637655055632415,0.0,0.0,2.235775235637146,C3S1,6.515727520781587,P.S.
35,HYDERABAD,Nampally,Nampally,17.385,78.474,2.06,Post-monsoon 2020,,8,1549.0,991.36,0.0,450.0,170.0,1.14,54.4767,26.0,119.0,7.7,64.0,82.654,499.8601974,2.314167804,C3S1,-0.997203947,P.S.
283,RANGAREDDY,Ibrahimpatnam,Mangalpally,17.22,78.598,2.05,Post-monsoon 2020,,8.27,928.0,593.92,0.0,290.0,80.0,1.34,46.0616,12.75,89.54,3.31,40.0,38.896,259.9342105,2.414668592,C3S1,0.601315789,P.S.
144,MEDAK,Kulcharam,Rangampet,17.9451,78.1176,14.9,Post-monsoon 2020,,7.74,972.0,622.08,0.0,360.0,100.0,0.61,10.36386,12.625,85.4,2.39,80.0,34.034,339.9424342,2.013851045,C3S1,0.401151316,P.S.
247,NIZAMABAD,Bodhan,Bodhan,18.6705,77.8925,2.72,Post-monsoon 2020,,7.29,1612.0,1031.68,0.0,410.0,220.0,0.89,70.864,24.0,125.0,2.4,184.0,24.31,559.9588816,2.296699143,C3S1,-2.999177632,P.S.
952,RANGAREDDY,Nizamabad,Kattangur,18.01424115307444,76.33732535882359,12.121097192460347,Post-monsoon 2020,,7.96,1689.4963016791032,1081.277640018927,0.0,425.6534912186561,280.4558278270747,0.984381794362847,0.0,61.87676140860659,109.94933418119624,0.0,135.92298229588587,60.56328488701743,590.208871005297,1.2602803332526793,C4S1,-3.746336237909614,U.S.
805,MAHABUBNAGAR,Kusumanchi,Eligedu,15.935986021370388,78.17218978830948,8.102518252027831,Post-monsoon 2020,,8.2,2319.120116928939,1484.2368569853068,17.138509590473145,518.2249990655234,348.2908009766335,1.3333609572020175,129.89546463288818,45.96322796625448,297.0724349548859,0.0,77.64032083341777,85.82488592991356,548.4031785093952,7.5156543324178084,C3S2,-0.21705464293306198,P.S.
206,NALGONDA,Marriguda,Marriguda,16.939916,78.863805,,Post-monsoon 2020,,8.02,519.0,332.16,0.0,130.0,80.0,0.29,2.39166,15.0,48.48,2.63,40.0,14.586,159.9753289,1.666511325,C2S1,-0.599506579,P.S.
835,NIZAMABAD,Duggondi,Sadasivanagar,17.446488278069694,79.43798529922294,6.69921559831675,Post-monsoon 2020,,7.24,335.18533403782453,214.51867045220058,0.0,128.44766814125754,0.0,0.0,236.7316865276203,0.0,0.0,14.610973253934908,118.84661347417787,33.444645381904266,434.1099698890015,0.0,C4S1,-6.123375447749201,MR
1163,KHAMMAM,Rajampet,Peddamul,19.071643415910152,78.25913081292502,4.933902409957723,Post-monsoon 2020,,7.97,1256.7646563750234,804.3293903204677,0.0,397.35989261732874,151.92699381659114,1.2849233321978488,0.0,36.763261792209974,56.7070041866324,0.0,140.3178179698295,45.468336108129016,539.2407588926076,2.1685459893056835,C3S1,-2.8769956535580588,MR
214,NALGONDA,Nalgonda,Seetarampuram,17.110312,79.216751,8.05,Post-monsoon 2020,,8.1,2080.0,1331.2,0.0,820.0,110.0,6.22,58.9057,20.0,380.0,1.9,32.0,38.896,239.9342105,10.66619877,C3S2,11.60131579,U.S.
152,MEDAK,Shivampet,Shivampet,17.7863,78.37,20.0,Post-monsoon 2020,,7.56,1693.0,1083.52,0.0,460.0,250.0,1.1,22.145,16.75,99.32,2.37,152.0,63.206,639.8930921,1.70708507,C3S1,-3.597861842,P.S.
1056,NIZAMABAD,S.Narayanpur,Nawabpet,16.02101316215261,78.25561822101012,9.41036325567652,Post-monsoon 2020,,7.44,1768.9879762537432,1132.152287802186,13.960251396194803,194.78150488866686,287.5301995091295,0.8117453708523714,286.3183473332364,52.7850701694896,87.72860355021322,65.73266623796852,141.55277978390782,75.05601293696412,665.3165669796301,0.0,C3S1,-9.150419912655845,P.S.
1077,NIZAMABAD,Kodimal,Pegadapalli,15.587081154490713,79.32922215950629,2.8870399941696805,Post-monsoon 2020,,7.53,39.956433566222586,25.57209161030778,16.53665567132593,282.77639258028336,0.0,1.0648645987458527,85.8054859779459,0.0,0.0,6.5439833217408285,32.0408520765122,0.0,14.189611301989771,2.7740102417054895,C3S1,5.682914933398772,P.S.
179,NAGARKURNOOL,Kollapur,Kollapur,16.107,78.306,1.56,Post-monsoon 2020,,8.15,1590.0,1017.6,0.0,340.0,280.0,1.01,3.27746,25.0,157.0,1.0,80.0,58.344,439.9013158,3.254574264,C3S1,-1.998026316,P.S.
905,BHADRADRI,Nagireddipet,Morthad,20.172168916940667,78.26991741758256,2.355518296984926,Post-monsoon 2020,,7.51,1253.934414634651,802.518073044274,0.0,364.746059619552,133.65345124675423,0.9102951223946879,64.75155797365966,45.96962430893319,168.98757684122225,0.0,0.0,70.27990249768564,275.7415052946636,3.7384731300561027,C3S1,1.466884913646417,P.S.
210,NALGONDA,Nakrekal,Nakrekal,17.159338,79.420978,1.58,Post-monsoon 2020,,7.78,942.0,602.88,0.0,380.0,40.0,3.24,34.28046,9.0,45.75,6.68,96.0,34.034,379.9424342,1.020479681,C3S1,0.001151316,P.S.
36,HYDERABAD,Saidabad,Juvinile home,17.361,78.508,2.06,Post-monsoon 2020,,8.35,1205.0,771.2,10.0,340.0,140.0,0.95,50.0477,25.0,114.0,8.38,88.0,34.034,359.9424342,2.612525214,C3S1,-0.198848684,P.S.
608,HYDERABAD,Thungathurthi,Yerrapahad,16.65273921506642,78.90628416117593,4.831936658704887,Post-monsoon 2020,,7.85,2516.4307834901283,1610.5156964311955,32.86458877887121,369.043367894877,448.9567038443717,1.4861739055566767,239.78304162851794,41.69201359916762,198.69511070483503,0.06967089173551333,152.9070760559863,121.51534729020537,882.7002194938927,4.577751814400932,O.G,-9.601296009321446,P.S.
451,RANGAREDDY,Domakonda,Nampally,18.662374305714025,79.27837280725221,8.404274180500845,Post-monsoon 2020,,7.85,1234.8882280919022,790.3283882089539,6.837313843363686,351.32586114693413,98.73707089510997,0.5353879409779574,134.55510712303845,50.26823900532379,81.67463864057304,25.66878747154412,132.52140303654755,46.33738550455401,518.8374416915526,1.0543369787108088,C3S1,-3.2171656068549073,U.S.
1029,RANGAREDDY,Koravi,Kulsanapur,16.777494147088284,77.69495994123159,12.36161336342939,Post-monsoon 2020,,8.16,2884.683806521227,1846.1975887148024,29.390952924398647,597.1662012593922,456.4092885811665,2.558227333156731,161.37984707487644,23.65653535034685,360.9921813551946,0.4918425093854202,112.90115057563675,87.79709313815268,642.8701993467025,9.062432883825192,C3S1,-0.31324620317752006,P.S.
546,VIKARABAD,Gollapalli,Malthummeda,17.01641901118755,78.95285113305908,4.949509357845437,Post-monsoon 2020,,7.63,1200.73598597877,768.4710557163498,9.342957621285297,180.4653752550206,127.54490302401484,0.22857955551930575,220.02044543141932,44.119368819871475,58.894377647670964,41.647005417650426,45.87271406228203,74.50328205509928,420.70886470595775,0.8974374766494333,C4S1,-4.5887562024399795,P.S.
935,WANAPARTHY,Mallapur,Jaipur,16.49858335029944,78.2200989923828,11.012455390874948,Post-monsoon 2020,,8.07,412.02038120647046,263.6930248980333,0.7936208258051662,224.16030913707624,0.0,1.57838907880855,4.555570194554946,64.06137195923762,0.0,21.50866531832585,67.86371783647591,7.55477991735242,200.17322884504475,1.1872851614421909,C2S1,0.5647902951933337,U.S.
594,MANCHERIAL,Balmur,Lokeswaram,16.430559226687215,79.58822773703027,7.890937875988619,Post-monsoon 2020,,8.3,2599.9593392290317,1663.9739763962507,0.0,402.31536457506013,499.25178963106134,0.9645224866594091,176.61307760740203,12.11150019970032,176.18871885790833,0.0,107.4898830824559,166.2347276829674,952.9402137048264,2.0708580701539496,C2S1,-10.996808769847963,P.S.
648,BHADRADRI,Shaligowraram,B. Chandupatla,17.337563952094907,79.79883420529613,1.7987560871054313,Post-monsoon 2020,,7.74,2610.5349080246733,1670.7423705262556,26.363760686520155,369.44833056255766,322.79723169942486,1.1936713069773237,452.0791356187498,22.409977028984237,231.38408572137064,79.04859875524068,137.48114545131796,65.78857510041051,614.6750887305961,5.963962824755996,C3S1,-4.376175230128413,P.S.
1091,NALGONDA,Pangal,Ieeza,17.997382404482792,79.62281874899736,3.91249412865608,Post-monsoon 2020,,7.92,415.66188774020134,266.02358594053214,8.010181452484177,36.861408630062954,72.61883159446913,0.0,83.83036872237744,15.797290075892597,0.0,16.197549110086616,136.97068553384435,14.984191678317849,402.84612394118244,0.0,C2S1,-7.131778225151544,P.S.
1059,MEDAK,Dichpally,Maddur,17.868692818347004,78.08402604309326,13.415651798178924,Post-monsoon 2020,,8.42,1548.2307660364165,990.8676378234512,3.8923674706591247,190.6231261876864,255.0431400228341,0.5026685604828948,130.9875167204695,40.36508622453847,19.61218199877824,0.0,211.2616575253145,38.34489532425439,684.2859283258675,0.0,C3S1,-9.811094768288163,P.S.
764,MEDAK,Yerrupalem,Narasapur,17.47737709596758,80.68121389096244,8.157786695213241,Post-monsoon 2020,,8.15,1238.6886023424136,792.7607193570707,0.0,377.2503498634587,72.5263739821088,2.185470132256847,179.80297509860677,0.0,108.45655850571806,24.833502567663317,17.081231345035846,79.47821153440276,369.386133321306,3.9852534960191,C3S1,0.16678160670606434,P.S.
706,MEDAK,Tekulapalli,Old Alwal,16.400280651173425,79.59527357184808,1.5587505868777045,Post-monsoon 2020,,7.29,1270.9076180122656,813.380850472991,4.584275118778217,195.85675409946188,242.9185488609033,0.14216646954089718,142.7844628719846,0.0,96.00153774190284,32.661921913623665,89.82843457818085,33.64387419814857,363.56281576074537,0.0,C3S1,-3.2912170577978364,P.S.
49,JAGITYAL,Sarangapur,Sarangapur,18.929722,78.958055,3.36,Post-monsoon 2020,,7.72,842.0,538.88,0.0,300.0,60.0,1.48,23.35290909,9.75,25.0,4.0,8.0,82.654,359.8601974,0.572987656,C3S1,-1.197203947,P.S.
1185,NIZAMABAD,Kalher,Tandur,17.291629172182894,78.6674176033536,0.0,Post-monsoon 2020,,8.43,3259.6005636395903,2086.144362431362,20.04937743348139,535.3045754490752,492.58401436615685,0.852097387428714,250.67314943512417,129.3862766411569,350.86649271332743,15.125213614844801,177.6786858669169,104.28244156688831,875.6590066968398,7.399087452661609,C3S1,-6.417626059024396,P.S.
1148,NALGONDA,Ghanpur Mulug,Chennur I,18.267464053176102,78.24725731175207,0.9874086576676362,Post-monsoon 2020,,7.45,1092.593675872335,699.2599634826037,0.0,381.2180188531922,158.31515948279224,1.2576690159329942,0.0,29.938754642520568,50.41287872404315,2.323257941729067,92.55266021088856,35.56779186812841,378.2476760521221,0.47258639909396427,C3S1,-0.25489908391036176,P.S.
379,YADADRI,Y.Gutta,Mallapuram,17.633555,78.911638,4.92,Post-monsoon 2020,,8.13,2280.0,1459.2,0.0,200.0,340.0,1.12,506.2347,34.0,170.7,5.6,152.0,97.24,779.8355263,2.657689111,C4S1,-11.59671053,P.S.
992,MEDAK,Illanthakunta,Jukkal,18.057218499636733,80.62267769615896,3.3400557490996423,Post-monsoon 2020,,8.02,1450.6572147602021,928.4206151784234,0.0,354.5493821042937,121.87431878869688,1.3126982823054112,191.2327763631439,83.64795424243923,189.79119622328454,4.999734601758988,31.638583520207845,64.5211247580559,343.1347863901377,3.565740547024529,C3S1,-0.15967409343017858,MR
303,SIDDIPET,Gajwel,Gajwel,17.8447,78.6847,11.03,Post-monsoon 2020,,7.55,670.0,428.8,0.0,240.0,50.0,2.07,46.5045,10.0,50.0,3.5,56.0,29.172,259.9506579,1.348331584,C2S1,-0.399013158,P.S.
926,BHADRADRI,Lokeswaram,Balanagar 1,18.570747942669033,79.03433690294813,0.0,Post-monsoon 2020,,8.92,0.0,0.0,0.0,236.8257505229041,0.0,1.2658314118834526,0.0,0.0,0.0,9.672639689811959,24.526124263362462,19.829820755566328,142.8892486498243,0.0,C3S1,1.7575749863847832,P.S.
610,NIZAMABAD,Chennur,Bheemgal,17.100417868832064,79.82676098364115,3.5085958453651833,Post-monsoon 2020,,8.38,2561.175990929629,1639.15262939082,11.883800670303273,355.192452274621,550.3053790751703,0.5201539593440073,146.1774076009121,1.8097629646865876,269.88441351569566,0.0,71.00810270810837,118.80602500375664,664.4843133200452,4.9721657598072735,C3S1,-5.943269734442359,U.S.
262,NIZAMABAD,Rudrur,Rayakur,18.6102,77.8575,13.1,Post-monsoon 2020,,7.31,4060.0,2598.4,0.0,420.0,430.0,0.98,79.722,860.0,505.0,7.2,272.0,92.378,1059.84375,6.744389142,C4S1,-12.796875,P.S.
871,WARANGAL (R) ,Machareddy,kanagala,17.494321374636502,79.55756920573461,6.512205639594346,Post-monsoon 2020,,8.02,2487.0901413289894,1591.7376959971439,18.132981513463882,273.1067532199503,435.0021005899349,1.2880215268888096,215.64731800315099,59.41546167183844,236.08396368342048,12.74590628971869,162.8062915822435,69.99787589238338,693.3205035773804,2.2359469975556756,C4S1,-7.9658923814956,P.S.
357,WARANGAL (R) ,Wardhannapet,Wardhannapet,17.773,79.5794,3.74,Post-monsoon 2020,,8.3,554.0,354.56,20.0,150.0,70.0,0.93,18.92390909,9.5,44.0,1.0,24.0,34.034,199.9424342,1.352920735,C2S1,-0.598848684,P.S.
125,MAHABUBNAGAR,CC Kunta,Damagnapur,16.4997,77.7554,0.93,Post-monsoon 2020,,8.4,3192.0,2042.88,30.0,440.0,430.0,1.85,469.0311,65.0,406.0,106.0,88.0,82.654,559.8601974,7.460336229,C4S2,-1.797203947,P.S.
409,NAGARKURNOOL,Peddavoora,Vemsur,18.859813408883923,78.7344214252846,5.706647558723643,Post-monsoon 2020,,7.51,143.79208452317403,92.02692185531225,0.0,428.3446307699395,0.0,2.8149368536325827,145.79569975996029,52.93012653288864,0.0,0.0,5.2456477155213435,41.76071619831679,183.4292368201412,2.4651923081615292,C3S1,4.5519283633334435,P.S.
650,MULUGU,Thungathurthi,Adloor,17.083471977856355,79.97727973269998,1.5402318703721836,Post-monsoon 2020,,8.5,2354.9556226189816,1507.1715762033236,10.660462352136236,381.35574024017166,443.88661085183514,0.7778789783290609,129.0658776759898,11.037455021729489,277.92980046861766,39.08548202241951,114.73275348331823,55.71273172311579,514.2716318623965,5.520203005572705,C3S1,-2.4413702256451995,P.S.
851,VIKARABAD,Mupkal,Malkajgiri,17.928937382391485,79.72426067053745,7.326710645909446,Post-monsoon 2020,,8.6,274.12253629458223,175.43839601581203,16.82044310960527,333.7827680229349,0.0,1.754671820436152,0.0,0.0,0.47239818573051195,28.41317091629296,0.0,40.705047393944454,148.05789805507357,3.793354949071701,C2S1,4.028252808125126,P.S.
777,NALGONDA,Metpalli,Meerkhanpally,15.265373661352918,78.79450117328712,4.567461235025899,Post-monsoon 2020,,7.31,3877.664142696325,2481.7050456896945,12.965930757808298,381.90443194492974,788.5997078893281,0.3742134727911731,340.00284149194704,96.33019458919654,257.57554782003916,57.29777118510431,288.87094510816553,140.85446922885092,1301.727194799784,3.6476607270621892,C4S1,-18.145515672203686,MR
342,WANAPARTHY,Gopalpet,Gopalpet,16.3786,78.1348,2.36,Post-monsoon 2020,,7.02,1265.0,809.6,0.0,270.0,230.0,0.65,5.09335,27.75,84.08,1.77,104.0,43.758,439.9259868,1.742910389,C3S1,-3.398519737,P.S.
662,KHAMMAM,Kukatpally,Kolanpaka,16.301958385093627,77.58131719715757,4.995583752233213,Post-monsoon 2020,,7.78,1072.3669917722746,686.3148561916969,0.9741426592220988,270.0826118182548,101.03267179957929,1.100067977405319,66.28616402126927,88.83912785494697,60.41032791904935,16.201314410817105,115.1346463420249,29.06388119138534,407.64204070611777,2.8318468187485544,C3S1,-2.6973358616887064,U.S.
482,BHADRADRI,Dharmapuri,Raikal,18.239517049207404,78.82944990220783,9.376154830642987,Post-monsoon 2020,,7.94,2626.184189716935,1680.7578480234415,0.0,391.1762639160916,575.8584431720813,0.9776792764983325,141.56106071338468,0.0,207.6208791254178,5.547631504131248,232.1835768538612,57.922047676768585,818.5666506549285,2.132470377944615,C3S1,-8.738192636486056,P.S.
277,RANGAREDDY,Kandukur,Kandukur,17.08,78.48,1.0,Post-monsoon 2020,,8.08,890.0,569.6,0.0,290.0,40.0,1.05,86.8084,9.25,57.98,1.31,24.0,58.344,299.9013158,1.45566416,C3S1,-0.198026316,P.S.
877,ADILABAD,Bonakal,Atmakuru,15.694524880287167,77.33507193168973,0.4357732584173739,Post-monsoon 2020,,7.36,3731.40160197398,2388.0969648515756,27.812813722285917,492.03486654430196,825.8942609539279,1.534730833103513,65.91004757338764,5.394001252856768,415.76353037621004,0.0,213.89309640916935,94.3522015324543,924.5468347214585,10.473397372934247,C3S1,-8.10617388992659,P.S.
324,VIKARABAD,Bantwaram,Bantwaram,17.445,77.696,3.62,Post-monsoon 2020,,8.47,598.0,382.72,30.0,180.0,30.0,0.44,26.0,12.0,39.0,3.37,32.0,29.172,199.9506579,1.199155082,C2S1,0.200986842,P.S.
817,MAHABUBNAGAR,Hanamkonda,Narnoor,16.9779820372124,78.41005803941897,9.956007891926262,Post-monsoon 2020,,7.61,1653.002949822984,1057.9219232330283,17.409652469043785,490.7578795338722,133.23969161028913,0.9095935949063716,140.16568957361068,35.58939260999151,176.57201766666722,8.659586501270892,76.35503361655226,67.92273506869063,467.78182583743757,2.792559387525545,C3S1,0.759827648140456,P.S.
369,YADADRI,Mothukur,Kanchanapalli,17.40375,79.339638,2.7,Post-monsoon 2020,,8.24,1436.0,919.04,0.0,340.0,180.0,0.44,179.3745,27.0,205.8,84.6,40.0,29.172,219.9506579,6.033299736,C3S1,2.400986842,MR
778,BHADRADRI,Chevella,Talakondapalli,17.967029055797358,78.15077413946463,5.686534974145516,Post-monsoon 2020,,7.5,2361.9253084286947,1511.6321837443797,0.0,689.5190631243615,245.27210748260222,1.6311600237563932,110.31346461292625,86.93824182068226,238.90721857757092,0.0,131.89924186267396,104.9571200679143,762.3847852747235,5.903793351553244,C3S1,-1.6269642974454872,P.S.
467,KAMAREDDY,Valigonda,Mamidala,17.972061193779204,80.27245573777708,9.623360630227166,Post-monsoon 2020,,7.31,469.47193067648584,300.46202016054235,11.098781604373436,162.23184511830632,0.0,0.7337092287029255,82.96312905755873,24.932824894146457,0.0,12.636460702171991,0.0,93.21476194543285,336.6584958529388,0.0,C3S1,-3.238419580877041,P.S.
1086,NALGONDA,Bantwaram,Lingala ghanpur,17.51873179195941,78.4538124177885,6.702893153623868,Post-monsoon 2020,,7.5,1454.9248829981634,931.1519373850042,3.723398511962803,435.09108892337827,168.88623889889635,2.2277470968337383,0.0,77.96990925641805,103.19357310629458,6.063035044952695,92.37742729804074,67.81770902467548,508.5907292339321,1.1703248364160193,C4S1,-1.316152818564795,P.S.
969,VIKARABAD,Bachannapet,Tandur ,18.90235653587898,79.13980482450621,0.0,Post-monsoon 2020,,9.23,2133.8821399062435,1365.6845428861861,0.0,297.07678870066496,311.4660584915634,0.7674685447125531,301.7731270071522,58.25756876912173,160.87500335330174,0.0,124.76967622305203,106.57933151820437,747.7117982557036,1.362475393757375,C3S1,-9.374863839229832,P.S.
659,WARANGAL (U),CC Kunta,Kodair,16.651815825707896,79.77951722997354,5.30997240338994,Post-monsoon 2020,,8.01,2283.442798116427,1461.403356004354,0.0,489.9702779090208,306.6409559255668,1.0003817949343232,90.02356853399327,84.5108667054033,246.47892639000094,6.562740526847371,133.99155643329544,63.76543686760785,597.1151179337772,5.4787636679442535,C2S1,-2.349660330565848,P.S.
1005,WARANGAL (R) ,Thiparthy,Eturu Nagaram (S),17.799585627275924,78.50078512118719,0.0,Post-monsoon 2020,,7.72,1758.0683591650131,1125.1637346143657,14.565090997669358,229.24757113522722,428.90817053013654,0.6926275564717226,33.01263996336512,0.0,122.42212381145224,0.0,145.8419447206106,55.73946557777001,593.9944974669033,0.975565657114503,C3S1,-6.9513370695551195,U.S.
248,NIZAMABAD,Darpally,Ramadugu,18.613,78.309,3.05,Post-monsoon 2020,,7.31,934.0,597.76,0.0,360.0,60.0,1.36,0.651063,11.75,84.0,2.14,88.0,14.586,279.9753289,2.182687535,C3S1,1.600493421,MR
899,NARAYANPET,Dharmasagar,Thipparthy,18.101126609813136,78.40037611939798,10.542944382537012,Post-monsoon 2020,,7.41,1616.156260159753,1034.3400440181817,4.295127413748267,185.63861911138028,334.90197331131276,0.0,173.40783987161723,0.0,20.841574320518006,9.173491249208734,111.42253406921029,113.80300990929851,745.4624575361875,0.0,C4S1,-11.13424589880963,U.S.
1179,HYDERABAD,Dichpally,Dharmapuri,19.051704887692345,78.92392168948373,5.408894303574145,Post-monsoon 2020,,7.12,1273.1815408413354,814.8362050150265,5.604264328390707,301.3299498601939,36.45185724787498,0.0,300.2374760891164,93.96092468048676,75.49379155690713,37.2218920096937,122.80179895506154,38.1873668726164,462.9103154191907,0.05459373504809051,C3S1,-3.2573154024365527,P.S.
502,MANCHERIAL,Gollapalli,Kallur,18.059357889061847,78.56890028120685,2.8957284533376515,Post-monsoon 2020,,7.93,2925.72738694255,1872.465542081101,0.0,474.46578503625085,397.7821576535439,0.379334079514705,368.69214011113854,38.49663052139156,294.35625065159866,70.69363374228986,151.0821764872545,75.71471467842578,688.8033018359426,4.549191544732817,C3S1,-4.407430947098302,P.S.
466,NALGONDA,Sarangapur,Gudihatnoor,16.108008983325977,77.84517649531648,10.893873766901649,Post-monsoon 2020,,6.97,1373.3990921565578,878.9754176079036,13.507485316980237,243.67121911312688,326.5147641701564,0.18501240814634345,0.0,0.0,25.910955744414466,0.0,177.77407379269812,50.43873661926488,652.7466316115585,0.0,C3S1,-7.890199022383069,U.S.
667,RANGAREDDY,Sirikonda,Kadam,17.540258028940638,78.22653370861387,6.854911531201976,Post-monsoon 2020,,8.16,3808.0885748484075,2437.1766612138213,0.0,555.3159214374114,735.3343267495468,0.08651354912049669,208.2028799810068,80.0887370452383,447.56364856225076,0.0,241.67575777917835,76.10288973232728,916.718758906215,9.062393129648902,C3S1,-7.375297411876801,U.S.
1138,RANGAREDDY,Dharoor,Madgula,18.975018270745874,79.55123440515895,11.981823199292311,Post-monsoon 2020,,8.3,1813.6315968310012,1160.7242802282562,27.56565369350653,237.49963211901974,298.8000596839129,0.0,179.81219931640865,46.57809050060298,111.646398055276,0.0,154.48820265392476,63.75569510954402,646.9942640564678,1.798404082607595,C3S1,-7.633200978019465,P.S.
443,JANGAON,Rajender Nagar,Alugunur,15.81939858380693,79.0625376586466,4.729823883581544,Post-monsoon 2020,,7.91,1906.45285349732,1220.1298165781682,17.36294897736326,390.88599704481464,116.93016142882622,2.100689945206442,450.6010577344498,0.0,158.88977776416687,31.189376915530858,132.14714124044576,57.810569914580725,565.3238276816315,4.830417865450773,C3S1,-3.1026623817682193,P.S.
37,JAGITYAL,Dharmapuri,Dharmapuri,18.946944,79.101944,4.84,Post-monsoon 2020,,7.67,810.0,518.4,0.0,270.0,40.0,0.45,40.86759091,51.25,15.0,2.0,32.0,72.93,379.8766447,0.334612473,C3S1,-2.197532895,P.S.
1106,MEDAK,Dichpally,Ieeza,16.418276964400352,78.97243568474723,1.571326829226563,Post-monsoon 2020,,7.24,1258.2569891867047,805.2845234962517,11.554975745266217,432.4112443430428,165.08137067741006,0.3498959020849878,56.69278880662568,0.0,158.33275225233922,20.610745673783864,27.73567707956729,49.19624578977717,270.7907715924571,3.524157262467434,C4S1,3.4843117620639794,P.S.
1076,WANAPARTHY,Chegunta,Shapurnagar,18.638368508565158,79.47706573169839,0.0,Post-monsoon 2020,,7.78,48.011422721248664,30.727302792141813,0.0,122.43299303881594,0.0,0.6359046987894184,0.0,0.0,0.0,0.0,16.80521429971759,33.356985525548225,177.1360893166182,3.2292845059347144,C4S1,-1.1469750025441972,P.S.
464,VIKARABAD,Mahadevpur,Rayakur,18.54175209747678,79.40142527380203,3.300854521539387,Post-monsoon 2020,,9.04,0.0,0.0,12.373967892498163,21.82371166348065,0.0,0.550826543205845,0.0,0.0,0.0,4.802747424541428,0.0,19.571936147428115,0.0,0.4019907983322377,C3S1,2.0061580559175627,P.S.
1122,MANCHERIAL,Yerrupalem,Peddavolgote,18.23877633915387,79.24874541137568,17.77249572316882,Post-monsoon 2020,,8.02,1989.0401504446872,1272.9856969170357,6.600539646264615,383.80375708819275,404.14665398826804,0.7074236016895961,85.50119107968642,17.647654590042464,168.55025217129918,0.0,83.12780504311414,109.8300551591417,657.6258311827478,2.185548419825856,C3S1,-5.3724873215739235,P.S.
537,NIZAMABAD,Sirikonda,Gandamalla,17.70264569512422,79.75540410884784,4.9820766737215045,Post-monsoon 2020,,8,1758.6276116736365,1125.5216627667903,0.0,294.9581699717483,209.67292461254684,1.5942708465561686,115.3668437674944,114.76089888342656,186.32691398260113,9.406130101162105,57.908395625663715,87.3222232390221,504.98348629832793,3.9956195337722624,C3S1,-4.320943021434166,P.S.
1164,BHADRADRI,Dharoor,Himayanagar,18.296212777881582,79.36683513390973,7.0815138079036775,Post-monsoon 2020,,8.46,715.880282494017,458.1633740900597,24.186944823638257,341.7367840753415,2.169123927112821,0.1865637070521896,71.68720126817288,0.0,89.05000983625239,10.110064140194947,44.89961000556718,24.27132333564846,211.14432183250744,2.6740159118612246,C3S1,3.177015325903342,P.S.
414,SIRCILLA,Charminar,Velmal,18.670233770542104,78.5625964892122,4.118058173220893,Post-monsoon 2020,,7.85,2153.4193325021015,1378.1883869013532,7.631866823144688,316.9316241297566,505.9362600755765,0.3651134805141577,23.605087624124806,2.7048523572482743,115.45594998955602,8.045419778684964,174.80145033681538,102.96341982888225,859.7494998391735,0.0,C4S2,-10.723349995455852,P.S.
576,MULUGU,Ibrahimpatnam,Alur,18.070750645297576,80.13523950220622,5.934899642553166,Post-monsoon 2020,,8.11,2476.180848433967,1584.7557260061521,14.721314031361473,553.6564814850108,311.3027742769265,2.525748660825024,137.75308640462217,111.54273306545119,349.8880472794335,28.68094756425085,113.75583113609873,41.1806573587558,454.33467416421814,9.632501221253747,C3S1,2.251486517773547,U.S.
1156,MAHABUBABAD,Illanthakunta,Mahabubabad,16.863600635406744,78.34207457684806,0.0,Post-monsoon 2020,,7.02,1035.3195793960422,662.6045330501903,10.871598815251346,262.0561331406701,218.24254329033562,0.6560213861499176,0.0,0.0,4.962311355284612,0.0,43.11711895904111,75.85753499237939,420.471576214615,0.016502822569607556,C3S1,-2.9671018560780187,P.S.
954,NIRMAL,Dharmapuri,Shanigaram,18.33045006755734,78.42827981070216,15.067751324608107,Post-monsoon 2020,,8.67,920.3829117981481,589.0451107327192,0.0,152.420699294113,96.88729387005947,0.8569874786589301,141.307853808333,43.20830755509203,76.56765310466992,3.6805846146160017,84.02448729788357,0.45748931747864674,210.3022013457028,1.5091815275742886,C3S1,-1.4589692392329692,P.S.
56,JANGAON,Raghunadhapalli,Raghunadhapalli,17.7647,79.2636,4.09,Post-monsoon 2020,,7.27,2065.0,1321.6,0.0,660.0,240.0,1.39,82.33913636,31.75,254.0,12.0,56.0,126.412,660.0,4.299364558,C3S1,0.004276316,P.S.
18,BHADRADRI,Karakagudem,Karakagudem,18.034655,80.568147,1.16,Post-monsoon 2020,,7.67,687.0,439.68,0.0,270.0,40.0,0.851,0.713069,9.0,44.94,17.52,56.0,19.448,219.9671053,1.317426401,C2S1,1.000657895,P.S.
956,NIRMAL,Narayanpet,Usrikapally,17.957530081870857,78.81159356730913,7.037413599846426,Post-monsoon 2020,,7.01,2813.8587033471576,1800.8696034375225,13.50197068386803,490.3000156458197,460.48649394849383,0.0,253.14187912020546,13.886037442433269,283.9623164323341,32.77525844999692,75.99546919142338,128.29950400221574,717.6444703865287,5.17997712153015,C2S1,-4.247674331534867,P.S.
717,JAGITYAL,Yedapalli,Sarvapoor,17.371074372770963,79.10354247795358,0.0,Post-monsoon 2020,,7.94,330.6639864162364,211.6249708601623,25.752879330073913,418.70826296561677,0.0,1.7093492750827646,0.0,101.1575478121357,145.07783379342914,0.0,0.0,8.366280172365322,0.0,6.042552209181139,C3S1,10.405773393781574,P.S.
1055,WARANGAL (R) ,Choutuppal,Alampur,19.17726438848433,80.39968279217229,4.187136142578862,Post-monsoon 2020,,7.65,494.0416726990362,316.1866512840528,21.71795563359279,363.96509646304975,0.0,1.253713391968518,2.132506035296643,0.3651205492763552,70.88213817712796,0.0,0.0,86.93059783725224,229.89129438595913,2.8124916205029558,C2S1,3.0551366831237927,P.S.
524,RANGAREDDY,Kamepalli,Mannegudem,17.3486373944972,79.49765835683283,7.475426488075794,Post-monsoon 2020,,7.85,0.0,0.0,28.71847977636101,183.45802852640162,0.0,1.4020524528185565,0.0,38.774454766783926,31.701631921571405,14.679928568390249,0.0,0.0,0.0,2.5568841612688074,C3S1,9.417502665524125,P.S.
1008,NIZAMABAD,Jukkal,Manchippa,19.356313848936693,80.13046337139943,1.5316744584396735,Post-monsoon 2020,,8.58,417.1134086042483,266.9526280419816,17.61964846763728,374.0186264827945,0.0,0.35538954674479983,0.0,0.0,13.987601679566069,12.826713570280155,0.0,49.182130205763244,146.55379105139093,0.8737118490453577,C4S1,4.944318561986693,P.S.
1175,NAGARKURNOOL,CC Kunta,Anjanapuram,18.68356101955528,79.85922033071449,0.0,Post-monsoon 2020,,8.31,363.96233772574055,232.93587205830192,5.594300438933362,302.1141646598137,0.0,1.7654878853477547,132.97854806914026,0.0,41.31345756015844,36.61778526206624,28.177604539493586,0.0,35.22163743132603,2.759428545795278,C4S2,5.476925752610692,MR
889,SANGAREDDY,Narayanpet,Rukmapur,16.58491273814003,78.24522170490818,2.9873530292847668,Post-monsoon 2020,,7.61,0.0,0.0,9.896444624602896,105.32753017434436,0.0,1.4210843691052284,66.86579279646189,26.755860326373377,0.0,30.01443922455691,29.956138831656375,0.0,0.0,2.440595733941219,C3S1,3.4681598993998004,MR
821,NALGONDA,Kuntala,Shankarpalli,18.492920646632715,78.98813514730692,8.86657828046836,Post-monsoon 2020,,7.27,1042.1468566906678,666.9739893666654,1.1581991541471393,349.9717660163618,107.77657350812031,0.9414714821145665,114.39133059393141,0.0,85.75658020579891,20.452089162194124,45.620861868021926,60.416460677321524,363.00263417763426,2.1510315336723025,C3S1,-0.18706168524242228,P.S.
60,JOGULAMBA(GADWAL),Dharoor,Neelahally,16.265211,77.641794,0.8,Post-monsoon 2020,,7.84,2486.0,1591.04,0.0,310.0,500.0,0.92,120.9117,81.0,255.0,1.7,144.0,72.93,659.8766447,4.315995326,C4S1,-6.997532895,P.S.
797,WANAPARTHY,Nagarkurnool,Huzurabad,16.451777347729557,78.24765350065024,0.0,Post-monsoon 2020,,7.09,2553.2522115286174,1634.081380842185,31.479295059179044,322.25390725410455,504.36168317968094,2.0881690009903933,156.33243647249242,72.33532066011267,227.41374426834955,32.871320141944416,170.25571651635616,84.86057881470384,775.1912456266731,4.9571079840627466,C2S1,-8.388324217080385,P.S.
990,SANGAREDDY,Chennaraopet,Himayanagar,19.23138879547631,77.91353357627395,3.601006245894555,Post-monsoon 2020,,8.15,861.9592126120696,551.6538819988793,21.489577658063062,217.9265976402192,248.48148111038572,0.0,0.0,0.0,62.3208144995552,0.0,95.69968028394813,34.707802126472934,383.4308746416879,1.7589187154849275,C3S1,-2.900542287091545,P.S.
91,KARIMNAGAR,Gangadhara,Gangadhara,18.579444,79.008888,11.03,Post-monsoon 2020,,8.08,890.0,569.6,0.0,280.0,90.0,0.82,31.60695455,16.75,70.0,2.0,72.0,29.172,299.9506579,1.757297514,C3S1,-0.399013158,P.S.
1197,JOGULAMBA(GADWAL),Kuntala,Ieeza,16.461896477730743,78.12060847871669,4.578392818793157,Post-monsoon 2020,,8.18,2786.197294587613,1783.1662844837751,19.443195644891148,527.9714304828254,441.8434709187541,1.817690440983427,165.10636910516754,68.76384710482986,286.80941905088844,0.0,190.44133243014414,73.48726133955395,778.2351767998869,6.414092303026529,C3S1,-4.562182965368812,P.S.
988,WANAPARTHY,Kalher,Charbowli,18.97645981450179,79.971689763867,7.548574598598808,Post-monsoon 2020,,7.85,870.1307431164187,556.8836896399639,1.7932801272553798,386.9058097834371,71.13213539387652,0.9336030381944677,54.15792103784011,0.0,45.25720105892802,0.0,50.57967685992273,52.80162015794196,345.42460921899686,2.1979927041443497,C3S1,0.7916948468656648,MR
1101,SIDDIPET,Duggondi,Borapatla,17.4436433378075,79.3357027473623,7.670606042407523,Post-monsoon 2020,,7.63,1366.8622229246523,874.7918185036818,8.3673716670664,415.4703841981027,0.0,2.217682821328189,243.4231061451038,145.1995999823678,237.87868191774479,45.89021034929545,62.2463071206126,0.0,93.14533268835402,8.412848825173068,C3S1,6.631645153004989,P.S.
903,JAGITYAL,Gambhiraopet,Alugunur,17.224060236475676,79.58695718408806,1.913704817603299,Post-monsoon 2020,,7.09,2902.9875734887946,1857.9121068874697,24.926555845642426,291.08667874381865,634.1927158082602,1.7406575749699882,220.93039460964346,6.581315254188951,339.1877541903365,51.226204473381635,62.094054126682934,108.18629824086909,600.6469364301155,7.191298910503358,C4S1,-5.7117716858583165,P.S.
153,MEDAK,Shivampet,Gudur,17.7817,78.3674,19.8,Post-monsoon 2020,,7.42,2802.0,1793.28,0.0,430.0,530.0,0.89,217.021,33.5,151.6,6.5,264.0,97.24,1059.835526,2.02466012,C4S1,-12.59671053,P.S.
383,NARAYANPET,Hanwada,Shadnagar,18.191013588376183,77.63317308734862,7.36718831114378,Post-monsoon 2020,,7.41,1725.6928319223607,1104.443401511677,0.0,388.06333693730073,247.66200822622332,0.7737001094534397,209.18791404533695,0.0,113.4232734167196,15.833618044259776,141.54068571085165,58.08929061935287,592.2827646850219,1.349819337969425,C2S1,-4.263827449230261,P.S.
872,KAMAREDDY,Chennur,Illanthukunta ,17.87541487103312,79.31875489572725,8.618112516673676,Post-monsoon 2020,,7.31,2612.8433818982066,1672.2197617966126,0.2110102206619242,502.7689255786797,379.87162699365433,0.5678481251890207,229.246205703223,55.17214929673721,254.1660988577474,15.372198320774665,114.75214065903819,119.38149007270448,776.9263353835454,4.33217719801707,C4S2,-5.544200233920994,P.S.
734,NAGARKURNOOL,Odella,Nasurullabad,17.43205307944563,78.5741559033185,0.0,Post-monsoon 2020,,7.72,1903.88745711285,1218.4880134729221,0.0,297.68844732092725,360.5419272978614,1.1766577397399465,117.57374725095575,24.60296521181073,260.26952915036264,15.135445514034338,109.99247650063771,34.42294627468408,415.42076335173545,4.2565254286180245,C3S1,-2.5748382677895116,P.S.
582,ADILABAD,Rajender Nagar,Morthad,17.264800293552465,77.77339354765758,11.861607854963545,Post-monsoon 2020,,9.23,1536.3673735786444,983.2751567249796,20.813052881713013,453.8500644123443,114.90691069147455,0.45564254305591645,121.78863598813795,66.68098483686998,169.5482277049705,2.682768469451622,83.72797773122846,68.83799346853499,492.84221461417644,3.611457864301009,C3S1,-0.3689842765505835,P.S.
1041,JOGULAMBA(GADWAL),Uppununuthala,Gandamalla,16.67424561278042,77.79812219569799,3.981941090189646,Post-monsoon 2020,,8.11,2690.568129325822,1721.9635975505894,8.608817754422851,304.90756653232614,515.969394978303,1.1807356066336017,206.32704946578423,75.22371122593927,202.40432318504412,25.375716298602324,132.60021902598098,121.93524275995154,833.156265432991,0.8481172304583462,C3S1,-10.415468363196927,P.S.
1038,KAMAREDDY,Valigonda,Madgula,18.401171223768017,78.4599962668426,11.05788210974118,Post-monsoon 2020,,8.31,3118.907953509928,1996.1010759332412,16.28767293901063,604.549420236832,587.034661031608,0.47790314117738975,77.69520400910504,40.261767207443796,343.2069110401466,20.28377148488411,156.07471287697433,116.62718145261974,870.6733836134644,5.052974007601978,C3S1,-4.99132609270691,P.S.
66,JOGULAMBA(GADWAL),Maldakal,Maldakal,16.129667,77.687599,0.75,Post-monsoon 2020,,8.18,2092.0,1338.88,0.0,410.0,330.0,0.87,93.4519,64.0,191.0,5.9,160.0,43.758,579.9259868,3.448412782,C3S1,-3.398519737,P.S.
184,NAGARKURNOOL,Uppununuthala,Uppununthala,16.450018,78.591328,2.17,Post-monsoon 2020,,7.32,2265.0,1449.6,0.0,410.0,300.0,0.48,301.172,26.0,95.0,2.0,248.0,63.206,879.8930921,1.392453866,C4S1,-9.397861842,P.S.
705,YADADRI,Bomraspet,Gannaram,17.77730254542296,78.75049262465626,3.366503074099934,Post-monsoon 2020,,7.1,1259.3924323090919,806.0111765083477,0.0,312.700552544822,97.98259659038668,1.1079334441632898,141.5218757965511,64.01078896589246,76.76930064618887,0.0,56.912345074011164,68.06013876524958,420.47360458925465,3.085228283718204,C3S1,-2.3494071229830116,P.S.
69,KAMAREDDY,Bansawada,Bansawada,18.393,77.879,3.95,Post-monsoon 2020,,7.95,1723.0,1102.72,0.0,550.0,110.0,4.18,5.93486,138.0,345.0,1.8,16.0,29.172,159.9506579,11.86037017,C3S3,7.800986842,U.S.
880,SIDDIPET,Nagarkurnool,Lokeswaram,17.550793174056434,79.39575763180753,3.961159176622486,Post-monsoon 2020,,7.4,2139.227731444852,1369.1057036804086,0.0,578.3464040853776,345.2017709576594,1.4399891067178905,0.8116351428845832,0.0,280.97068609019215,0.0,164.11589742227847,29.901377023539567,532.8843718857794,5.801047810124075,C4S1,0.548497417340537,P.S.
614,SURYAPET,Bibipet,Bandirevu,17.839763967805734,80.05562239155086,2.1578435851939974,Post-monsoon 2020,,7.98,1144.9446994888815,732.7646532667379,18.01381322722841,323.6711934824733,108.53099680270054,0.4880341735273348,140.74034642776184,0.0,34.65773332970926,40.480391284665394,0.0,128.00040982812783,496.23656886924414,0.06262961561806435,C2S1,-3.086296420635282,U.S.
229,NARAYANPET,Narayanpet,Kotakonda,16.754004,77.637795,1.79,Post-monsoon 2020,,7.78,4584.0,2933.76,0.0,220.0,990.0,0.42,520.8504,104.0,391.4,12.3,360.0,111.826,1359.810855,4.614809026,C4S2,-22.79621711,P.S.
580,KHAMMAM,Narketpalli,Vallabhapur,17.908040391535476,78.69527166506235,0.0,Post-monsoon 2020,,7.88,2318.422162414624,1483.7902007475268,0.0,275.7269042065709,576.86788590975,1.7191587469672585,0.0,51.226186907163964,170.24712555535942,0.0,183.9382043181489,100.6145446555187,872.4653041946069,0.69560513720067,C2S1,-12.075595596964893,P.S.
785,WARANGAL (U),Lingal,Kesamudram,16.37105168649963,79.40028825216939,0.7577950446530091,Post-monsoon 2020,,8.18,836.6310179927273,535.4438515507644,23.531710379219188,176.04762128297793,98.22492568189884,0.6690582229671884,64.3349997842564,59.862819364090896,61.18082964513689,6.385046050580348,42.119781702992874,51.60709563382853,315.82323854300785,3.2825719927600723,C3S1,-2.3461258010035624,P.S.
1146,KUMURAM BHEEM,Anumula,Kolanpaka,18.349520200389666,79.45934408197198,0.26434584671687933,Post-monsoon 2020,,7.16,754.4220365527899,482.8301105804746,5.120514371427014,241.54931206622894,115.5391293516791,1.8986417168045229,0.0,2.1964980627309068,57.53489750432428,0.0,42.181823583213806,43.00347145533895,281.5159910708235,2.0799446657772966,C3S1,-0.7069111561258572,P.S.
493,BHUPALPALLY,Mahadevpur,Mamidala,17.225770796761097,78.1632884981113,3.7362001143911123,Post-monsoon 2020,,8.9,2140.1322460200367,1369.6846433796027,0.0,458.50025095836327,416.9492686668574,1.0248116136489793,0.0,15.306928102344173,142.87324112324072,0.47077247533308597,198.22577799147408,68.13340507643343,776.5112328444643,0.954208048340895,C3S1,-6.48724747824342,P.S.
601,WARANGAL (R) ,Dharoor,Utnoor,18.156754029480616,79.58391799602326,2.2409642209784244,Post-monsoon 2020,,8.68,0.0,0.0,27.254150758972177,195.30115861231423,0.0,1.6155194715126173,0.0,0.0,58.98169351542691,0.0,0.0,0.0,0.0,4.632890284596022,C3S1,7.9922023432193185,U.S.
844,MAHABUBABAD,Jangaon,Doma,17.626588512851587,78.73204386093488,8.57642328781663,Post-monsoon 2020,,8.07,1393.2747995106681,891.6958500397132,0.0,147.87754271769907,293.04808477097185,1.0959799698766997,164.8442901699235,3.0247881558812644,69.27958013990383,9.761768550876324,132.1337268942593,53.21357869154897,547.2723457989017,1.5653873125050692,C3S1,-8.119215481534544,P.S.
618,MEDAK,Chennaraopet,Ambatipally,17.55103473023517,78.58154016484092,3.1911642258689197,Post-monsoon 2020,,8.64,2307.6042073300314,1476.8667283910759,31.212281884439605,407.22398918796745,415.062693906752,0.5556034180045413,0.0,87.47713317416161,340.40230265813227,8.281202740261485,36.09914022706873,91.57298897279124,465.3332374685989,6.781348411487317,C3S1,-0.4484956141588541,P.S.
886,WANAPARTHY,Konijerla,Jukkal,17.344258919213306,78.52503992595409,0.0,Post-monsoon 2020,,7.97,1416.9867404083384,906.871501427184,0.0,340.0717546104561,218.13902722459974,0.6511451270556565,124.67561149501731,0.0,181.5041689008216,17.51847990456801,13.390147305171084,74.54833528457432,338.25259574789044,3.1516654046164887,C3S1,-0.2975071314946991,P.S.
752,MEDAK,Anumula,Bhiknoor,17.148486289669076,79.25303842551541,3.2354725097075563,Post-monsoon 2020,,8.46,2408.4019463175755,1541.3772806213397,22.12935404884307,334.9858662718286,440.0325076889985,0.9589982619736194,132.70276126371687,65.04010343160944,208.74066182171902,38.75040442420341,198.36248451777533,56.380965362638584,727.2777563476249,4.268696394324694,C3S1,-7.336329972696584,P.S.
439,KHAMMAM,Bantwaram,Alur,17.74398461042092,78.01516442431243,10.859955285657609,Post-monsoon 2020,,8.16,2282.4772728188013,1460.7854894152827,0.0,358.49531393600176,405.8392297435224,1.0251018268131251,155.50884137886095,83.29665094496781,229.63124251995154,29.636890191316137,154.9549203097347,51.16855381407467,594.4686259212166,3.0137430258967037,C3S1,-4.916053531841305,P.S.
701,YADADRI,Bibinagar,Velgatur,17.449015871181416,77.2372898787404,3.033921854091618,Post-monsoon 2020,,8.16,1674.4238656037642,1071.631232694841,13.74068650608703,516.3957336061418,249.22452221824813,1.5487236412296002,0.0,4.821681236765112,163.81769045832928,0.0,116.81646805225328,49.976586853997624,496.6172930474356,3.923407301446315,C3S1,0.7234084290583738,P.S.
600,NALGONDA,Basheerabad,Padamtipally,15.976627208013278,79.41566317362205,8.581626223836102,Post-monsoon 2020,,7.4,2109.921730548277,1350.3499542319967,5.504624133607379,421.25199331302315,391.1996677220166,1.1558733089643018,50.8810688390381,0.0,147.53986490195163,0.0,184.06216792425604,69.26980550499442,745.6052738162415,1.7608447398514957,C3S1,-6.399380497236201,P.S.
1084,NIZAMABAD,Talamadugu,Chintagudem,17.247426177351073,79.76519563980881,9.27127133825973,Post-monsoon 2020,,7.74,914.7615486227476,585.4473981827603,0.0,317.616969993971,87.15820225292975,0.858615103374492,0.0,52.5697433699048,185.78623390505086,0.0,12.902696815806792,3.204539006783783,43.37987949702409,5.682042967128048,C4S1,5.436680462777209,P.S.
120,MAHABUBABAD,Mahabubabad,Mahabubabad,17.5983,80.0011,1.26,Post-monsoon 2020,,8.02,1135.0,726.4,0.0,430.0,50.0,3.61,29.39245455,27.5,118.0,4.0,48.0,48.62,319.9177632,2.868368827,C3S1,2.201644737,MR
1023,NIRMAL,Shankarampet R,Devarakadra,17.118048672072504,79.03049324427812,0.0,Post-monsoon 2020,,8,1815.2562500669185,1161.763989011311,0.0,269.3659662906611,319.1737792480124,1.2432269379938645,150.47551427937583,115.36696566451889,191.8813704383688,3.246002686005636,112.54177265484302,46.91560532832422,475.9513217567435,3.731575597646181,C2S1,-4.943939511193693,P.S.
21,BHADRADRI,Palwancha,REGELLA,17.95,80.58,1.97,Post-monsoon 2020,,8.64,1414.0,904.96,50.0,550.0,70.0,1.24,0.150586,14.0,161.3,15.1,64.0,48.62,359.9177632,3.696620698,C3S1,4.801644737,U.S.
955,YADADRI,Yeldurthy,Kothapalli,17.84792306097337,80.5906453945163,0.05091217690764438,Post-monsoon 2020,,8.26,0.0,0.0,23.568225049443203,201.4305774085127,0.0,1.3569257723772035,0.0,0.0,0.0,0.0,0.0,2.686518164385717,0.0,1.2434441683908322,C3S1,6.740354280409608,P.S.
354,WARANGAL (R) ,Parvathagiri,Parvathagiri,17.744466,79.723991,3.9,Post-monsoon 2020,,8.09,2316.0,1482.24,0.0,420.0,350.0,0.93,245.0042273,47.75,214.0,2.0,88.0,116.688,699.8026316,3.517208805,C4S1,-5.596052632,P.S.
750,MAHABUBNAGAR,Uppununuthala,Marriguda,18.48268138220709,78.96376042344865,0.6345574264770848,Post-monsoon 2020,,7.02,623.7847656946225,399.22223409850744,0.6530844625162366,40.03950247833592,172.76563654336212,0.0,0.0,85.43494746267714,53.2797598078172,0.0,49.975778798250616,6.073571300663566,149.66223914347125,0.0,C4S1,-2.289114069145778,P.S.
1186,WANAPARTHY,Jainath,Rajapet,17.439455308263838,78.88680522636875,12.06674595199246,Post-monsoon 2020,,8,627.545980174011,401.62943776739144,0.0,222.8811455426193,30.836258561826327,0.7243060162207735,86.04912274762015,0.0,6.615144987277503,0.0,102.52907190305511,7.096667716621397,286.17814665966995,0.0,C3S1,-1.609258394928509,P.S.
522,VIKARABAD,Ghanpur Mulug,Chintagudem,17.26293284766104,78.4560571609612,8.997978108821712,Post-monsoon 2020,,7.05,1692.952165739664,1083.4893726488294,6.417723165738643,307.9269796748752,261.985571668153,0.5599142820580496,95.48552783606162,67.40194856766504,206.32374582762304,0.0,123.90085784823619,28.499297752659178,425.2344979242424,5.485955240034303,C3S1,-2.1973779820528705,P.S.
725,MAHABUBNAGAR,Dhantalapally,Elkicherla,18.999337645987744,79.44945057196726,1.0658293053655434,Post-monsoon 2020,,8.05,1513.257672526844,968.4848814021934,7.199693813962895,227.40800441491734,354.4606579461114,1.1160939691989948,43.6195020655083,0.0,93.38931617405895,0.0,69.725109296258,81.79636765487435,510.85264788118883,1.7612236135830637,C3S1,-5.55313211181418,P.S.
796,JANGAON,Nirmal,Rukmapur,17.577460532173802,77.99654965546719,5.058115143509304,Post-monsoon 2020,,7.38,1169.3387191133445,748.3767747571504,0.0,400.900266347466,127.88069389148784,1.5628084677724037,0.0,0.0,39.62940744729106,0.0,150.86281558208282,36.85660290362765,527.8197762853695,1.2918344558738593,C3S1,-2.5652186489679387,P.S.
882,JOGULAMBA(GADWAL),Charminar,Argonda,17.062029569389562,79.14735280705364,0.0,Post-monsoon 2020,,7.97,908.220977862029,581.2614494403074,10.197103072685097,610.915756311596,0.0,1.6984714297253614,22.502042309554817,0.0,133.66029003390753,4.03559833686849,0.4747557996802527,45.24827333570979,186.51698947917558,6.373319101115306,C3S1,8.62754994837308,P.S.
749,NALGONDA,Chandrugonda,Mamada,17.392316642958775,78.13521781475947,13.59538572511607,Post-monsoon 2020,,8.26,1887.5187514361273,1208.0119847873943,7.303318247705707,520.2426622495977,260.87596145833834,1.2499484219151522,36.21649404475183,81.59316923865117,283.37212326445416,0.0,69.81622587642173,78.3015087895383,495.9610826682003,7.360870241035784,C3S1,0.5978152894344282,P.S.
674,SANGAREDDY,Kesamudram,Doulathabad,17.41780820433275,80.08521419585004,0.0,Post-monsoon 2020,,7.85,2482.6797523210157,1588.9150302400162,6.41966266581858,533.5543302850239,383.3390328154773,1.3190611536644603,173.23537493817722,0.0,267.3492571588411,3.5917197373954775,129.2703398955494,71.77824373620946,618.5174994203317,5.100842979973249,C3S1,-1.562634923244116,P.S.
1123,KHAMMAM,Mallial,Nuthankal,17.558888810795715,77.52008135725322,1.3326655619498338,Post-monsoon 2020,,7.98,2186.020268651576,1399.052969255493,29.12469911776763,572.3051023383632,255.01530287952372,1.2525854782862436,138.26555104049527,23.653467497543318,201.49486313174387,0.0,169.34401556969948,64.00800950956572,686.1152471944945,5.3535470291673235,C3S1,-1.7003391919858797,P.S.
857,SANGAREDDY,Andole,Bodhan,17.54578692889503,78.17540632201798,9.32272487928362,Post-monsoon 2020,,7.85,1558.7705584298355,997.6131577542163,11.206112199621685,75.83177056385162,411.44485776317856,0.0,123.78187591056376,0.0,0.0,35.5657865621851,198.85095903380957,95.37845344702441,889.6962852735699,0.0,C3S1,-16.057612906446074,P.S.
130,MAHABUBNAGAR,Jadcherla,Jadcherla,16.774181,78.122404,9.92,Post-monsoon 2020,,7.98,1284.0,821.76,0.0,270.0,190.0,1.61,55.8054,30.0,116.0,1.96,80.0,43.758,379.9259868,2.587501755,C3S1,-2.198519737,P.S.
629,NIZAMABAD,Rajapet,Laxmanchanda,17.406888407722857,79.05033256345556,2.2805133100213055,Post-monsoon 2020,,7.4,2391.6829575393613,1530.6770555357732,11.162711065670777,379.39962561529273,347.753000466762,1.5767915088094284,154.3548816117543,142.11340758345978,213.68992076579303,14.671487027281259,246.4989083939804,39.60093179615928,777.7230558356653,5.578520827123118,C2S1,-7.864508369695708,P.S.
892,NALGONDA,Vikarabad ,Maldakal,16.099642225432568,80.01212914711729,0.0,Post-monsoon 2020,,8.08,1838.717253035949,1176.7790379210587,7.174736894197989,302.4336814610368,401.0641863479403,0.13355326756061647,0.0,18.20372298055912,131.45171370495305,0.0,120.01314819726895,85.22277409285542,651.9687540382502,2.7444448532782815,C3S1,-6.811652912891063,MR
518,NIZAMABAD,Bheemgal,S.R.Nagar,17.99082468596131,77.51392923361132,7.4483285442678655,Post-monsoon 2020,,7.51,815.2361699240175,521.7511362636835,15.08988371110385,284.0723308229373,0.0,1.9803741587615216,75.50789984214609,76.95274322102655,68.82239197769007,23.774801954362275,28.919749741921393,24.10429586792222,170.8696343993543,4.915570150068297,C3S1,2.6052094439301565,P.S.
271,PEDDAPALLY,Odella,Odella,18.4528,79.46,1.75,Post-monsoon 2020,,7.92,692.0,442.88,70.0,170.0,100.0,0.19,42.27681818,24.75,64.0,2.0,80.0,24.31,299.9588816,1.606649988,C2S1,-1.199177632,P.S.
590,MANCHERIAL,Lokeswaram,Kothapalli,17.002889728223785,78.60020796555406,7.184761989912829,Post-monsoon 2020,,8.38,1156.674487464285,740.2716292402292,13.688681562231102,342.1205401212319,66.87954779334476,1.5837996606805926,57.78147680946522,34.4851873308361,103.2487007775953,0.0,50.72138665124995,54.06773607861569,349.3727143372307,5.496132588285798,C3S1,0.16181152774268348,P.S.
942,BHADRADRI,Thallada,Tiryani,18.19369019062247,78.12633801549441,11.531361036305942,Post-monsoon 2020,,7.71,1526.1717097461496,976.7498781342716,8.76924389049954,238.25941576852517,307.92553271765445,1.2161093609041111,51.110363673095506,1.5174969732768133,115.47298179464076,17.394596920317188,129.71129696931405,45.26172706126216,511.3582591214909,3.097878207122889,C2S1,-5.24802398929988,P.S.
192,NALGONDA,Chandur,Angadipet,16.984083,79.018416,6.14,Post-monsoon 2020,,8.43,543.0,347.52,20.0,160.0,80.0,0.44,3.215454,16.0,52.0,2.39,32.0,29.172,199.9506579,1.598873443,C2S1,-0.399013158,P.S.
730,JANGAON,Dharmasagar,Narketpalli,17.054895521311217,79.24600787566496,4.685455959736437,Post-monsoon 2020,,7.31,1263.5441196835395,808.6682018069002,0.0,282.28614628962566,211.47150258979363,1.24774687982936,113.01467402545654,0.0,163.80720729784016,22.542112244763985,57.97036927932416,47.039552879027106,339.1192684755574,3.5236106706596253,C3S1,-1.2285566539097446,P.S.
843,MEDCHAL,Ghanpur Mulug,Damagnapur,18.183585324302157,79.59193539947296,14.143926826856891,Post-monsoon 2020,,7.4,801.5122999457695,512.9678730543428,10.380566937267005,389.87510005770326,7.872062107130887,1.8058921944636452,40.97846215906471,0.0,68.5114643298858,22.526594447414414,81.4605628395678,7.254902254177587,231.8344310510961,2.464008419960219,C3S1,3.3482031841936375,P.S.
1109,NIZAMABAD,Govindaraopet,Eturu Nagaram (S),15.861838498047943,79.23406093071893,5.941325777915793,Post-monsoon 2020,,7.51,1557.0528554221185,996.5137762786165,10.772977863421449,140.27681667287806,358.328759030849,0.0,150.80091721803308,0.0,61.65492988374611,0.0,105.18427550348414,95.67098421210329,658.3296303987713,1.5910415189628009,C3S1,-10.174357418999044,P.S.
818,RANGAREDDY,Anumula,Elkicherla,17.11470859277006,79.3947373191623,4.256606800782274,Post-monsoon 2020,,8.17,882.5503704677777,564.8322293246626,14.067432637326215,237.93010868447573,83.8363775839319,0.5203194590203877,40.045052926374,66.31544852675047,91.68180302396277,5.028612650019576,0.0,65.19732610449051,263.7939051927063,2.4995162917453695,C3S1,-0.16240060036308135,MR
588,JAGITYAL,Dharmasagar,Raghunadhapalem,17.074445180892067,80.26438655738308,7.050118758437271,Post-monsoon 2020,,7.64,263.795972597163,168.82940203819908,2.8194168789840766,333.0767423901374,0.0,0.9018115564491365,79.24898444110454,0.0,89.05268404254377,28.16440166932167,35.11791696306412,0.0,0.0,4.326004017558077,C2S1,8.201786048745422,P.S.
1140,JAGITYAL,Devaruppula,Siddipet,16.513905149832198,79.26749019596188,3.828726840396859,Post-monsoon 2020,,8.3,0.0,0.0,20.829357294336237,353.76458867811584,0.0,1.3736134486420528,0.0,0.0,87.6641942347828,0.0,0.0,0.0,0.0,4.642988056556857,C3S1,13.015789352021427,P.S.
801,NIZAMABAD,Gollapalli,Bibipet,16.927666884951236,77.52966708566294,4.82258277665029,Post-monsoon 2020,,7.85,1568.0779913236827,1003.5699355840711,0.0,260.9552402238654,272.79404870071016,1.3689120589846264,91.66004905764052,57.88018535666787,87.84037959233078,15.85340265731315,74.28569322092304,105.37010782462399,616.9535881372376,0.0,C3S1,-7.376905271094005,P.S.
533,MANCHERIAL,Narayanpet,Hanumkonda,19.404456555371244,78.95079506764498,6.534846922738986,Post-monsoon 2020,,7.62,209.24852212712472,133.91906711318597,10.460559807669108,78.57186497972035,9.632634789528936,0.4114954865631937,0.0,55.70694373273548,0.0,0.0,68.95114289351,0.0,155.73367481575798,0.0,C3S1,-1.3682603307609722,P.S.
67,JOGULAMBA(GADWAL),Manopad,Manopad,15.9656,77.9533,1.89,Post-monsoon 2020,,7.36,1588.0,1016.32,0.0,260.0,280.0,0.95,92.5661,51.0,99.0,2.0,96.0,68.068,519.8848684,1.887790386,C3S1,-5.197697368,P.S.
488,RANGAREDDY,Utnoor,Saidapur,17.02317149835032,78.76774685753755,8.91322646179358,Post-monsoon 2020,,7.11,604.5263515716524,386.8968103346284,0.0,383.05936186922395,0.0,0.17290046406265447,206.119563497294,0.0,55.38113316990315,0.0,3.2831627492833206,31.413144248925864,134.53237862465613,4.714221802029245,C3S1,4.746976377098017,P.S.
1150,SURYAPET,Anumula,Bommakal,18.09839625570889,78.75192756636991,14.57673144424962,Post-monsoon 2020,,7.29,1388.0880227320981,888.3763735939216,0.0,60.19792595217686,402.42036937884586,0.6123587714198111,0.0,30.908501273548488,0.0,0.0,208.90982849844602,49.14639354904813,724.7802089262636,0.0,C3S1,-13.44307725967124,P.S.
1161,KHAMMAM,Shankarpalli,Bondugala,18.28282619746475,78.89936459475587,8.618844135194863,Post-monsoon 2020,,8.77,0.0,0.0,16.091129400180954,0.0,0.0,0.7879301812467493,52.36830850290971,0.0,106.6318904083416,0.6343769390015783,0.0,0.0,0.0,4.252004544760263,C3S1,6.624922818376941,P.S.
1201,NARAYANPET,Yerrupalem,Dammaipally,17.468974265706347,78.6528613196702,4.6577980514173865,Post-monsoon 2020,,7.5,3301.709004485546,2113.0937297432492,0.0,422.21677151975445,626.2517602376264,0.4636774133871693,254.73023982019797,94.11281281953089,326.161182371981,0.0,155.16000695598663,149.71186212947075,1003.858175610475,4.189685560482851,C2S1,-11.875710209751212,P.S.
1011,NALGONDA,Rudrur,Sangem,17.063134413050875,79.7691686347025,4.945102753132037,Post-monsoon 2020,,7.88,393.989151083108,252.1530200147314,9.291757647969185,348.99635054822386,0.0,0.0,0.0,0.0,82.90463374796758,0.0,0.0,5.530746032490271,0.0,3.294015145209668,C2S1,7.681090358662512,P.S.
938,MEDAK,Saidabad,Kallur,19.12273155373178,78.11040315406905,2.5824102347958795,Post-monsoon 2020,,7.29,784.3895069108072,502.0092343359702,19.34760462549252,237.38473376623182,14.194220981408534,0.7946571950149682,95.13738984639488,3.5738561537972195,0.0,40.250692548063384,84.74698953347101,39.92685089707987,372.8601471715261,0.0,C3S1,-2.2792200926312813,P.S.
876,KAMAREDDY,Yalal,Pegadapalli,16.79622376731851,78.6852733861343,10.476782059082556,Post-monsoon 2020,,8.16,2398.4526263353964,1535.0096752192067,10.162998525645548,399.47715605041435,377.3404512468238,1.0682392039021484,188.20389261344923,66.4192698439086,197.68501220298674,18.122558727306952,162.12286892124845,103.14405022664565,829.8461593817584,3.261879930065937,C3S1,-8.399442159065456,P.S.
1003,SIRCILLA,Armoor,Morthad,16.433303508515248,78.55548493424625,4.6339224351456245,Post-monsoon 2020,,8.62,195.7048942431618,125.25111215846528,23.784870143787323,12.884061610158142,8.07300787278632,1.3021372434213487,69.31413507110426,32.39655624485706,24.502823350423242,17.96923540662933,0.0,28.55114466971455,7.868275806135671,1.129318585956695,C3S1,0.6584154558915549,P.S.
257,NIZAMABAD,Nandipet,Ailapoor,18.853,78.114,3.24,Post-monsoon 2020,,7.52,1995.0,1276.8,0.0,480.0,270.0,0.78,126.2265,33.0,200.0,0.31,120.0,77.792,619.8684211,3.492628581,C3S1,-2.797368421,P.S.
421,KHAMMAM,Mahadevpur,Nuthankal,17.74545914384977,78.0727088074809,9.845130865249432,Post-monsoon 2020,,8.34,1857.9536179395307,1189.090310892004,34.74208611337873,346.4574449559695,335.1029298998567,0.5222030963689,160.3064022212176,17.58691763860293,201.3804214336563,7.354192389652517,160.5923933178862,26.459968478634963,511.49960704544105,5.280540119705842,C3S2,-2.5717341282161255,P.S.
115,KUMURAM BHEEM,Tiryani,Tiryani,19.174472,79.27225,,Post-monsoon 2020,,7.98,594.0,380.16,0.0,240.0,40.0,0.68,12.48172727,4.5,23.0,3.0,80.0,14.586,259.9753289,0.620203099,C2S1,-0.399506579,P.S.
470,NAGARKURNOOL,Shankarampet ,Old Alwal,17.781655636563666,78.8443547268775,5.225286878388875,Post-monsoon 2020,,7.74,1266.9920562008583,810.8749004043142,17.17057297989389,384.8001437406067,71.0542247936985,0.7470179971204931,56.59443349831162,49.34404673183293,232.24294763426002,0.0,132.8842470837637,0.0,130.76237352324847,6.644155549638411,C3S1,5.438291775091027,P.S.
1130,NALGONDA,Mulugu,Koppole,17.313553490488616,79.4644174576092,6.427998441140258,Post-monsoon 2020,,7.55,0.0,0.0,8.197389385877923,122.83044825420362,0.0,0.5562899970984359,0.0,0.0,0.0,2.9445806543181794,0.0,0.0,0.0,0.0,C3S1,7.110469789267878,P.S.
784,MULUGU,Alampur,Bandirevu,17.37736544317707,79.28666948718629,0.0,Post-monsoon 2020,,7.56,954.3742020209218,610.7994765106791,4.293017285830807,172.03236182641027,130.06497369601,0.634623296723626,129.92735532216702,5.411732545951914,86.31167137163865,34.38447864191011,105.1608466407267,0.0,248.0053096887177,0.6829061143191675,C3S1,-1.3897827879558524,P.S.
963,NALGONDA,Huzurabad,Rudraram (S),18.673601340293388,76.95152595536194,16.899610838856578,Post-monsoon 2020,,7.45,2240.976124585888,1434.2247336192308,8.283925693225898,335.7055701211136,400.43283736055366,0.5841521691123244,236.6302225215244,40.76501372436025,161.47162365562772,41.09562755027858,167.65683672873547,84.6788955745948,766.257692030524,0.0,C3S1,-8.383152450374814,P.S.
865,VIKARABAD,Gattu,Maddur,19.963302559627618,77.86516807468821,0.6330439547806597,Post-monsoon 2020,,7.51,1136.4133661560497,727.304569371767,0.0,134.8354745675311,280.747271049306,0.0,64.0454147722343,0.0,0.0,22.5313863587939,98.42165132900342,73.60591320308285,548.6731147045767,0.0,C4S2,-8.637773293697947,P.S.
870,SIDDIPET,Shankarampet R,Tatikole,17.58612360336198,79.05648871858706,3.5215472124341822,Post-monsoon 2020,,7.53,3577.3147151550083,2289.481402975739,0.8163078366626353,501.16870212954814,699.9328806491459,1.5222811183926677,232.6934219406691,69.55355921728399,203.84368838975865,0.0,261.3123830217383,166.6769225862907,1339.172435599837,2.0496871507580936,C3S1,-16.675256585628695,P.S.
407,SIRCILLA,Renjal,Pudur,17.33509572326025,78.05117534841632,6.891096536871184,Post-monsoon 2020,,8.29,1573.1957216344697,1006.8452510684151,22.05776387934024,201.59529209342168,292.8579214546668,0.04828687227015871,243.6860224070538,0.0,55.67836431414821,11.516871665859867,99.42656113952583,98.7744882484066,653.7658804789567,0.0,C3S1,-8.516986645679381,P.S.
815,NIRMAL,Dornakal,Peddamul,18.763275771195268,77.61161064909068,0.5928788728031833,Post-monsoon 2020,,7.98,942.0344412031443,602.902064044574,6.8991203131652705,363.30966211516784,58.91979528016421,1.0260688832800715,0.0,70.9142302805038,103.15084336896616,27.34719357408211,78.58229652341225,21.949335506685106,284.99970782804166,4.3915577208671746,C4S1,1.7185242283139464,P.S.
653,NALGONDA,Parigi,Arlagaddagudam,16.718525100439788,77.51055357349973,9.01987910346419,Post-monsoon 2020,,8.3,0.0,0.0,19.70620579411551,254.96811596424243,0.0,2.395228634407377,0.0,0.0,0.0,0.0,141.0841051815972,0.0,11.009811448436892,3.8353219511391705,C2S1,5.340965276491204,P.S.
779,NAGARKURNOOL,Bibinagar,Bodhan,17.380744666402368,79.52003463243415,7.869595228182206,Post-monsoon 2020,,7.31,1053.2337714628545,674.0696499438245,0.0,313.6181591280618,160.2196122575235,1.4655095194699235,0.0,24.426014310676734,162.0795431258274,7.783587201397334,0.0,70.41106645130445,200.31823426060657,3.3541831248867005,C3S1,2.2159509797186847,P.S.
812,MULUGU,Narasapur,Kolanpaka,17.460990116573935,78.4410075148484,3.434262230349594,Post-monsoon 2020,,7.34,2227.3837004235775,1425.5255310107154,8.090187659256674,277.4139318137736,436.50521857073096,0.17632968922194048,224.14947539707305,0.0,196.66226233735372,0.0,131.00702712744712,83.8706378505129,672.2757346551984,3.957340117094458,C3S1,-7.640887818453097,P.S.
841,KAMAREDDY,Narva,Ankushpur,16.2452499206051,79.1938376152432,0.0,Post-monsoon 2020,,8.18,597.2536726653574,382.24233483517014,8.575614721737118,236.56019269660123,51.656157680836685,1.2479462943880537,0.0,44.13294844615857,0.0,30.57978956852127,82.41067579056804,33.02774735479943,342.30425110233404,0.0,C3S1,-2.0009013951826446,P.S.
1030,NAGARKURNOOL,Narketpalli,P. Narsapuram,18.631899868639422,79.34681309912578,7.174522769402433,Post-monsoon 2020,,7.59,736.4871757494112,471.3517990866848,0.0,311.3523335158627,0.0,0.09589373249267019,177.21094257351712,29.8917125799877,65.14398409048702,0.0,30.663812108857805,42.42714943972879,249.44557749880354,0.5366677795921206,C3S1,0.7813269565062888,P.S.
476,NIZAMABAD,Ghanpur Mulug,Bandirevu,18.713946431494705,78.47210098171378,9.123811112485974,Post-monsoon 2020,,7.6,624.6423125379697,399.7711295318984,8.523962658434876,484.8276805976775,0.0,1.350654800917607,0.0,0.0,100.55511823149351,0.0,23.926077814734683,11.33855379068109,104.37806493332141,3.56348996596449,C3S1,7.769147917259296,P.S.
534,NIZAMABAD,Atmakur,Nasthipur,17.58743650094379,79.6214669978445,0.0,Post-monsoon 2020,,8.03,1916.2872948673357,1226.4238562825708,13.732487339993897,326.4266723706668,280.291734075022,0.5223697218827466,231.09100601445516,0.05878558994564642,50.75260583751947,26.195842673716,143.2121139381149,112.79650079324736,821.6505108791946,2.526619360074763,C2S1,-9.673668389342522,P.S.
187,NALGONDA,Anumula,Anumula,16.798786,79.289548,2.4,Post-monsoon 2020,,8.9,1925.0,1232.0,30.0,690.0,90.0,3.83,188.2325,23.0,378.3,3.0,16.0,43.758,219.9259868,11.09098788,C3S2,10.00148026,U.S.
1118,VIKARABAD,Marripeda,Byathole,18.217558512374804,79.01225917185607,11.614702935048726,Post-monsoon 2020,,8.31,1501.2049240944887,960.7711622003144,0.0,378.02224211924204,133.00661828865225,0.0,246.77859133552525,35.9568066698507,59.48089771942553,7.429654486479638,133.81493077675185,74.18597776519111,637.9226990233274,0.4987885726251178,O.G,-5.4779298890477595,P.S.
565,NIRMAL,Kukatpally,Jakrampally,17.007273584926857,78.38641598480045,8.885450965936219,Post-monsoon 2020,,7.8,844.2174709202544,540.299185015491,8.409684980297481,257.6639641063781,112.7435157558792,0.33832577513611195,0.0,30.63394926236486,116.65974282643435,0.9636052578936045,81.91444961085328,0.0,146.579688334266,3.2009829649393926,C3S1,2.2977944620492763,MR
713,RANGAREDDY,Ramannapet,Jukkal,18.340635267154546,78.85433745106475,5.644909851849172,Post-monsoon 2020,,7.98,329.60141106045626,210.94490635155876,17.61824132894904,292.0368335731257,0.0,1.5965329133675445,0.0,31.499759082188326,35.726228634927395,1.8430835914069403,44.78234277738584,0.0,108.38296757625614,3.976145091011505,C2S1,4.048987558149426,U.S.
389,NALGONDA,Lingal,Bandirevu,17.90082235747,79.24169148161592,14.87596664445951,Post-monsoon 2020,,8.33,2828.887460075817,1810.4879577855963,16.285524233420144,388.346172757172,523.8962423674153,0.9433403248619263,246.18772830451843,68.83658871977049,268.25620890559424,66.24112310260671,132.54274394396663,123.61614441648965,837.3573121075949,4.452445439831488,C2S1,-8.709753120838242,P.S.
564,NALGONDA,S.Narayanpur,Raghunadhapalem,15.921482434152411,78.3146794005889,0.0,Post-monsoon 2020,,7.87,1354.9348687788367,867.1582972794833,7.300950264647849,345.87818246854994,93.24248359434702,1.4782216047422818,195.0088598045374,54.287136831613275,102.00661845876728,7.824032589858953,75.65904418910392,64.3459463653961,452.9946283061021,3.892051609938763,C3S1,-1.9227665634374937,P.S.
225,NARAYANPET,Maddur,Maddur,16.857,77.607,6.22,Post-monsoon 2020,,8.07,1577.0,1009.28,0.0,170.0,380.0,0.7,69.5353,20.0,95.0,3.17,120.0,68.068,579.8848684,1.715239941,C3S1,-8.197697368,P.S.
568,MEDAK,Julapalli,Atmakur,16.93655011363395,79.43594154349756,4.36204728910051,Post-monsoon 2020,,8.6,1265.7443561013179,810.0763720374824,22.84079860399284,379.8187237473003,167.48703193133917,0.8697745121295399,115.38461724503745,0.0,167.08321472312295,22.293731503996653,44.21175295981616,46.50100823005486,302.02569759331243,3.00589135580225,C3S1,1.9818108796420266,P.S.
1189,MAHABUBABAD,Thallada,Dharmaram,18.735486476676968,78.56209486370216,10.328900417159286,Post-monsoon 2020,,8,2075.2652582403507,1328.1697696911772,0.0,211.81413436736443,444.9428047775808,0.0,88.33807603286806,120.9613288461648,163.27525306046715,22.847916777035408,251.9925122178533,18.164041840308357,704.2171276979977,0.5331285567180886,C3S1,-10.257760786929104,P.S.
317,SURYAPET,Arvapally,Kodur,17.316549,79.622842,2.81,Post-monsoon 2020,,7.4,850.0,544.0,0.0,310.0,30.0,1.11,57.577,11.0,55.55,1.46,80.0,24.31,299.9588816,1.394521982,C3S1,0.200822368,P.S.
807,WARANGAL (R) ,Khammam(U),Tirumalayapalem,17.28785214599734,78.88286482097907,5.116782563307107,Post-monsoon 2020,,8.07,3181.048233438568,2035.870844986962,2.0118505205505697,457.6804333289748,688.5825221770319,0.06847210701528994,90.53243016823464,34.57894012963695,208.670891772524,3.123691326915411,275.8259570452071,111.94958292084482,1150.7000509775617,1.4274094675580349,C2S1,-13.783905956264066,P.S.
346,WANAPARTHY,Peddamandadi,Peddamandadi,16.4306,78.0251,2.7,Post-monsoon 2020,,7.34,709.0,453.76,0.0,260.0,60.0,1.86,16.87449,9.0,72.09,1.8,64.0,14.586,219.9753289,2.11329537,C2S1,0.800493421,P.S.
839,MEDAK,Thiparthy,Shankarpalli,18.324900481793364,78.78605686836298,5.713518487460718,Post-monsoon 2020,,7.8,1345.221700776393,860.9418708069155,4.119484086630801,400.9653952411037,196.802372755558,0.7597985542342669,46.0086437340702,0.0,57.48712424686374,0.0,151.49242586686483,45.75608668385312,565.5100189674348,0.8448749416893624,C2S1,-3.145456681921121,P.S.
387,MAHABUBNAGAR,Nanganur,Gannaram,18.348982588055932,79.1026045171388,5.025039362791633,Post-monsoon 2020,,7.44,0.0,0.0,5.940406669103645,225.92962829371567,0.0,1.6939094895109577,0.0,0.0,0.0,38.37643702017992,33.27579580401335,0.0,0.0,0.08997333881063208,C2S1,5.860927042642382,P.S.
498,KAMAREDDY,Utkoor,Parvathagiri,17.920262669012708,79.21642641656236,10.252882840196385,Post-monsoon 2020,,7.54,1885.734295807835,1206.869993021133,13.085910499733604,203.31360494294958,374.7031951792135,0.6204693926825029,110.88478677313687,34.68827444070602,151.80664781245218,0.0,66.34934637319549,113.82816513049525,632.9927967046838,2.502946345626391,C3S1,-8.27674391644883,P.S.
748,MEDAK,Laxmidevipalli,Eturu Nagaram (D),17.645750236759856,79.18478796556947,0.0,Post-monsoon 2020,,7.69,108.45412139207178,69.41068393763442,9.160522831976376,284.5320802299633,0.0,1.2675226855134403,0.0,0.0,91.03699878107722,7.6752249926742095,0.0,22.570893714357137,0.0,1.6696668162163866,O.G,8.990601311816297,P.S.
1025,NARAYANPET,Dharoor,Damagnapur,18.030325430198303,80.43461824905143,5.917087041861575,Post-monsoon 2020,,7.06,746.3583716520283,477.6694091984494,0.0,193.01728326609248,107.75959639156554,2.3509026117804273,0.0,42.90146199723172,91.86342601721691,12.577963419931532,3.0678559886574135,43.18349853029701,184.44590933400335,1.6099311272638008,C3S1,0.14782074186621985,P.S.
393,RANGAREDDY,Atmakuru,Mahabubabad,16.81625775239245,79.3258651760669,6.822726338027163,Post-monsoon 2020,,8.05,667.9823069979159,427.5087296768725,23.532420376082886,157.49678777123273,121.74667715283235,1.0683192604285792,30.968696001382973,0.0,67.83118828938987,0.0,31.263675720807903,34.31471731945145,219.20816239544644,4.337378570629015,C4S1,-0.6778352668343326,MR
230,NARAYANPET,Narayanpet,Narayanapet,16.7423,77.4812,2.11,Post-monsoon 2020,,8.09,1768.0,1131.52,0.0,390.0,260.0,1.13,95.97643,38.0,153.4,5.0,88.0,77.792,539.8684211,2.870473628,C3S1,-2.997368421,P.S.
340,WANAPARTHY,Atmakuru,Atmakuru,16.337,77.806,2.71,Post-monsoon 2020,,7.51,638.0,408.32,0.0,240.0,50.0,1.92,17.05165,8.75,73.0,2.01,48.0,14.586,179.9753289,2.365857246,C2S1,1.200493421,P.S.
141,MANCHERIAL,Vemanpally,Neelwai,19.04799,79.81505,0.48,Post-monsoon 2020,,8.21,540.0,345.6,0.0,260.0,30.0,0.65,0.201318182,5.25,58.0,3.0,56.0,9.724,179.9835526,1.879679252,C2S1,1.600328947,MR
415,NALGONDA,Yeldurthy,Bachannapet,18.058491925801217,79.61206674521566,16.948672066151314,Post-monsoon 2020,,8.2,1419.834253214302,908.6939399361363,7.688836935038573,142.72300653080808,271.3035915846705,0.0,15.113797075096173,110.71821598127627,139.2898073497398,28.292607994191556,118.50513956402548,13.395666538037766,351.85464805327166,1.9329196871416436,C4S4,-3.9724798187894104,P.S.
569,VIKARABAD,Gandhari,Ambatipally,16.492856381029927,77.60653631418997,9.906000598767722,Post-monsoon 2020,,7.59,2514.3494476336127,1609.1836626701795,15.419282723016595,412.2932734600682,416.23568904535693,1.6715125903487873,194.84407935598566,61.49923307966843,308.92439285278283,9.659659526114567,51.048248938260095,97.72152812833022,530.7509627423539,7.357300869439902,C3S1,-1.9916521252025445,P.S.
373,YADADRI,Rajapet,Somaram,17.725671,78.991785,10.03,Post-monsoon 2020,,7.42,3279.0,2098.56,0.0,240.0,510.0,0.43,578.4274,59.0,295.2,6.8,328.0,34.034,959.9424342,4.142532479,C4S2,-14.39884868,P.S.
1188,MEDAK,Palakurthi,Peddavolgote,18.17955210398093,78.50992647203923,0.0,Post-monsoon 2020,,7.74,0.0,0.0,2.5113253024644875,151.76512151714283,0.0,1.1389747124970293,95.23039091788928,0.0,0.0,32.233904052202945,44.24958550052191,32.35909815152587,244.8640394510007,0.0,C3S1,-1.8386960934311518,P.S.
313,SIRCILLA,Konaraopet,Nizamabad,18.4703,78.7189,3.35,Post-monsoon 2020,,7.62,779.0,498.56,0.0,320.0,20.0,0.75,42.67945455,9.5,43.0,2.0,32.0,53.482,299.9095395,1.079556756,C3S1,0.401809211,P.S.
101,KHAMMAM,Konijerla,Konijerla,17.2211,80.2908,1.39,Post-monsoon 2020,,8.43,1303.0,833.92,10.0,150.0,290.0,0.57,77.9504,19.75,95.46,3.32,48.0,77.792,439.8684211,1.978938063,C3S1,-5.597368421,P.S.
1202,VIKARABAD,Indalwai,Kukatpally 1,17.872299514741265,80.57066576356672,12.783222928771217,Post-monsoon 2020,,7.84,1610.0201066237175,1030.4128283306352,0.0,425.4970083802571,138.01036657279298,1.9141867240341244,193.8100133848103,55.55250131830354,118.54931407702168,22.610498199717245,73.09543046937542,92.73109923633268,562.9075506273844,3.16309656754429,C2S1,-2.7178725388268,P.S.
708,YADADRI,Korutla,Dhantalapally,17.911204459593186,78.95467503989595,1.449473358387782,Post-monsoon 2020,,7.66,582.0649772715535,372.52154659430664,0.0,305.05302265766153,0.0,0.7522406530042087,89.70603109720737,64.34322801284746,93.98633452508919,10.771430024516981,52.239856739907395,0.0,68.3007870787659,1.5421571640449738,C2S1,4.382977144944938,P.S.
245,NIZAMABAD,Armoor,perkit,18.808,78.315,3.8,Post-monsoon 2020,,7.3,1114.0,712.96,0.0,400.0,90.0,1.25,35.96348,14.5,72.44,3.14,120.0,29.172,419.9506579,1.536920745,C3S1,-0.399013158,P.S.
500,WARANGAL (U),Kollapur,Narasannapally,17.028933092448195,78.67129830673528,8.5516498567083,Post-monsoon 2020,,8.21,1475.3082348313128,944.1973079181297,0.0,366.48449592460275,131.0473668524786,1.6016736249754457,127.39673500722111,64.55922420222564,255.7149522383761,12.795314142084734,41.25441245248309,23.35001312662069,198.81644724583666,7.482246576334912,C3S1,3.134699676346226,P.S.
27,BHUPALPALLY,Mahadevpur,Ambatipalli,18.695678,80.061858,20.19,Post-monsoon 2020,,7.99,261.0,167.04,0.0,100.0,40.0,0.29,14.09227273,4.25,14.0,2.0,56.0,5.0,140.0,0.51444172,C2S1,-0.8,P.S.
322,SURYAPET,Nuthankal,Nuthankal,17.333829,79.691828,2.31,Post-monsoon 2020,,7.99,771.0,493.44,0.0,280.0,50.0,0.511,9.47806,9.0,32.6,2.26,56.0,38.896,299.9342105,0.818420995,C3S1,-0.398684211,P.S.
828,MEDAK,Nawabpet,Metpalli,17.31811875679876,78.7961379879929,10.728564014585507,Post-monsoon 2020,,7.47,0.0,0.0,2.194136867994458,24.008954374034943,0.0,0.0,138.76722242364895,0.0,0.0,14.423431408294146,12.627835466217647,0.0,0.0,0.0,C3S1,3.173588440329937,P.S.
1181,NALGONDA,Khammam(U),Tekmal,17.756136037323234,79.35542672964631,0.0,Post-monsoon 2020,,7.78,1053.9779150623926,674.5458598539659,25.69902447368954,214.47495164967086,210.81163161385868,0.20618482186793619,6.366794444406793,7.933689732127952,132.1548050637087,0.0,64.08384558933278,37.085879556420124,310.9275318021314,2.5916412234667248,C2S1,-1.410987354756863,P.S.
1069,ADILABAD,Thirumalayapalem,Kukunoor,17.185926974853402,78.77728725393395,3.826671110371235,Post-monsoon 2020,,8.07,1106.1829248961385,707.9570686082745,13.135596840608283,233.91005972148452,218.67356968712946,1.5298029532366018,0.0,0.0,182.2770737100096,0.0,14.519643277947239,15.804614646515958,100.6555313940201,5.993425850902943,C3S1,2.9384861285856245,P.S.
913,NIZAMABAD,Rajampet,Mulugu,17.768713734816828,78.4404173083125,5.449165281126609,Post-monsoon 2020,,8.11,1366.0177501076087,874.2513660103468,9.917069532706993,334.2068069101539,186.94033935283375,0.7876017785786051,79.30368084734708,48.31062741408195,115.78336449964554,0.0,60.23716652565996,72.24187368441567,446.6619236202944,2.236210912532615,C4S2,-2.1091522923289743,P.S.
1210,VIKARABAD,Nellikudur,Tirumalayapalem,18.44545113601149,79.22508713053703,8.795957110016484,Post-monsoon 2020,,8.24,1028.687246425398,658.3598590774412,16.51689013359374,232.65179906513768,134.26120789948982,1.5851082158884675,164.10314078769468,0.0,72.52350359455482,0.0,23.67915230364889,86.93130624061878,419.12480251725214,2.317960415274867,C3S1,-3.3883791843295405,P.S.
79,KAMAREDDY,Kamareddy,Narasannapally,18.2686,78.3617,12.96,Post-monsoon 2020,,8.36,458.0,293.12,20.0,120.0,50.0,0.32,7.21927,10.0,30.58,4.24,40.0,14.586,159.9753289,1.051194643,C2S1,-0.399506579,P.S.
631,KAMAREDDY,Doulathabad,Thipparthy,18.92146043611774,78.85337783069495,0.0,Post-monsoon 2020,,7.78,556.2265166973164,355.9849838322151,8.107662372219849,369.05929059301,0.0,0.333385028099055,0.0,30.000950257986236,9.535913537668009,0.0,0.0,64.97615112296793,263.22444229190194,0.0,C3S1,2.311994157626796,P.S.
425,SANGAREDDY,Mahadevpur,Manopad,18.95845960391526,79.80024251527603,4.12645258956289,Post-monsoon 2020,,8.46,122.05330943299782,78.11410612066516,18.957387939254602,206.03393282263409,0.0,0.8725634665446738,0.0,0.0,0.0,0.0,8.616584338011577,9.018820509122094,55.555765362001694,2.6950068166190024,C2S1,3.5111929251766187,P.S.
647,NALGONDA,Andole,Jukkal,16.172644478628076,78.60453768841276,1.1880085477541042,Post-monsoon 2020,,8.4,3066.83304065386,1962.773138078785,0.0,710.5151564054253,389.0633954883714,2.971921116405902,275.9840821685688,28.69312828371103,376.14482174400433,11.329591380494477,163.5908253798513,81.74554769297404,746.0192715196309,10.050439728644646,C3S1,-0.9773287378194659,P.S.
188,NALGONDA,Anumula,Chintagudem,16.833094,79.292086,0.92,Post-monsoon 2020,,8.38,1630.0,1043.2,10.0,290.0,240.0,1.37,198.8621,23.0,152.0,1.0,40.0,97.24,499.8355263,2.955984766,C3S1,-3.996710526,P.S.
925,RANGAREDDY,Tekmal,Medak,18.16122197587728,78.95236481269286,10.681141949596427,Post-monsoon 2020,,7.2,1574.9799906333076,1007.9871634458369,13.79909828248564,446.19386342580526,249.38022904058653,1.581352370586652,31.622561404304896,0.0,205.28384742440096,20.165366011981142,34.22493003132559,52.39423091939475,300.70873769446337,6.452354406395909,C3S1,3.1620451113822745,P.S.
862,BHADRADRI,Hanamkonda,Kathalapur,18.195877474956166,79.80454906242547,5.3057925823453385,Post-monsoon 2020,,7.4,743.279351364573,475.69876581227686,0.0,316.40192820212263,0.0,1.4450210723280343,143.39086443103065,30.68404697166536,42.780287007840485,7.935173877118306,89.29667862665717,19.31578318867195,303.33736031798236,0.2848313051910414,C3S1,0.04829880742161663,P.S.
890,VIKARABAD,Hathnoora,Narasannapally,18.541227265003513,77.14532901490485,7.720807491996567,Post-monsoon 2020,,7.93,1731.8548375028913,1108.387116570283,22.010093281096644,277.0072042600533,212.35176412177884,1.6029728101711496,175.17924237247541,103.54174062595692,145.49492714205513,0.0,159.7952306154109,41.533323905569645,568.1481036662377,0.4757930232837504,C4S1,-5.372617750882133,P.S.
563,ADILABAD,Tiryani,Rayakur,17.984422326878946,77.1032460531746,7.197162896091738,Post-monsoon 2020,,7.16,2774.4843968993355,1775.6700395763896,4.154049580831732,393.37277076048355,515.5388991373559,0.1975475387676877,269.2425332637978,18.326185034654593,284.9937182587779,25.865142071648368,156.32470095072574,88.44160661730223,754.3710671821175,2.873714531138605,C3S1,-7.269170256625939,P.S.
304,SIDDIPET,Jagdevpur,Munigadapa,17.8133,78.8242,9.73,Post-monsoon 2020,,7.83,1194.0,764.16,0.0,230.0,200.0,0.59,86.3655,14.0,44.0,4.0,80.0,68.068,479.8848684,0.873285627,C3S1,-4.997697368,P.S.
574,VIKARABAD,Kattangur,D.Malkapur,18.38301605532795,78.8752387743678,13.944065854346007,Post-monsoon 2020,,7.88,740.1109256792109,473.6709695105579,0.0,389.07770781827105,0.0,0.0,50.95633177481113,0.0,0.0,0.0,127.84497343089477,35.51090077026549,465.4654482904283,0.0,C3S1,-1.9372117438184877,P.S.
792,NALGONDA,Dharmapuri,Jogipet,17.382331120606196,77.8913517437587,4.909677470474956,Post-monsoon 2020,,8.05,1529.0569023699986,978.5963960051017,14.854416387391048,355.63292260732953,167.54198376785826,0.46916466970016657,138.63684244386633,30.382965108520214,130.52730908395912,11.507873259098549,146.86845408459212,22.022025428211286,459.77757487358036,3.449111604864334,C3S1,-1.789233355651909,P.S.
1002,MEDAK,Narayanpet,Narva,19.862034920927343,80.27850351189069,0.0,Post-monsoon 2020,,7.09,0.0,0.0,0.0,226.76204887192554,0.0,0.6293492769250856,25.35183325370592,0.0,19.956191484153294,14.041150659824734,0.0,0.0,0.0,2.262804685145237,C2S1,6.35140964173503,P.S.
162,MEDCHAL,Balanagar,Balanagar 1,17.47,78.45,3.7,Post-monsoon 2020,,8.19,1446.0,925.44,0.0,450.0,190.0,1.74,13.287,20.0,218.0,1.5,40.0,43.758,279.9259868,5.665093063,C3S1,3.401480263,U.S.
240,NIRMAL,Lokeswaram,Lokeswaram,19.0245,78.0899,10.3,Post-monsoon 2020,,7.69,434.0,277.76,0.0,140.0,50.0,0.3,2.617136364,9.25,38.0,1.0,16.0,24.31,139.9588816,1.396546912,C2S1,0.000822368,P.S.
265,NIZAMABAD,Vailpoor,Vailpoor,18.773,78.386,6.0,Post-monsoon 2020,,7.38,1052.0,673.28,0.0,330.0,100.0,1.04,47.43459,15.0,70.0,1.71,72.0,48.62,379.9177632,1.561440372,C3S1,-0.998355263,P.S.
1173,SIRCILLA,Utnoor,Gummadiddla,17.74706702257413,77.98566472205044,7.7813377952441325,Post-monsoon 2020,,7.09,1683.4654130687431,1077.417872565199,12.39047844796349,292.8147745083603,284.20883621296855,0.19707567449169427,134.9617026158517,1.3661760711607407,130.38035988259665,14.769921574203376,208.74981403001834,2.0651101202978595,531.3013842437107,2.38664882375976,C4S2,-4.634208642637216,P.S.
606,HYDERABAD,Palakurthi,Mangalpally,17.563002831322905,79.456739463814,8.055399818401048,Post-monsoon 2020,,7.71,1163.7167623418316,744.7787274677037,36.16013944096239,375.0537625032209,97.13037481865562,3.2168693765151373,0.0,45.4472132856348,249.39853377565635,0.0,0.0,14.51142310458389,31.605123878582162,9.439614982967047,C3S1,7.651253757212951,MR
591,KHAMMAM,Charminar,Borapatla,17.224813215089775,78.54876323476205,5.872162902366567,Post-monsoon 2020,,8.38,947.998228482033,606.7188481417636,0.0,463.26127483493326,11.747523175484645,2.8137587456537956,0.0,21.412311033332863,181.88808659899624,19.492554686233696,0.0,20.66827493634412,36.3724030898847,6.638999878167908,C4S2,8.105201128389655,P.S.
461,JANGAON,Nagarkurnool,Nagaram,19.254839920939673,77.55283358703404,7.349856791823875,Post-monsoon 2020,,8.11,920.2796645747949,588.9789655669757,1.8761525713694636,364.85714284949086,125.50419929266702,0.25577247959555216,0.0,0.0,0.0,0.0,116.79107548856106,61.083561833377466,543.1393028263159,0.0,C3S1,-3.4816534764806866,P.S.
980,KHAMMAM,Nakrekal,Parkal,19.12164704833131,79.28460732700917,8.473418615299593,Post-monsoon 2020,,8.18,393.8972707275567,252.09424988014393,0.0,341.2497711963764,0.0,0.0,207.21614809579143,0.0,0.0,24.950023253513667,134.82485811140825,0.0,321.502714357694,0.0,C2S1,-0.19556679166282542,P.S.
47,JAGITYAL,Pegadapalli,Pegadapalli,18.706388,79.064444,2.65,Post-monsoon 2020,,8.31,809.0,517.76,10.0,110.0,120.0,0.79,43.48472727,23.75,23.0,1.0,40.0,48.62,299.9177632,0.577429418,C3S1,-3.598355263,P.S.
550,RANGAREDDY,Chevella,Kukunoor,17.98828928160393,78.40739348073076,2.4325051789557586,Post-monsoon 2020,,8.34,1183.6364812761317,757.5273640514055,16.127586647059474,368.515135859646,50.03556965575552,2.046577945310882,40.9436662199612,92.18542083732197,213.31322307473215,13.455659228446326,9.986905867215569,25.825687782193658,130.60787584750045,6.2380334031264395,C3S1,5.182586521530549,P.S.
783,JOGULAMBA(GADWAL),Amarabad,Akkenepally,17.723686669868876,78.08782159716618,0.0,Post-monsoon 2020,,8.4,849.0046512144702,543.3629679495455,0.0,225.46207459830356,40.48477425831322,2.212326585168837,118.87365690483469,2.7731382619101623,30.60102226829278,2.7155597588709375,118.83816097558592,4.262588581815976,311.5281178413937,5.4057661529754775,C3S1,-1.621974493064168,P.S.
710,YADADRI,Devarakonda,Isnapur,16.977931782665152,78.43620405350359,4.247033345846023,Post-monsoon 2020,,8.01,1956.1146454565537,1251.91340892294,0.0,365.9490569852683,299.68117331150256,0.0,146.08751126610264,15.001690493533484,148.9708756297816,8.009605597059432,114.61377942165669,83.460011615794,630.7655737393098,2.7218523278350064,C2S1,-5.334883488104272,MR
436,YADADRI,Raikal,Nellikudur,17.607500740544356,77.86330419705972,4.87434599322617,Post-monsoon 2020,,8.43,321.15627480289277,205.5400500289395,0.0,259.0594032213827,0.0,1.2338372623467289,43.68981119979344,14.547887417707997,0.0,14.665946152109544,80.88582514848041,8.910480060980554,238.28409824865415,0.0,C2S1,0.1698678161882543,P.S.
559,YADADRI,Mugpal,Chinnaporla,17.919874764044977,79.66371599471103,8.067217037144768,Post-monsoon 2020,,8.35,0.0,0.0,0.0,329.22249459277026,0.0,1.3456810981456866,0.0,18.635749205588603,0.0,0.0,34.06303348409686,0.0,0.0,0.24638286553111843,C3S1,7.617693965702648,P.S.
543,WARANGAL (R) ,Rajapet,Bethampudi,18.44770211918414,78.09228684330064,6.478474758515619,Post-monsoon 2020,,7.11,532.2602189184964,340.6465293516692,0.0,320.9941421452308,0.0,0.2786481168073194,45.592736644093975,0.0,32.17449496619898,19.994690884684825,0.0,47.06072358044468,170.14282724542954,0.0,C2S1,2.9928051369808784,P.S.
896,SIDDIPET,Uppununuthala,Vattinenipally(s),17.228208807526414,78.46910729846965,5.067523452850719,Post-monsoon 2020,,7.94,1460.4763621218633,934.7048743773792,0.0,193.49369955560059,353.3373665729771,1.1754362747087332,0.0,40.76536599409084,45.983840938313804,0.0,120.95042084778002,90.74408271306504,676.9757296127008,1.6553882407274316,C3S1,-9.880958462447355,P.S.
372,YADADRI,Rajapet,Rajapet,17.729431,78.932968,2.41,Post-monsoon 2020,,7.8,906.0,579.84,0.0,230.0,150.0,1.37,37.51363,11.0,55.93,2.78,96.0,24.31,339.9588816,1.31887546,C3S1,-2.199177632,P.S.
1035,MANCHERIAL,Bijinepalli,Uppununthala,17.65880282759929,77.85455809659227,5.5569312001202,Post-monsoon 2020,,7.63,1099.713159053621,703.8164417306389,0.0,44.89384211734142,271.9099173754233,0.0,188.28764136380832,0.0,0.0,26.96415227503553,206.9393620741929,45.41508024675376,705.1855735625509,0.0,C3S1,-13.265815876830064,P.S.
74,KAMAREDDY,Domakonda,Domakonda,18.25,78.436,17.17,Post-monsoon 2020,,7.26,1879.0,1202.56,0.0,410.0,260.0,0.86,150.80745,16.0,65.7,3.71,192.0,72.93,779.8766447,1.022879739,C3S1,-7.397532895,P.S.
323,SURYAPET,Thungathurthi,Thungathurthi,17.398742,79.59122,1.66,Post-monsoon 2020,,7.04,4986.0,3191.04,0.0,430.0,1270.0,0.476,165.2017,110.0,464.2,55.2,384.0,116.688,1439.802632,5.318948907,C4S2,-20.19605263,P.S.
991,VIKARABAD,Varni,Utkoor,17.244467766857824,78.32190792677056,1.301712293117697,Post-monsoon 2020,,8.4,379.5760991940292,242.92871660116464,3.86389825635663,379.8858125912877,0.0,1.7580715571739194,73.55753179388878,0.0,79.07569225455018,0.0,0.0,16.407481712464282,8.98218598949694,4.578251142205403,C3S1,7.441958603981586,P.S.
73,KAMAREDDY,BICHKUNDA,Pulkal,18.399,77.767,3.17,Post-monsoon 2020,,7.66,1422.0,910.08,0.0,350.0,210.0,0.81,42.0755,24.0,97.0,4.18,184.0,9.724,499.9835526,1.886105751,C3S1,-2.999671053,P.S.
1027,MULUGU,Nampally,Old Alwal,19.042663114105423,78.51527818491473,10.838561008772363,Post-monsoon 2020,,7.17,886.4957085439155,567.3572779800422,3.334316419041928,511.3850473606417,0.0,1.248864966964039,36.33556317313262,42.5381113294677,36.21588820360648,0.0,101.13506453861196,51.3474320763686,461.88852218100703,1.1237553623735208,C3S1,1.0712616624297273,P.S.
1144,NALGONDA,Korutla,Adilabad,18.767439473129773,79.41072569627336,14.364169765245855,Post-monsoon 2020,,7.94,1711.1412683499912,1095.1304782244301,0.0,478.3993308835602,203.47120209207827,0.9212265008041884,62.13919377501908,42.460906405306986,264.41836301568355,0.0,66.30633850671437,41.76581252524959,335.2656667777145,5.187483608533761,C3S1,2.7411996238874727,P.S.
333,VIKARABAD,Nawabpet,Vattinenipally(s),17.445,77.983,3.35,Post-monsoon 2020,,8.73,580.0,371.2,70.0,140.0,30.0,0.38,40.0,8.0,35.0,1.23,24.0,38.896,219.9342105,1.026109749,C2S1,-0.198684211,P.S.
108,KHAMMAM,Vemsur,Vemsur,17.1442,80.805,1.35,Post-monsoon 2020,,8.5,660.0,422.4,30.0,160.0,80.0,0.35,18.46893,5.0,56.0,4.07,56.0,14.586,199.9753289,1.721757491,C2S1,-0.199506579,P.S.
589,VIKARABAD,Adilabad,Ayyavaripalli,19.231042277097583,79.55963410550318,21.57736284396465,Post-monsoon 2020,,7.88,1267.5959974699763,811.2614493960565,0.0,263.3196303595396,192.990635889266,0.83589915933563,67.88513997291228,81.26509631711694,179.52178669385506,36.029314398180155,38.93028619971314,32.629524224150124,228.73937642870834,4.999658829818751,C3S1,0.2816529204626983,P.S.
134,MAHABUBNAGAR,Midjil,Kothapalli,16.7506,78.2315,3.58,Post-monsoon 2020,,8.46,3349.0,2143.36,30.0,490.0,690.0,0.83,181.589,65.0,413.0,2.3,40.0,184.756,859.6875,6.124235881,C4S2,-6.79375,P.S.
128,MAHABUBNAGAR,Devarkadara,Devarakadra,16.6058,77.832836,7.29,Post-monsoon 2020,,8.92,957.0,612.48,70.0,380.0,30.0,2.21,0.97438,10.0,161.0,0.5,24.0,24.31,159.9588816,5.534697132,C3S1,5.800822368,U.S.
1060,WANAPARTHY,CC Kunta,Marripeda,17.620969880052296,79.3066215077194,0.0,Post-monsoon 2020,,7.06,0.0,0.0,24.325182870900193,370.242611193152,0.0,1.5472903657549342,0.0,0.0,37.813330985109786,6.226482379979563,0.0,23.73875116013059,0.0,5.12623191987837,C3S1,14.263226927130797,MR
712,MAHABUBNAGAR,Gudihatnoor,Bodhan,17.880650152540813,77.56401090992068,10.094974500566813,Post-monsoon 2020,,7.4,3790.0165517731393,2425.6105625906657,0.0,428.400194114326,838.4623797608662,0.529342399786007,163.0035387409905,28.280082827024046,263.607991991894,12.659680329600516,312.3685243537858,117.68174421927588,1265.6469262861053,2.2392124194673992,C3S1,-16.728595785392717,P.S.
985,VIKARABAD,Rajampet,Reddypet,18.76594275560199,77.7017602253383,2.412440312712242,Post-monsoon 2020,,7.09,770.4906083799781,493.1139782264325,9.329615370951856,285.9160491004938,49.327776811366505,0.3237331473432954,37.29581029061692,21.221825878321276,84.40161169402398,12.0422131857527,0.0,43.95593426740243,178.50018016503537,2.8677762168979286,O.G,2.303374698135771,U.S.
763,JOGULAMBA(GADWAL),Bodhan,Reddypet,17.771901291089062,79.35640943730259,2.1891755327681253,Post-monsoon 2020,,7.09,0.0,0.0,21.60736490860392,164.15009892266107,0.0,0.6265577871522485,0.0,15.254952690082595,5.251243213731442,0.2974671445050241,0.0,0.0,0.0,1.3874829782634313,C3S1,10.061485265481563,P.S.
566,WARANGAL (R) ,Yellandu,Kerameri,17.719535462090622,79.46338730319562,12.535179352548301,Post-monsoon 2020,,8.42,2077.056673367765,1329.31623313374,0.0,433.9119357482561,368.94883853598776,0.7743582610039876,29.882179484599718,43.1452100487554,61.78473620365155,0.0,176.72976424776806,124.6978658112231,953.5281897284785,0.2736041653861032,C2S1,-10.53539777203739,P.S.
8,ADILABAD,Tamsi,Tamsi,19.6811,78.4268,3.6,Post-monsoon 2020,,7.44,893.0,571.52,0.0,230.0,70.0,1.38,132.2660455,16.75,71.0,3.0,24.0,58.344,299.9013158,1.782548385,C3S1,-1.398026316,P.S.
297,SANGAREDDY,Kalher,Bachapally,18.1386,77.868,13.21,Post-monsoon 2020,,7.6,1371.0,877.44,0.0,480.0,130.0,0.73,10.080404,12.0,84.93,2.08,112.0,53.482,499.9095395,1.651534217,C3S1,-0.398190789,P.S.
112,KUMURAM BHEEM,Kerameri,Kerameri,19.444,79.05625,8.84,Post-monsoon 2020,,7.11,681.0,435.84,0.0,220.0,40.0,0.27,45.49790909,6.0,80.0,5.0,48.0,4.862,139.9917763,2.939753316,C2S1,1.600164474,MR
185,NAGARKURNOOL,Veldanda,Veldanda,16.73106,78.5211,5.74,Post-monsoon 2020,,8.46,1394.0,892.16,20.0,560.0,60.0,2.7,5.18193,25.0,240.0,1.0,48.0,14.586,179.9753289,7.778160809,C3S2,8.000493421,U.S.
861,NALGONDA,Midjil,Kurraram,18.39422602677491,78.86031757432225,0.0,Post-monsoon 2020,,7.12,875.982257371536,560.628667205416,0.31748219746456474,271.83759054853215,122.47627366268824,0.0,133.80625729591813,0.0,18.67803634307242,7.016928423950224,123.68272692114692,38.106509217070766,465.73274210968964,0.0,C3S1,-3.9785943108472237,P.S.
1170,MAHABUBABAD,Lingampet,Kodur,18.56140225980947,79.4618214654156,0.8876116329094152,Post-monsoon 2020,,7.51,352.9719550695545,225.90202591913805,19.152831650578662,346.86391777183826,0.0,0.3456778150054355,18.617524685251283,0.0,111.725422397901,20.03939467155198,0.0,2.330491128589202,0.0,1.293750857322521,C3S1,7.980009629029512,MR
456,BHADRADRI,R.C.Puram,Shadnagar,17.40125085513364,79.46571930448806,11.149731166483956,Post-monsoon 2020,,8.3,2282.310996479979,1460.679040950829,0.0,492.653436278082,341.78871307429085,2.1289412427036396,70.03998502505517,69.4667691827965,324.0614235049908,30.154472563426534,112.41297467086649,40.72467400405054,446.9257760241781,6.401306155287268,C2S1,0.6593827166916117,U.S.
1154,MAHABUBABAD,Bazarhatnur,Ravikampadu,18.384530167205906,77.955963045772,12.02447147817388,Post-monsoon 2020,,8.19,2877.1543292652013,1841.3787328462588,0.36962110495836153,410.9403522615771,599.9270075819745,1.7178274778172251,74.16616599935496,60.72959491760511,256.09137984207933,12.234127001437617,143.54247934740982,132.52158298546857,903.8600902451283,2.5475738409397155,C3S1,-9.819376831628217,P.S.
773,MEDAK,Gangadhara,Mulugu,17.078023773086088,79.47781754421752,0.0,Post-monsoon 2020,,8.26,192.75331950376903,123.36217395833262,23.274660096264206,274.82485221705497,0.0,0.9192645106857513,0.0,0.0,133.02248314118327,0.0,0.0,0.0,0.0,4.530585040083184,C3S1,9.327368354335588,P.S.
146,MEDAK,Narasapur,Narasapur,17.735,78.2819,13.0,Post-monsoon 2020,,6.97,1454.0,930.56,0.0,320.0,230.0,0.57,99.2096,18.875,85.0,2.32,128.0,58.344,559.9013158,1.5618357,C3S1,-4.798026316,P.S.
220,NALGONDA,Shaligowraram,P.Kondaram,17.249444,79.423055,3.6,Post-monsoon 2020,,7.8,2244.0,1436.16,0.0,450.0,390.0,1.29,108.9534,26.0,283.8,3.5,72.0,77.792,499.8684211,5.518953113,C3S1,-0.997368421,P.S.
645,KAMAREDDY,Kalwakuthy,M.V.Palem,16.44781056600135,79.44214031760535,1.9893081141639306,Post-monsoon 2020,,8.3,434.56263123597785,278.12005741609426,10.839555353880618,340.411713211847,0.0,1.183594812445656,84.85101796422785,9.633079536375426,25.53631868698882,6.361751650301505,41.27089153391087,19.381381969786915,183.30801940763772,1.1830721447938595,C2S1,3.269412070324671,P.S.
177,NAGARKURNOOL,Kalwakuthy,Kalwakuthy,16.667,78.488,8.75,Post-monsoon 2020,,7.1,2175.0,1392.0,0.0,390.0,370.0,1.22,190.447,30.0,116.0,4.0,208.0,77.792,839.8684211,1.740301631,C3S1,-8.997368421,P.S.
596,BHADRADRI,Nandipet,Kistapur,18.17772169893555,80.46549300239865,7.821412456668941,Post-monsoon 2020,,7.69,0.0,0.0,0.0,377.4300660598602,0.0,0.6611956454415848,0.0,0.0,0.0,0.0,0.0,61.804869674904765,211.3681098356964,0.0,C3S1,2.7319670728702996,P.S.
174,NAGARKURNOOL,Amarabad,Domalapenta,16.211577,78.87839,2.12,Post-monsoon 2020,,6.47,1585.0,1014.4,0.0,220.0,260.0,0.19,190.447,30.0,103.0,61.0,144.0,29.172,479.9506579,2.044142148,C3S1,-5.199013158,P.S.
977,BHADRADRI,Madgula,Doma,16.33589611907583,77.99870858038832,0.0,Post-monsoon 2020,,7.62,3267.9972628459736,2091.518318434004,34.80974438662026,590.8838720419628,571.8980576520648,2.986944673240128,79.55397838061768,77.35290314111302,417.07882793665027,1.836224172868814,124.47402008268688,118.25312052084996,796.4409459327027,9.994857261446942,C3S1,-3.3725436594517726,P.S.
57,JANGAON,Zafergad,Zafergad,17.7651,79.487,2.86,Post-monsoon 2020,,7.51,1690.0,1081.6,0.0,220.0,360.0,0.25,34.82804545,44.25,125.0,8.0,72.0,116.688,659.8026316,2.115802643,C3S1,-8.796052632,P.S.
1200,NALGONDA,Kalher,Mupkal,17.151434882907346,78.7107301849338,0.8014583141378608,Post-monsoon 2020,,8.04,1240.873460878366,794.1590384584247,26.373216305990944,323.26711011229145,93.58801001696735,1.0354022459999253,66.96731867997501,6.188864585255743,150.61687324058795,9.650219431102661,83.3160037459267,8.56762971511155,242.88062035470355,4.418262334833208,C3S1,2.1060220047448657,P.S.
823,ADILABAD,Doulathabad,Tamsi,16.304251266777957,79.95190909314891,6.177740065180902,Post-monsoon 2020,,7.17,739.0359137186958,472.98296025159266,4.854397864727873,93.73584032863806,113.64905097892839,2.0625687023042074,107.0463913088788,0.0,21.481680613088358,27.539659332880483,64.155956659086,30.08370970233047,285.9950441344838,1.766347014463598,C2S1,-3.7234932642245453,P.S.
848,NAGARKURNOOL,Pegadapalli,Nirmal,17.714189888392315,79.2350563826573,4.9130428131263795,Post-monsoon 2020,,7.81,2037.459075120912,1303.9737846101948,2.64705535999531,202.44891632061575,424.59422241041494,0.0,124.93527818017682,37.50336839153493,193.6698130418036,0.0,126.60676104389007,59.736805104199206,560.4797589071914,1.5923848016332312,C3S1,-7.122195676324614,P.S.
78,KAMAREDDY,Kamareddy,Adloor,18.3438,78.3435,12.9,Post-monsoon 2020,,7.65,717.0,458.88,0.0,320.0,20.0,1.57,21.12633,5.0,53.96,1.77,88.0,9.724,259.9835526,1.455027387,C2S1,1.200328947,P.S.
275,RANGAREDDY,Chevella,Dharmasagar,17.336,78.154,7.68,Post-monsoon 2020,,8.11,742.0,474.88,0.0,260.0,60.0,0.55,32.46457,6.25,34.0,2.3,80.0,24.31,299.9588816,0.853532806,C2S1,-0.799177632,P.S.
487,MEDAK,Farooqnagar,Munigadapa,16.9267044768272,79.22882651345788,11.11330522452391,Post-monsoon 2020,,8.15,0.0,0.0,12.131086978451698,113.84203606709153,0.0,0.6987625596129062,0.0,0.0,55.028510586297614,12.108412501652595,0.0,0.0,0.0,0.7721683088900317,C4S1,6.595010346488831,P.S.
756,KAMAREDDY,Kalwakuthy,Lokeswaram,18.764133329079165,78.32368103774016,12.969598105989272,Post-monsoon 2020,,7.27,241.5525263759339,154.5936519388648,7.622108688348851,333.26160498409547,0.0,0.0,0.0,0.0,1.1456491014967582,0.0,62.511085819323895,0.0,146.73972614021926,0.409693259641013,C3S1,3.879813641652157,MR
81,KAMAREDDY,Machareddy,Machareddy,18.329,78.493,6.02,Post-monsoon 2020,,7.75,1589.0,1016.96,0.0,370.0,250.0,0.58,59.57005,18.0,60.76,2.0,184.0,48.62,659.9177632,1.028359631,C3S1,-5.798355263,P.S.
832,SIDDIPET,Midjil,Yenugonda,18.189985589666232,79.74266534982061,0.0,Post-monsoon 2020,,7.1,2039.18135658568,1305.0760742370196,0.0,317.95982005598734,296.2812584416205,0.05049797182803306,262.0519575318426,44.436367480050194,69.1753645518191,20.437735645676014,167.99703835310154,102.44199654212294,841.2570574159902,1.5591983311548534,C3S1,-11.023666017941412,P.S.
87,KAMAREDDY,RAMAREDDY,Reddypet,18.409,78.417,8.2,Post-monsoon 2020,,7.31,650.0,416.0,0.0,160.0,100.0,0.51,20.55056,11.0,41.68,2.02,80.0,9.724,239.9835526,1.169793315,C2S1,-1.599671053,P.S.
46,JAGITYAL,Metpalli,Metpalli,18.847777,78.620555,13.53,Post-monsoon 2020,,7.64,866.0,554.24,0.0,300.0,100.0,1.47,12.88436364,26.0,37.0,2.0,56.0,63.206,399.8930921,0.804455337,C3S1,-1.997861842,P.S.
802,JANGAON,Shivampet,Neelwai,18.7554908624244,79.86412645351301,9.095912604890572,Post-monsoon 2020,,8.09,431.24065763881913,275.9940237526815,2.039826113072971,292.46599754863206,0.0,0.8291060897287292,97.06493137031877,0.0,0.0,8.174932811590567,86.91374704285997,31.110901258282396,344.1532678923503,0.0,C3S1,-1.011368820364423,P.S.
736,MAHABUBABAD,K-T Doddi,Mutayapally,18.484316820091923,78.38332462563027,15.033758842540259,Post-monsoon 2020,,7.67,0.0,0.0,0.0,322.5781623952882,0.0,1.121245789538354,0.0,20.340612520928563,0.0,0.0,67.35534137256415,0.0,8.640866603234258,0.0,C3S1,6.018870715226814,P.S.
314,SIRCILLA,Sircilla,Sircilla(urban),18.35555,78.78308,6.36,Post-monsoon 2020,,7.39,1776.0,1136.64,0.0,420.0,290.0,0.6,57.17436364,26.75,174.0,7.0,88.0,72.93,519.8766447,3.31796086,C3S1,-1.997532895,P.S.
1100,HYDERABAD,Ghanpur,Asifabad,17.700957077220686,79.65859778293996,10.805562260665363,Post-monsoon 2020,,7.39,1867.1669470081913,1194.9868375863844,0.0,402.23167736165504,364.9695306982459,0.6472693502183211,0.0,2.5828002089455744,129.44640115276374,0.0,153.5094515496901,74.43542552788024,690.5820073647742,3.7155884461910826,C4S1,-5.92377588811331,MR
893,YADADRI,Rajapet,Varni,17.501779382579613,79.53617914670465,3.953616957075333,Post-monsoon 2020,,8.77,387.72502131343185,248.14402128914185,31.425808757642947,272.4039397778135,0.0,1.4928912109195243,0.0,5.494195307671912,119.68060336859315,0.0,0.0,0.0,0.0,3.1193448630100202,C3S1,7.154202497901425,P.S.
325,VIKARABAD,Basheerabad,Basheerabad,17.211,77.444,9.04,Post-monsoon 2020,,7.94,2693.0,1723.52,0.0,440.0,470.0,0.59,217.021,37.0,300.0,4.0,184.0,63.206,719.8930921,4.861378272,C4S1,-5.597861842,P.S.
729,NALGONDA,Jangaon,Kollampally,18.502390993646195,78.31431406754298,0.0,Post-monsoon 2020,,7.99,501.68945448287457,321.0812310838829,29.979342094194756,331.8951797481629,0.0,1.6352821240025535,46.235719965615054,12.51416476146691,74.50441203323535,1.6396369378402564,0.0,34.12543182734001,127.25968405886204,2.13153921709019,C3S1,4.724435825129017,P.S.
538,KUMURAM BHEEM,Mamada,Kathalapur,16.839907295347558,79.53800265903715,3.0702870679136045,Post-monsoon 2020,,7.77,3125.746968033113,2000.4780199771628,12.474430177336377,321.8473258766786,636.3915508770309,1.1068470711192702,228.29106707134747,89.6951420467149,318.9223269318927,18.411822969378832,145.1570923014712,118.74539025788351,852.1178167019148,5.594612012664527,C3S1,-10.340443124356481,P.S.
1074,WARANGAL (U),Anumula,Gandhari,16.713803650145472,77.85963443766073,1.84202388166501,Post-monsoon 2020,,7.48,3749.1295491075066,2399.4428918311824,0.0,570.3421987483744,669.2076663312532,1.1288699280567,250.42333306521607,121.81555087398772,317.45490959929595,72.30826964535325,254.09034815462564,127.27357154645992,1160.95211151761,5.8859566093710765,C3S1,-11.842633087603906,P.S.
343,WANAPARTHY,Kothakota,Kanaipally,16.388259,77.960249,8.0,Post-monsoon 2020,,7.38,643.0,411.52,0.0,250.0,50.0,1.84,16.8302,8.25,72.96,2.34,56.0,9.724,179.9835526,2.364506865,C2S1,1.400328947,MR
1120,ADILABAD,Mellacheruvu,Gudur,17.664526272101888,77.75647166959266,6.763537982581212,Post-monsoon 2020,,7.74,1669.8759406228016,1068.720625994209,4.9188917867027495,391.2678250297897,328.1782408946883,1.0800293599151218,0.0,0.0,121.2539205953381,21.8944434166778,91.32438510100452,79.37898102856965,553.3661475668395,1.8443462157472623,C2S1,-3.1423655637696686,P.S.
987,BHADRADRI,Qutubullapur,REGELLA,16.50015999412248,79.33472880635732,4.093695281565756,Post-monsoon 2020,,8.04,3036.18446189391,1943.1580561192645,0.0,409.66460733007887,543.8442676127552,1.8249653084319257,290.2866653027928,42.740173210194826,270.4682832307767,21.642984021092374,177.74979359989953,104.73897857710783,874.9730416446757,5.426125860656948,C3S1,-9.448102069674405,P.S.
224,NARAYANPET,Kosigi,Kosigi,16.984631,77.705505,2.69,Post-monsoon 2020,,7.94,985.0,630.4,0.0,250.0,110.0,0.77,79.98774,9.75,29.78,2.7,88.0,48.62,419.9177632,0.631851083,C3S1,-3.398355263,P.S.
267,NIZAMABAD,Yedapalli,Yedapalli,18.678,77.954,12.21,Post-monsoon 2020,,7.85,889.0,568.96,0.0,360.0,50.0,1.1,12.31262,11.25,83.0,2.22,32.0,48.62,279.9177632,2.156924914,C3S1,1.601644737,MR
944,MAHABUBABAD,Valigonda,P.D.Mallareddy,17.757899434563075,78.44248731044893,6.017501260428325,Post-monsoon 2020,,8.56,729.456900829749,466.8524191420829,0.0,240.0986386412148,53.12423909336164,2.5902880385863387,0.0,40.120079304261424,22.198634306807705,0.0,146.67568236129503,0.0,301.9939669717355,1.1359648468545933,C4S2,-1.2615524679597832,P.S.
212,NALGONDA,Nalgonda,Mushampally,16.97492,79.32478,1.3,Post-monsoon 2020,,8.3,1014.0,648.96,10.0,230.0,160.0,0.59,20.46198,21.0,95.01,0.68,48.0,43.758,299.9259868,2.385252907,C3S1,-1.198519737,P.S.
972,NALGONDA,Hanamkonda,Raipole,18.356477557792736,77.35525649259797,2.4100420108612655,Post-monsoon 2020,,7.85,1961.6197488622802,1255.4366675510087,7.180892845376592,332.66790348842954,275.41246676791735,0.6644485131648254,218.91593618447888,69.48608571855038,173.0660947656148,0.0,184.88546959877252,42.66385506721146,638.2362783276756,2.1744077209164576,C3S1,-5.9968329748584654,P.S.
88,KAMAREDDY,Sadasivanagar,Sadasivanagar,18.406,78.264,5.36,Post-monsoon 2020,,7.47,690.0,441.6,0.0,260.0,40.0,1.48,39.50668,11.0,31.03,2.25,72.0,29.172,299.9506579,0.778984884,C2S1,-0.799013158,P.S.
442,NARAYANPET,Ibrahimpatnam,Pegadapalli,18.8425153530426,77.38263770007734,6.537462906457114,Post-monsoon 2020,,7.8,0.0,0.0,29.169270158042753,270.8108185119754,0.0,0.5794063927748857,73.81532443470546,0.0,0.0,24.021384523856582,5.913810944657229,0.0,0.0,1.704108189504664,C3S1,8.456242714272488,P.S.
215,NALGONDA,Narketpalli,Akkenepally,17.290078,79.235645,2.26,Post-monsoon 2020,,7.32,5988.0,3832.32,0.0,390.0,1630.0,1.83,5.13764,157.0,730.5,7.7,1.2,311.168,1282.473684,8.868867223,O.G,-17.84947368,P.S.
172,MULUGU,Govindaraopet,Pasra,18.207438,80.171524,2.62,Post-monsoon 2020,,7.67,1197.0,766.08,0.0,280.0,40.0,1.51,15.5015,29.75,76.0,10.0,48.0,43.758,299.9259868,1.908001483,C3S1,-0.398519737,P.S.
924,KHAMMAM,Torrur,Ayyagaripally,17.970745141426615,79.02456603949824,0.0,Post-monsoon 2020,,7.97,2223.77660429855,1423.2170424566737,0.0,190.71669093788054,518.5797567128909,0.44113466760235454,71.27291096114998,46.02495732626713,153.34298982172163,0.0,183.1942299655595,75.65272936491903,770.6091329055463,2.6393126904665327,C3S1,-11.684755275283528,P.S.
321,SURYAPET,Mellacheruvu,Mellacheruvu,16.83738,79.904517,4.91,Post-monsoon 2020,,7.77,991.0,634.24,0.0,310.0,100.0,1.13,3.494481,25.0,90.2,2.04,64.0,34.034,299.9424342,2.26443441,C3S1,0.201151316,P.S.
627,WARANGAL (R) ,Talamadugu,Bheemgal,17.226841100294905,76.84819594514852,7.875585778993543,Post-monsoon 2020,,7.29,1319.215657683311,844.2980049506633,0.0,262.2319275512166,236.82432440766755,0.6546283655728193,7.080384997416587,80.39608737577322,68.00341983587761,14.088114206022325,137.768453727838,39.33667566327297,505.73819783819783,0.0,C3S1,-5.0846747019367005,P.S.
883,YADADRI,Mellacheruvu,Ramadugu,17.606875600938032,80.04993837242496,1.5061316308440524,Post-monsoon 2020,,8.15,3088.085995925734,1976.3750498788854,0.0,491.8269619155717,539.9095208970393,1.9515365229159103,195.81965617574613,70.16113164438511,449.24261005696087,16.84406656257712,81.78924687885997,77.72201137258594,523.9896615523819,10.030396928633614,C3S1,-0.6596876809637258,P.S.
916,NIZAMABAD,Laxmanchanda,Gandhari,18.988432500753234,77.85203261862307,11.60567031042942,Post-monsoon 2020,,7.09,2303.74971641739,1474.3998132699244,0.0,177.1673219602415,540.7855872667722,0.4126702131290825,116.06290861779422,86.55823882574666,136.84694499614204,10.822986859017501,213.30031049943233,87.03171629831186,889.7482187844334,0.0,C3S1,-14.37130779014328,P.S.
32,HYDERABAD,Bandlaguda,Chandraingutta,17.333,78.484,7.04,Post-monsoon 2020,,8.32,557.0,356.48,10.0,140.0,80.0,0.45,2.43595,16.75,56.79,2.56,40.0,14.586,159.9753289,1.952169516,C2S1,-0.199506579,P.S.
973,KHAMMAM,Rajapet,Gudihatnoor,17.665530498100054,78.19651490189945,5.460172087823641,Post-monsoon 2020,,7.45,202.15293424633023,129.37790647169663,0.0,155.6096843767395,73.35388894985479,0.6807696412451173,0.0,0.0,0.0,0.0,47.17711902367398,6.243295506675828,145.14821007127387,0.0,C2S1,0.06985336089073657,P.S.
869,WANAPARTHY,Bibipet,Yerrapahad,19.06123464571972,79.44908413824804,11.337659526782872,Post-monsoon 2020,,8.46,0.0,0.0,5.237173901320761,223.35412375941678,0.0,1.1343745391781848,0.0,0.0,0.0,11.830114247040587,0.0,24.069027756113364,24.20638471967777,0.29962924577632943,C3S1,4.113987028017945,P.S.
241,NIRMAL,Mamada,Mamada,19.077972,78.522916,2.2,Post-monsoon 2020,,8.01,1387.0,887.68,0.0,250.0,270.0,0.75,47.71240909,34.25,101.0,7.0,104.0,53.482,479.9095395,2.004535936,C3S1,-4.598190789,P.S.
920,KHAMMAM,Khanapur,Banigandlapadu,17.274536532333478,77.22690139698628,10.672345220917407,Post-monsoon 2020,,7.67,2617.4654141572382,1675.1778648006061,0.39408417015468,424.56192665343286,467.87491751154806,1.7997160752200874,98.06640197319207,52.810736202373576,238.213752127511,11.96879715769402,194.12502674590493,61.57053410993529,740.3076115020847,5.697697446713075,C4S1,-6.290974274959149,P.S.
232,NARAYANPET,Utkoor,Utkoor,16.6407,77.5003,2.44,Post-monsoon 2020,,8.6,2472.0,1582.08,50.0,400.0,490.0,0.92,46.0616,48.0,325.5,7.0,16.0,121.55,539.7944079,6.091285653,C4S1,-1.795888158,P.S.
558,JOGULAMBA(GADWAL),Odella,R.C.Puram,17.854154938887984,79.40493605929382,0.0,Post-monsoon 2020,,7.44,201.0088807768907,128.64569633143833,9.033659653250353,264.4920918575189,0.0,1.495673957592173,80.89181814909266,93.84377556340681,21.9506654708549,11.346070500824464,18.595696476997873,9.357011875982849,86.50474771964588,2.2254506586172025,C2S1,3.7854410980345476,P.S.
1171,NALGONDA,Vemulapally,Rayaparthy,17.410880981414813,77.88881863506086,0.0,Post-monsoon 2020,,7.66,1010.0322290287652,646.4206488543393,29.304510226056497,100.03668891246062,156.83326986514496,0.0,189.7924411507331,0.0,85.33943463842985,15.183519991603474,61.912353846199835,38.484324378326455,314.70737531795027,1.2983895924736621,C3S1,-3.6702934044158977,P.S.
1160,JANGAON,Thiparthy,B.Pochampalli,16.39536094970447,78.27910895384046,5.768861926241564,Post-monsoon 2020,,8.11,1958.3164580239077,1253.3225042352644,0.0,363.4164333677882,309.3826579863661,2.62668262404604,105.51351471163022,39.235252846755394,273.70254374362685,0.0,106.76318181709662,45.67243037239696,453.2429326566729,6.707455866263465,C3S1,-2.0714244111393785,P.S.
243,NIRMAL,Sarangapur,Beeravelly,19.139638,78.261972,5.95,Post-monsoon 2020,,7.8,637.0,407.68,0.0,200.0,60.0,1.82,23.75554545,10.25,45.0,2.0,24.0,38.896,219.9342105,1.319283964,C2S1,-0.398684211,P.S.
1199,NIRMAL,Medak,Kurumurthy,17.798324751556805,78.38698087738618,7.662211441002283,Post-monsoon 2020,,7.78,2804.4759844892005,1794.8645665998938,3.2251828260853985,462.9297007071796,502.3999759278375,2.5392995832643788,106.3324572500284,49.632202589309415,344.55289828555533,1.1561235852131784,153.7290879580824,72.31736983298033,683.8239613367994,6.726020021044935,C3S1,-4.407482416212808,P.S.
138,MANCHERIAL,Jaipur,Jaipur,18.844277,79.579972,1.77,Post-monsoon 2020,,8.19,1726.0,1104.64,0.0,460.0,260.0,1.95,0.805272727,66.0,205.0,5.0,88.0,68.068,499.8848684,3.986493218,C3S1,-0.797697368,P.S.
619,SIRCILLA,Sircilla,Anumula,17.955196487718702,78.62076627715639,8.620356896094016,Post-monsoon 2020,,7.32,908.8376760658458,581.6560508252774,32.3358862181331,107.19881065507431,217.51471243839018,0.0,63.96365655169989,0.0,31.293050793809797,0.0,45.381605821161976,73.33496804335249,412.453459882195,0.7553666210252878,C4S1,-5.449943539990201,P.S.
702,SURYAPET,Thurkapally,Juvinile home,17.43221895067873,77.66920831969286,1.536990460027908,Post-monsoon 2020,,7.38,3936.599450301073,2519.4236806235417,12.735470507924015,306.5193576721525,849.0370420883495,1.6622137182829826,265.5835449668624,115.3158126535248,338.5227352664612,5.714717770545059,235.24678681191654,145.5037597068884,1185.643426714954,4.164809042344922,C4S4,-17.317169251611503,P.S.
583,NALGONDA,Domakonda,Kukunoor,17.478729096791906,78.85553403643034,3.5385287482685674,Post-monsoon 2020,,8.17,1915.9410600830988,1226.202298624306,0.0,263.63708375006206,402.95898863215734,0.0,56.51060420012813,57.23102597134276,151.9948196126445,3.014306298295149,140.87641051261298,69.86154921624072,639.5036412184847,1.4638113774814825,C2S1,-7.613473745634689,P.S.
499,KHAMMAM,Thiparthy,Balmur,17.708659314826708,78.72750173622585,0.0,Post-monsoon 2020,,8.31,3230.5442110385143,2067.5483756168383,0.0,306.83479592009184,763.1813301620989,0.604027639528536,70.79601525966719,94.26537936255272,280.1223139143341,0.0,161.6336130238227,150.14257787261278,1020.3399973406181,4.350458169375332,C3S1,-14.506546307545062,P.S.
13,BHADRADRI,Burgampad,M.Banjara,17.6447,80.7911,3.25,Post-monsoon 2020,,9.23,388.0,248.32,60.0,100.0,20.0,0.233,0.296743,8.0,16.53,2.69,24.0,24.31,159.9588816,0.568251824,C2S1,0.000822368,P.S.
111,KUMURAM BHEEM,Kagaznagar,Kagaznagar,19.355709,79.496997,3.82,Post-monsoon 2020,,8.32,699.0,447.36,20.0,260.0,50.0,0.93,38.85440909,12.0,96.0,7.0,56.0,9.724,179.9835526,3.111193244,C2S1,2.000328947,MR
84,KAMAREDDY,Nasurullabad,Nasurullabad,18.468,77.873,1.89,Post-monsoon 2020,,7.89,946.0,605.44,0.0,340.0,70.0,1.56,15.63437,17.0,72.92,1.6,16.0,68.068,319.8848684,1.772645838,C3S1,0.402302632,P.S.
344,WANAPARTHY,Pangal,Pangal,16.24721,78.104481,2.0,Post-monsoon 2020,,7,1270.0,812.8,0.0,280.0,220.0,0.64,3.72036,27.75,83.71,2.05,112.0,38.896,439.9342105,1.73522437,C3S1,-3.198684211,P.S.
724,MEDAK,Peddavoora,Ailapoor,18.75166119445356,78.72926391057571,4.036104624973854,Post-monsoon 2020,,7.96,2403.670907773475,1538.3494161115043,0.0,471.29637102865007,318.1548662773385,0.0,277.10388685163156,30.50078335105309,240.03433777717856,37.30578392658677,89.98184843594815,100.16786879162171,636.8339389037837,3.778190914837845,C3S1,-3.4605103441132803,P.S.
529,BHADRADRI,Bhadrachalam,Kallur,17.606778198494336,77.01721716392132,15.601769754959673,Post-monsoon 2020,,7.79,0.0,0.0,16.328484612355055,142.82944844485363,0.0,2.4951750707101414,0.0,71.58109952843002,18.017296782109696,0.0,0.0,0.0,0.0,2.5541142660754472,C2S1,9.35322432598077,MR
666,SIRCILLA,Rajampet,Bhosi,17.0195368806029,78.60016901573081,9.086724269615306,Post-monsoon 2020,,7.93,2180.4957594419247,1395.5172283018608,22.007939095915873,400.1198286079905,387.09686379203157,1.9194555295659506,2.0978291729720127,87.83514275474892,285.3894563326419,0.0,111.88835527554362,67.99515230991193,558.0814969714113,6.842418476883191,C3S1,-2.7078419137745815,P.S.
795,JAGITYAL,Shivampet,Alur,17.028116555275368,78.44665656404395,11.842561806644813,Post-monsoon 2020,,8.42,1747.913460772958,1118.6645983665676,0.0,409.6431232946977,256.33039857117643,1.228764898048459,207.90730745936247,0.0,71.94685796725105,32.41332026417887,89.98160468094801,112.53303036397719,688.4567282174374,0.29918653994439115,C2S1,-5.606495412583949,P.S.
299,SANGAREDDY,Kandi,Byathole,17.6111,78.1892,15.03,Post-monsoon 2020,,7.48,2458.0,1573.12,0.0,370.0,430.0,1.82,193.85733,49.0,261.1,11.4,184.0,38.896,619.9342105,4.559384665,C4S2,-4.998684211,P.S.
638,JAGITYAL,Narnoor,Ayyagaripally,17.07457613999704,78.58168392238017,10.819711894018194,Post-monsoon 2020,,7.94,2400.037706247172,1536.0241005276712,0.0,422.7977793613472,430.0734676640187,0.9972335765342181,213.6673204390971,27.06966241887351,203.82929551112937,13.267214469039542,183.99593198249568,67.96046087301019,736.8737932219785,2.7334643092640523,C2S1,-6.3792501892686015,P.S.
452,KAMAREDDY,Burgampad,Angadipet,17.523147367643215,79.9110101482628,1.9811195585723227,Post-monsoon 2020,,7.93,1219.3967914467448,780.4139668303835,6.691486601764247,321.60493382912983,142.41679558729686,1.077924000534895,36.097054141759,38.893262550849755,113.80563210635226,10.786875762441557,84.13042888243487,26.596527708953968,319.260787638656,4.02578682681953,C3S1,0.15265593286092782,MR
424,MAHABUBNAGAR,Chandur,Utnoor,16.801321895003717,78.35238559594181,7.72015295021491,Post-monsoon 2020,,8.17,2303.7007836375333,1474.3684772799377,4.296584871650899,501.9268346727121,255.29756945148728,1.5355974595702961,365.37694500298653,0.0,277.56003924540465,77.31735994180362,93.95279327995726,33.90719646651165,372.95152604130084,6.3954510477710205,C3S1,2.652329728673481,P.S.
208,NALGONDA,Munugode,Kompalli,17.099308,78.993715,3.14,Post-monsoon 2020,,7.73,1504.0,962.56,0.0,390.0,220.0,0.58,35.65345,27.0,113.95,10.66,160.0,24.31,499.9588816,2.215742814,C3S1,-2.199177632,P.S.
368,YADADRI,Choutuppal,D.Malkapur,17.258259,78.803218,2.33,Post-monsoon 2020,,8.08,1490.0,953.6,0.0,570.0,110.0,2.46,33.2175,19.0,133.2,14.4,104.0,48.62,459.9177632,2.700450974,C3S1,2.201644737,MR
557,MEDAK,Valigonda,Vavikole,17.898035793681878,78.84408116992032,0.0,Post-monsoon 2020,,8.54,1759.223853591591,1125.9032426919448,21.99286302212897,322.0536876705612,382.88156937315114,0.8645153182876864,0.0,33.1343405641944,185.7097019043842,0.0,102.39203815219146,54.343490841013555,478.962291562135,5.6235688256817555,C4S2,-2.6756489831656336,P.S.
204,NALGONDA,Kattangur,Cheruvu Annaram,17.198652,79.354249,11.07,Post-monsoon 2020,,7.17,2718.0,1739.52,0.0,360.0,670.0,0.4,17.22881,30.0,125.0,3.6,272.0,97.24,1079.835526,1.653877623,C4S1,-14.39671053,P.S.
552,NARAYANPET,CC Kunta,Sangem,17.97193872100234,78.66402157798748,10.336141417103438,Post-monsoon 2020,,7.61,940.8377067143991,602.1361437602616,0.0,411.27803076318685,54.76325490685724,1.7574897336836004,0.0,21.024426035097417,61.64025678461568,17.42285898315248,59.086743471620395,36.903088173497565,297.26233237789734,2.102410445742407,C3S1,2.141666105726172,P.S.
1158,NALGONDA,Vemsur,Nasurullabad,19.163032596503115,79.11232405707274,7.471267026981149,Post-monsoon 2020,,7.06,670.0009869740561,428.80064012358736,0.0,35.24493969951999,95.74301168326586,0.15195434286942966,95.99207122579473,105.98243524042081,0.0,0.0,191.37260677504221,12.761583089766837,529.2230565697648,0.0,C2S1,-10.033702289041942,MR
506,SANGAREDDY,Amarabad,Gadwal,17.888725799995104,79.08629647080404,0.7935241653711849,Post-monsoon 2020,,7.94,1642.2056908880547,1051.0116066471498,12.59153305218723,299.3902710673252,141.61377389518097,1.2613233035430982,222.4809369422328,91.49336772742456,137.871359240387,16.160424521559932,26.72002740848354,103.18380485926599,490.4656213187879,0.7842561071433525,C4S4,-3.6635078281892017,MR
677,NIZAMABAD,Mirdoddi,Vemulakonda,18.79337986745013,80.82207782499489,2.921637372869556,Post-monsoon 2020,,7.29,1112.9718526010383,712.3019989118172,18.1102474707869,202.8523875305313,113.65026294478234,0.8837499623776592,113.88706209856042,92.95147098147802,124.56125835332628,5.88013427976948,83.39917479884663,21.336420770789573,297.31110800703686,3.086565313617044,C3S1,-1.5204772170014507,P.S.
771,BHUPALPALLY,Tiryani,Chandampet,18.10677735953291,78.94069687797432,4.3923229019299415,Post-monsoon 2020,,8.36,1227.8518999793714,785.8252183703629,0.0,263.5105893121646,142.34432145092737,0.2308196950568694,112.29987266285576,40.80538330509229,0.0,38.960895568492724,241.21013639222087,17.909931582953156,678.840942378167,0.0,C3S1,-8.4155598335788,P.S.
664,BHUPALPALLY,Dummugudem,Tandur ,18.9595736617827,79.0709432082809,5.134550124570496,Post-monsoon 2020,,7.96,1163.6608559256713,744.7429556158688,0.0,364.6233841007114,89.2270905827487,0.7131038477112162,0.0,91.43885840955592,71.40095182571028,0.0,137.5862601124773,33.70611829523469,481.35100091607273,0.8841743741860857,C2S1,-2.4857504770995678,P.S.
402,MEDAK,kanagala,Vavikole,17.33456730966553,78.422182117582,5.376225095663327,Post-monsoon 2020,,8.09,1426.8376669489533,913.1760662489828,0.0,138.47645054371222,322.0320945559727,0.2904034622764057,141.72050302566362,7.081477598287659,105.04193753473734,34.55097959679252,87.65202485551721,61.83792524931392,471.96173960402854,0.0,C3S1,-6.6964363460139875,P.S.
1174,NIRMAL,Kesamudram,Marripeda,18.544722193588193,79.93159172301901,5.143813518417847,Post-monsoon 2020,,8.02,909.8426743773609,582.2993271146754,3.163646860925063,141.29038134876572,140.0628415640388,0.6737573143980153,101.54967478699695,3.42928932091602,9.76082520528476,1.4537452623290008,23.76820721594264,93.7832795862264,442.73232053938017,0.0,C3S1,-5.9883364967793495,P.S.
634,MEDAK,Hanamkonda,Balmur,17.182711354428356,77.42591502948184,4.131534812143562,Post-monsoon 2020,,8,1281.437296531892,820.1198995664745,3.889998101299094,154.10393939486275,284.9878140470383,0.4396928619408983,38.83005780440163,0.0,19.263447960791794,0.0,147.94489692635904,63.25962377040348,631.0505888106667,0.0,C2S1,-9.525694591433705,P.S.
923,KHAMMAM,Gopalpet,Maheswaram,18.002999843131192,78.30412731827509,5.596452795724415,Post-monsoon 2020,,7.61,2525.550568651339,1616.3523873963109,0.0,521.5285712646403,450.50256942593245,1.693035401560956,35.88081543791253,48.89722151066485,248.70919905558628,5.387630319458897,164.1524176587113,91.34895671252303,786.1998719123726,2.233798474928632,C2S1,-5.490074322753974,P.S.
432,SIDDIPET,Manuguru,Toopran,17.971084149221348,78.50617462893737,2.436291311732333,Post-monsoon 2020,,8.3,3067.253352756529,1963.0421316179354,2.628491891089778,414.60472606056857,591.0430406140986,1.5157143975230785,100.13126084935755,83.23117072589642,290.55554308608595,41.80903691440837,158.49862722759588,114.98914328002871,868.7024251930945,6.186586780578251,C3S1,-8.978912405689234,P.S.
1110,NARAYANPET,Charminar,Bodhan,16.326763505599263,77.14532932670555,8.054303887556195,Post-monsoon 2020,,8.1,194.3916428859734,124.41063924343769,0.0,150.95122883854884,58.77018281900641,0.0,38.261856936648066,0.0,0.0,18.27690878311858,83.77284776105537,81.17311153372077,541.2792470884856,0.0,C3S1,-8.384283426147995,P.S.
974,NALGONDA,Anumula,Mudigonda,18.678016222175515,79.30323216820653,2.9098650445388325,Post-monsoon 2020,,7.73,1733.9142659020538,1109.7051491514735,1.2248531665118074,291.36064135854735,328.6437066275464,0.4711148056571902,159.6388203072404,26.141962140468433,155.52392877552614,9.860404587586217,123.3029731030737,44.7569836459463,494.2817461533156,1.3914356469478286,C3S1,-4.077528860225042,P.S.
989,KAMAREDDY,Kagaznagar,Maddur,17.22150286325452,77.89935827789635,1.938342027708722,Post-monsoon 2020,,8.25,1632.6474400320458,1044.89437462856,10.04630582566979,531.7108764180463,93.09706731190846,2.5135389558929475,2.9541978477456325,121.10229905245848,267.10783151240344,1.2411603223330028,83.93340650981021,6.2885378009634465,234.95724543220882,8.222796353149231,C4S1,6.151173506515999,P.S.
824,BHADRADRI,Neradigonda,Angadipet,17.835096492828153,78.40837145352074,10.279462535154554,Post-monsoon 2020,,8.15,0.0,0.0,26.619227065722278,177.05102598249385,0.0,0.23510410161330375,0.0,19.13155677383496,0.0,23.26220150902382,23.078907802463874,25.13188427336565,160.01803266163034,0.0,C3S1,0.8848914964793955,P.S.
1111,JANGAON,Jakrampally,Isnapur,17.584935176930287,79.0226184436242,6.454638789549246,Post-monsoon 2020,,8.16,1749.4263965431685,1119.6328711376111,7.421912559782267,308.72668323774684,395.942054927861,0.0,0.1782916932644838,0.0,140.2446530857637,0.0,124.02170764032223,50.7898935810598,519.1398040985308,2.893344190178226,C2S1,-4.121888747737364,P.S.
860,JOGULAMBA(GADWAL),Mellacheruvu,Bhoompalli,17.411371677478144,79.11663231774736,0.7419670872634478,Post-monsoon 2020,,7.29,2630.57751071055,1683.5696195815717,11.06759990789936,452.381409818228,509.82499472549534,1.2013269909051536,106.50204172061416,39.00313185546524,253.1289441915905,0.7205344546179928,131.1240401720539,100.11281502619306,740.075084000413,5.4486897982208955,C2S1,-5.521793789280574,P.S.
182,NAGARKURNOOL,Telkapally,Telkapally,16.435091,78.440307,1.25,Post-monsoon 2020,,6.96,579.0,370.56,0.0,140.0,70.0,0.6,39.861,21.0,33.0,1.0,64.0,14.586,219.9753289,0.967384481,C2S1,-1.599506579,P.S.
733,NARAYANPET,Maddnur,Nagarkurnool,17.892823003607113,79.05729061485137,1.3203413014621646,Post-monsoon 2020,,7.44,923.521527509559,591.0537779759197,0.0,190.04019651990654,32.098939040874825,1.2142642335193459,270.0283865104789,5.6496053017009835,28.296521210262,7.679599493159271,80.30039336381226,32.57891079029501,332.26830213300263,0.2270587402882298,C3S1,-3.079332065654969,P.S.
396,ADILABAD,Nizamsagar,Kubeer,17.07830668510721,77.90147464604166,9.553988602420397,Post-monsoon 2020,,7.98,1886.833790438283,1207.5736533449235,0.0,451.16513908709055,268.4211293556368,1.8003254673897853,166.47194418210228,17.08234332471797,132.97839889230312,0.0,158.24694698655992,72.97960047876232,693.466844195226,3.9903840736733405,C3S1,-5.08425939108214,P.S.
217,NALGONDA,Nidamanuru,Nidamanur,16.84,79.285277,3.64,Post-monsoon 2020,,8.34,2162.0,1383.68,20.0,590.0,200.0,2.3,172.731,36.0,427.5,6.7,24.0,24.31,159.9588816,14.69616785,C3S3,9.000822368,U.S.
751,KHAMMAM,Bazarhatnur,Abdullapur,17.93135500489174,78.7042982934013,7.586206267495639,Post-monsoon 2020,,7.94,2313.6008196983553,1480.7045088975442,21.168232014105044,241.29981633085876,485.16177822987675,0.9813895007299573,61.68711151050053,105.89672279190322,80.84154856072027,0.0,213.99176060256286,130.90930760001652,1073.471741810468,0.3731281236062012,O.G,-16.141671834782088,P.S.
68,JOGULAMBA(GADWAL),Waddepalli,Santhinagar,15.94,77.839,0.82,Post-monsoon 2020,,7.8,3325.0,2128.0,0.0,420.0,580.0,1.16,335.7182,106.0,513.0,1.0,112.0,92.378,659.84375,8.682983493,C4S1,-4.796875,P.S.
1042,NAGARKURNOOL,Vemanpally,Kollapur,17.654563885601352,79.34783184916134,0.0,Post-monsoon 2020,,7.6,601.9570925547388,385.25255026715183,15.418011794805238,264.4924640191774,77.30719836322638,0.6670582750021646,0.0,12.992077084191836,114.88446449156895,7.293429678850338,0.0,24.917241732748668,64.28513003111613,5.341703006572315,C3S1,4.347065819575731,P.S.
643,JAGITYAL,Mattampalle,Nellikudur,17.62911035014281,80.63361990445068,1.0871756486832629,Post-monsoon 2020,,7.77,0.0,0.0,0.0,169.79480299124825,0.0,2.056252017684918,0.0,0.0,0.0,0.0,0.0,0.0,0.0,1.288777846189894,C3S1,7.84427600962073,P.S.
234,NIRMAL,Kadam,Kadam,19.096611,78.775944,1.38,Post-monsoon 2020,,7.84,1301.0,832.64,0.0,430.0,120.0,1.09,66.23368182,27.25,103.0,2.0,64.0,72.93,459.8766447,2.088279916,C3S1,-0.597532895,P.S.
361,WARANGAL (U),Hanamkonda,Mamnoor,17.9069,79.5969,1.2,Post-monsoon 2020,,7.97,1615.0,1033.6,0.0,200.0,250.0,0.85,192.0575455,44.5,160.0,5.0,88.0,48.62,419.9177632,3.394767404,C3S1,-4.398355263,P.S.
1131,MAHABUBNAGAR,Narayanpet,Usrikapally,17.438750306124795,78.47777338196737,7.445994970747035,Post-monsoon 2020,,7.69,355.52786232306494,227.53782553017527,4.3990026781446225,319.0845296443267,0.0,1.3386341739509582,0.0,0.0,25.530429239317613,0.0,109.99987822789929,0.0,125.11173596123541,1.5021716722311294,C3S1,3.943224389914293,P.S.
900,RANGAREDDY,Dharmasagar,Gattu,18.043695218490058,78.95856662848605,10.531030782806265,Post-monsoon 2020,,7.1,2283.2237092548244,1461.263169428104,0.0,389.6100517610114,234.57317366125687,1.150869627628531,367.3370546133533,118.37153725121729,199.07753562950046,18.69089646442409,139.93484494313617,75.7512215450707,660.185596528775,3.902278032659182,C4S3,-5.619808103850406,P.S.
200,NALGONDA,Gurrampode,Gurrampode,16.851709,79.091378,1.67,Post-monsoon 2020,,7.44,1397.0,894.08,0.0,440.0,150.0,0.38,1.7716,33.0,59.38,0.5,184.0,24.31,559.9588816,1.091023961,C3S1,-2.399177632,P.S.
385,NIZAMABAD,Metpalli,Balmur,17.420701997406336,78.94989267041046,8.512647432517351,Post-monsoon 2020,,7.65,2458.3479733307354,1573.3426701109806,0.0,501.6561825671809,513.0653897447548,1.0023527180757696,0.0,0.0,283.0780022022189,0.0,123.11587552680564,76.83087883639371,623.0480565118788,5.481325910213007,C3S1,-2.6221845365560115,P.S.
1048,VIKARABAD,Ghanpur Mulug,Gandhari,18.255452938688315,78.89798689396616,2.768843627997078,Post-monsoon 2020,,8.54,881.0711196645325,563.8854996004197,20.83316843656591,130.00287152912455,209.82938641519564,0.17556984965394173,3.189621515136892,8.255983888848029,39.07726440746585,0.32674692558453877,128.76294830283467,21.71055629080862,410.9761009675266,0.13894485442871796,C3S1,-5.1962669352729804,P.S.
1135,WARANGAL (R) ,Vemulapally,Yanampally,19.63362275479996,77.9890332892843,9.080215885348432,Post-monsoon 2020,,8.05,2314.724679023951,1481.4237968383413,0.0,387.8887368669466,463.4177428804984,0.8889648212895285,0.0,103.87343289395673,295.2272061197247,1.1483743366109804,92.72923510055368,71.4280339091291,523.7561319450184,4.839405140768464,C3S1,-3.3589668642306227,P.S.
1102,JOGULAMBA(GADWAL),Nirmal,Yenugonda,18.19777696200621,78.09448056563927,9.049775185796966,Post-monsoon 2020,,7.75,1937.0037613392703,1239.6823782399101,3.669542914702639,320.7756420528069,393.4939342006349,0.3144627372256583,171.2344263858465,0.0,133.89230503572855,29.42934207511727,145.98262007589605,53.43285032685086,583.4813520258521,2.520107354696867,C3S1,-5.203648703984092,P.S.
61,JOGULAMBA(GADWAL),Gadwal,Gadwal,16.2326,77.8021,0.88,Post-monsoon 2020,,7.59,9499.0,6079.36,0.0,500.0,2480.0,0.74,119.583,216.0,732.0,4.7,640.0,457.028,3479.226974,5.395626316,C4S1,-59.58453947,P.S.
163,MEDCHAL,Kukatpally,Kaithalapur,17.47,78.4,2.34,Post-monsoon 2020,,8.16,389.0,248.96,0.0,150.0,30.0,1.19,0.3,9.0,17.8,4.7,32.0,19.448,159.9671053,0.611894886,C2S1,-0.199342105,P.S.
353,WARANGAL (R) ,Parkal,Parkal,18.2016,79.6374,1.75,Post-monsoon 2020,,8.31,476.0,304.64,30.0,130.0,40.0,1.14,35.83463636,3.75,42.0,1.0,16.0,29.172,159.9506579,1.443871151,C2S1,0.000986842,P.S.
1015,NALGONDA,Mothukur,Nuthankal,18.48615792264103,79.16400995076282,0.0,Post-monsoon 2020,,7.69,3285.5774961624356,2102.7695939308414,11.069242152947863,594.651908205874,512.7369580345214,2.8379325043667865,279.68432391730414,54.1237817458978,367.5043800678463,14.69282884356805,155.32213559928095,101.9429202612836,809.003108149853,9.526179312616415,C2S1,-4.003817123303438,P.S.
786,ADILABAD,Arvapally,Jukkal,16.906624872166304,78.23827591856859,1.5483573471969936,Post-monsoon 2020,,7.1,1955.1952987126244,1251.3249883185342,17.001486435711826,327.7564615251714,313.4400054072904,1.0718227115824233,57.48645857097233,79.43632592376986,224.54427173464614,59.034806366109116,73.32566072741135,80.00285296155994,510.96027705810025,5.500282854985891,C3S1,-3.3514782541763504,P.S.
1020,RANGAREDDY,Maldakal,Bibipet,18.285230150285205,78.44148842185878,0.0,Post-monsoon 2020,,7.94,1225.3667069093012,784.2347087783872,8.91385026009541,157.1257432113749,355.0319169104963,1.4149797646523425,0.0,0.0,43.95820026727428,0.0,24.204134367135737,99.33838764441639,470.08770065422095,0.5024333501251084,C2S1,-6.106144148838403,P.S.
755,KAMAREDDY,warangal,Nutpally,16.29146010699797,78.41966505652817,7.885536622637216,Post-monsoon 2020,,7.71,923.2343423636381,590.869990110393,0.0,323.1476220843552,40.55489409275373,0.8968633927332621,137.32034044822007,33.62662572883249,11.68284995742681,3.022206020170044,174.60323412804775,12.8936644262374,492.1801520866086,1.2106344708936083,C3S1,-3.7659284531683506,P.S.
849,NIZAMABAD,Jainath,Project Nagar,18.283764307912364,78.24511734824193,0.2858549662813381,Post-monsoon 2020,,7.97,3178.897097646521,2034.4940845452122,12.46290124257874,444.50974227813776,641.7245674035294,2.0019231694987534,113.06256254363726,35.680980689484755,330.8013582074758,0.0,128.13521162909618,145.5693949937028,920.9796524487103,3.500056667479824,C2S1,-9.195798551982781,U.S.
1067,MAHABUBABAD,Yeldurthy,Medak,18.488116958093592,79.24854783035747,11.992142320361461,Post-monsoon 2020,,8.19,0.0,0.0,18.478134076300243,342.26353575986775,0.0,2.226167045335572,0.0,13.839104415497776,69.80597738926485,1.1946890720676047,0.0,4.417754265698321,0.0,5.344377019002099,C3S1,10.700829462282522,P.S.
95,KHAMMAM,Bonakal,Mustikunta,17.040809,80.223141,1.8,Post-monsoon 2020,,8.26,1720.0,1100.8,0.0,220.0,320.0,0.48,163.873,43.75,170.3,6.5,80.0,68.068,479.8848684,3.380012325,C3S1,-5.197697368,P.S.
512,WARANGAL (U),Bantwaram,Kattangur,17.98833859463998,79.08154522377097,13.804511439968437,Post-monsoon 2020,,8.48,2506.8935489022397,1604.411902410845,0.0,623.3560041193261,315.69137862538633,1.58015544407075,141.1397099276127,48.33392076908012,328.57338371075195,25.8970211912313,116.38425150323121,61.882177734849215,542.7711684848875,7.020486376146325,C2S1,1.4723828168578557,P.S.
1132,BHADRADRI,Nalgonda,Kothur,16.955678037517067,76.64977057596157,2.2158926741031677,Post-monsoon 2020,,7.4,1898.792063315212,1215.226894385621,0.0,158.72167944930553,497.58112188482625,0.378474731490708,0.0,84.92828534078282,58.04784358527729,0.0,203.083521986329,84.39372641151915,855.3172483076465,0.0,C3S1,-14.422293415056144,P.S.
567,NIZAMABAD,Hanwada,Basheerabad,16.206955902329046,79.20803477127603,1.938722900549525,Post-monsoon 2020,,7.6,1094.2994797554293,700.3516602921768,37.36189028639244,280.3907830930349,28.915697030303562,1.0238608070662598,123.7156403205443,73.65869774953194,180.9537515503153,26.502658277427642,32.96238977709442,8.166993352078507,116.28455195558024,5.408915762163518,C2S1,4.109162330406324,P.S.
735,JOGULAMBA(GADWAL),Gandhari,Nizamabad,17.7408651096318,78.68651596195566,5.5500506697726255,Post-monsoon 2020,,7.24,2625.72965171632,1680.4669778130092,0.18358242233262523,234.3889646624714,525.4226910478519,1.2963235608325914,228.458614832077,92.68815600144629,206.1456124018979,0.0,220.83623536667562,86.16938609179519,906.4471677641197,5.144811645012182,C3S1,-13.518989953595671,P.S.
612,NIZAMABAD,Marriguda,Dhantalapally,17.881588235387287,77.40072696991649,8.809926718743633,Post-monsoon 2020,,7.44,0.0,0.0,2.6243266864719232,79.02945366919317,0.0,0.0,0.1665455927405617,20.01825486270237,0.0,3.929792700985631,123.56326729117129,0.0,242.87649507346663,0.0,C3S1,-3.177337115581449,P.S.
97,KHAMMAM,Kamepalli,Kothalingala,17.429453,80.237801,1.96,Post-monsoon 2020,,7.73,3382.0,2164.48,0.0,100.0,780.0,0.2,471.6885,35.0,330.0,7.1,208.0,92.378,899.84375,4.783023907,C4S2,-15.996875,P.S.
1032,WARANGAL (R) ,Rajapet,Argonda,16.152562039072137,78.6993943834955,10.44867847923145,Post-monsoon 2020,,7,2143.3867754838384,1371.7675296597868,10.268239378871602,263.7602250456084,439.4538686121496,0.9164835861506988,155.43170734618337,36.98210613555082,102.21907183405926,0.0,178.7395671456308,105.56436722165876,881.6180705176921,2.9101945952953003,C3S1,-12.235315994501024,P.S.
806,NIRMAL,Farooqnagar,Gavvalapalli,18.828120389567893,79.30412063645178,2.233364973854211,Post-monsoon 2020,,8.3,2287.0627175691307,1463.7201659894279,11.10916111118852,357.3858626249958,398.97440742604795,0.6754463708837293,216.3555955621056,8.429407009632953,137.21972072817735,0.0,174.69247129203757,122.37060502426078,939.5958209716866,1.1697863090031668,C3S1,-11.353762797710866,P.S.
437,WANAPARTHY,Bomraspet,Munigadapa,17.00015455922178,78.91086410650476,6.402098765931862,Post-monsoon 2020,,7.98,1900.8426437647945,1216.5393256434086,0.0,211.1032557439525,365.95162511004514,0.35903397171155826,134.64104189066728,77.40651405318614,182.69018361571096,0.0,107.12228080204551,63.05449008957636,527.1520905410536,3.309112151246869,C3S1,-6.5248628041725745,P.S.
105,KHAMMAM,Thallada,Anjanapuram,17.2147,80.4625,1.37,Post-monsoon 2020,,9.04,2615.0,1673.6,50.0,850.0,170.0,7.7,59.7915,83.0,560.0,6.5,16.0,4.862,59.99177632,31.43506266,C4S4,16.80016447,U.S.
1147,WARANGAL (R) ,Bhadrachalam,Amangal,19.283161893447527,79.71599063202545,6.2788328840339975,Post-monsoon 2020,,7.93,1631.8564678746209,1044.3881102054597,3.087813695094737,335.69509564963505,269.34712686625136,1.6463694347348319,63.77242782051768,67.5041725084061,193.09184691154553,9.94896316835743,6.419244935163917,94.84879759232888,405.72925122094136,2.8526358946472397,C3S1,-1.400976449241215,P.S.
2,ADILABAD,Bazarhatnur,Bazarhatnur,19.458888,78.350833,3.35,Post-monsoon 2020,,7.77,823.0,526.72,0.0,250.0,50.0,0.66,97.438,13.5,70.0,3.0,16.0,53.482,259.9095395,1.887813529,C3S1,-0.198190789,P.S.
427,KHAMMAM,Pudur,Gummakonda,17.418016939839173,78.65313540499199,0.0,Post-monsoon 2020,,8.33,0.0,0.0,6.968867804302868,12.533826617059788,0.0,0.0,0.0,0.0,0.0,0.0,24.207018405183902,25.701328502169066,165.21383822562734,0.0,C3S1,-2.8638432083604286,P.S.
345,WANAPARTHY,Pebbair,Ayyavaripalli,16.1156,78.0236,0.8,Post-monsoon 2020,,7.53,635.0,406.4,0.0,240.0,50.0,1.84,9.3009,8.0,66.7,1.67,48.0,14.586,179.9753289,2.161680525,C2S1,1.200493421,P.S.
681,NIRMAL,K-T Doddi,Bhadrachalam,17.365910660262273,77.0424790674992,12.060441100597387,Post-monsoon 2020,,8.26,785.4757310332922,502.70447210303735,9.310439180026757,19.893900699802032,163.29487417423957,0.0,8.35851504842499,62.09224756234882,1.6117536833839097,1.9557557289873122,111.0204610112969,15.912371325318276,343.2756651378281,0.0,C2S1,-6.3370608691288925,P.S.
390,KAMAREDDY,Pebbair,Kagaznagar,17.34461898724831,79.10730037240093,4.0520095404949465,Post-monsoon 2020,,7.88,109.39068645443649,70.010046234328,28.994396264244084,0.0,0.0,0.5318017498772625,125.07151381958533,60.627798797619434,2.4351154487700057,6.465716368588998,0.0,0.0,0.0,0.614289152701982,C4S2,0.19565594644173512,MR
847,MAHABUBNAGAR,Anumula,Racherla Boppaspur,18.212600602568273,79.33842377875925,4.241334042444604,Post-monsoon 2020,,8.26,1426.2075651949804,912.7728021080188,2.393419585314945,182.1269836574057,359.31320455279536,0.46672505571502365,0.0,24.898780417036633,84.69217182892274,0.0,51.79507635523718,97.90755557323625,531.7254832233587,0.0,C3S1,-6.97723524436762,P.S.
505,KUMURAM BHEEM,Dummugudem,Parkal,17.529758267932465,78.90761222540398,9.687978911214124,Post-monsoon 2020,,7.94,3.226010113444545,2.0646728329472808,0.0,176.92287752544078,0.0,0.1458928176954627,36.69784091311574,0.0,0.0,12.673735388915784,79.42459118906555,1.2508869471498798,203.80497048853428,0.0,C2S1,-0.6483273926261945,P.S.
183,NAGARKURNOOL,Thimmajipet,Gummakonda,16.6224,78.19,2.16,Post-monsoon 2020,,7.2,5457.0,3492.48,0.0,530.0,1170.0,0.39,372.036,81.0,742.0,41.0,272.0,48.62,879.9177632,10.87564509,O.G,-6.998355263,P.S.
1014,KARIMNAGAR,Rajampet,REGELLA,17.48357180440711,78.89199468600137,13.767203628166772,Post-monsoon 2020,,7.2,1988.1281658914947,1272.4020382128037,12.084899769760423,268.74285678832973,327.3445138727952,0.0,149.91137689781988,69.64806546256321,104.42312633879897,0.0,142.9984344296144,109.91008788067819,808.4873030521392,1.0257574380079102,C3S1,-10.466040517576351,P.S.
891,NALGONDA,Rajapet,Saidapur,19.032134847883253,80.09598815387879,9.51128041659183,Post-monsoon 2020,,7.67,907.8700967798264,581.0368861954317,6.23939778163169,280.9731867407739,3.625189803099232,0.927304535394156,226.6280231915897,0.0,85.87374834014562,42.50663562003086,70.95061835636011,3.04400543900973,191.50464128776815,3.0091973570086874,C2S1,1.8989581338187098,P.S.
790,SANGAREDDY,Arvapally,Mangalpally,17.76397018807668,78.71758568858019,4.8773001712431565,Post-monsoon 2020,,7.29,977.8324032751935,625.8127367060146,6.455054685203777,410.1108173265678,65.63183001561714,2.05471213746411,0.0,0.0,115.36376554894304,0.0,114.67044070421201,0.0,222.2141551928946,6.233809666387624,C2S1,3.8298751015764814,P.S.
1057,NALGONDA,Jainath,Anumula,17.708362827994097,78.69286852556245,9.865543466974952,Post-monsoon 2020,,8.56,800.7082911495705,512.453299162345,0.0,269.2550469954212,137.96639044051193,0.4901031904679841,2.555432214329869,9.93276313752936,47.57564036983652,0.0,31.443200073269182,66.58070517285856,352.7587341529882,1.730390408723831,C4S1,-1.970458357796561,P.S.
611,MEDAK,Sathupalli,Torrur,19.341011061462392,78.98850754969857,11.01395155169265,Post-monsoon 2020,,7.78,1032.5423601913312,660.8271084998613,0.0,320.28166344555444,0.0,0.0,204.2768830369842,79.47782406326519,70.1728821141246,11.90205669131831,85.60813917581353,22.227149737529462,303.5539844200329,2.6652407184728433,C2S1,-0.22952278038739848,P.S.
48,JAGITYAL,Raikal,Raikal,18.910338,78.802852,1.36,Post-monsoon 2020,,8.31,519.0,332.16,20.0,120.0,80.0,0.38,26.17136364,18.25,24.0,2.0,64.0,19.448,239.9671053,0.673608486,C2S1,-1.999342105,P.S.
898,HYDERABAD,Dhantalapally,Velgatur,19.30575528353982,79.90784457370121,7.405411654914314,Post-monsoon 2020,,7.39,1833.7430218621835,1173.5955158046838,0.0,374.18086362663445,327.01832739430137,0.6043010171593199,0.0,0.0,138.25561402643447,9.184349143586259,70.46142494401798,89.25904029294574,544.1895811069581,2.679291939755066,C4S2,-3.460435547554284,P.S.
29,HYDERABAD,Ameerpet,S.R.Nagar,17.442333,78.443916,10.9,Post-monsoon 2020,,7.61,1271.0,813.44,0.0,320.0,160.0,1.2,57.1341,19.25,101.23,1.44,96.0,38.896,399.9342105,2.200833171,C3S1,-1.598684211,P.S.
646,SANGAREDDY,Papannapet,Mupkal,17.812182617434136,79.4264209660207,5.451907226337804,Post-monsoon 2020,,7.38,2323.569935120613,1487.084797624664,0.0,430.48438119845883,488.8631561626603,0.05800161559170003,115.36111553218197,0.0,60.651432368707724,0.0,263.63261755797214,104.75825911973098,1091.4783576442512,1.0704292844611754,C3S1,-13.780592975244794,P.S.
160,MEDAK,Yeldurthy,Ramayapally,17.9453,78.3213,3.75,Post-monsoon 2020,,7.85,690.0,441.6,0.0,260.0,50.0,0.79,17.716,8.75,35.73,1.41,48.0,38.896,279.9342105,0.928489917,C2S1,-0.398684211,P.S.
1143,SURYAPET,Armoor,Mushampally,17.052443218462496,79.5522588382067,1.0456853121120337,Post-monsoon 2020,,8.79,1479.6184113639538,946.9557673109658,9.86810507492674,448.7162778154569,198.68917127721593,1.9331848168950607,0.0,0.0,110.93613663447871,0.0,75.29780264109374,82.73374173290338,530.0997780098653,3.6084121769243147,C3S1,-1.494768843828987,P.S.
405,NARAYANPET,Saidapur,Gandamalla,16.8181024118872,78.03420378084242,0.0,Post-monsoon 2020,,7.51,1157.3325148005451,740.6928221670868,0.0,260.45266920235645,72.97964449553564,0.234474380819239,223.77500802777843,13.61507008056419,61.38798862382715,1.0334580798695638,86.69170017001156,38.29331887550644,371.60758022111486,0.0,C2S1,-2.1539981003119477,P.S.
423,KUMURAM BHEEM,Yeldurthy,Maheswaram,18.057916812327488,77.26246346682439,8.166043857778735,Post-monsoon 2020,,8.3,2312.3514763505477,1479.9049406402664,31.176320283837242,581.1883175646885,250.7095122820146,1.859521860271594,267.5544782473644,17.50467730492869,200.63360147807316,3.7998772009842505,166.70075123302738,86.30243246604084,769.8118902410736,3.5813467909339622,C3S2,-3.0893814907654433,P.S.
878,NIZAMABAD,Renjal,Nidamanur,18.443310327982513,80.22345888814351,7.927931105712386,Post-monsoon 2020,,8.02,2169.8575314026657,1388.7088177776782,28.65019982884241,365.0735041946431,365.7092846523156,1.1360916195805308,207.40270535214282,50.46891541801607,251.11391015751548,16.086217768545463,25.405014807712476,126.64497739910476,582.1519535768463,7.918473043540304,C3S1,-3.7895027978666205,P.S.
398,RANGAREDDY,Vailpoor,Shankarampet,17.914524760950503,78.63941024849157,15.884386324812091,Post-monsoon 2020,,8.21,242.82012565090713,155.40491379603964,13.522705240202193,192.74993497148452,0.0,0.0,3.842572517903733,0.0,0.0,10.091263062409084,143.13635904991472,3.6463211016437995,372.70732332246905,0.0,C3S1,-3.3621342664868825,P.S.
263,NIZAMABAD,Sirikonda,Peddavolgote,18.604,78.426,2.45,Post-monsoon 2020,,7.4,1888.0,1208.32,0.0,520.0,180.0,1.15,84.151,101.5,250.0,10.4,112.0,34.034,419.9424342,5.304168255,C3S1,2.001151316,MR
1022,NIRMAL,Kodangal,Bibipet,17.319570000935965,78.6294188419902,10.623156938835766,Post-monsoon 2020,,8.33,2080.8789615556893,1331.7625933862987,8.170024225716125,306.27673827214755,326.37647531997357,1.894192311842147,183.2672907033267,63.523265218600734,93.5352140172717,25.183728496077535,182.07384722975473,86.68873086168949,808.6882196291147,2.2150254355437706,C3S1,-9.9002201360559,P.S.
644,NAGARKURNOOL,Shaligowraram,Bachode,18.593413121630846,78.5703989253837,6.572056854236244,Post-monsoon 2020,,8.21,1570.8892340808488,1005.3691624924808,3.3267981837844465,177.87571478385482,288.88011919576394,0.32514485676622507,182.78607519894655,12.226799315837358,78.34854964839695,0.1965488679256735,155.2762829071606,53.140740066509935,604.927064112512,0.0,C3S1,-8.386944016037127,P.S.
109,KHAMMAM,Yerrupalem,Banigandlapadu,16.86,80.48,4.11,Post-monsoon 2020,,8.58,1560.0,998.4,10.0,380.0,110.0,1.21,349.4481,19.5,78.63,0.55,40.0,140.998,679.7615132,1.311239893,C3S1,-5.795230263,P.S.
330,VIKARABAD,Kodangal,Kodangal,17.0992,77.6011,5.14,Post-monsoon 2020,,7.29,1590.0,1017.6,0.0,130.0,310.0,0.86,221.0071,24.25,118.0,2.29,96.0,68.068,519.8848684,2.250093591,C3S1,-7.797697368,P.S.
1050,ADILABAD,Gandhari,Pudur,17.896590130456755,79.42239639287415,0.0,Post-monsoon 2020,,7.66,1330.9151010476744,851.7856554587917,0.0,313.5343149818498,179.48178875266126,1.624022821725742,185.66920933054575,0.0,88.60048687071688,54.01953618046185,141.2318398441265,16.369824908693246,419.3167157675023,2.2129774660586454,C3S1,-2.1786413655844195,P.S.
44,JAGITYAL,Mallapur,Mallapur,18.9647,78.7064,5.59,Post-monsoon 2020,,7.85,708.0,453.12,0.0,120.0,120.0,0.84,43.88736364,11.0,24.0,5.0,64.0,29.172,279.9506579,0.623652488,C2S1,-3.199013158,P.S.
810,ADILABAD,Shankarampet R,Kollampally,16.92559803653754,79.85580926729446,13.20687402619767,Post-monsoon 2020,,7.85,1570.5589693700426,1005.15779453361,0.0,416.88686078161436,98.56471637770599,1.9526837157718133,229.3271256600591,34.33870469082623,262.3770650263669,33.90991064031915,38.03713976990485,21.182264615148544,180.44150189098,5.214169477123287,C3S1,4.62618144149406,P.S.
940,SIDDIPET,Shankarampet R,Akkenepally,16.86022970815079,77.71205253139736,11.003148013331753,Post-monsoon 2020,,8.38,652.5828706752266,417.65297886219645,24.122940594569215,247.38468489011757,137.11707105517422,0.4810135475193018,0.0,0.0,49.41449064621854,0.0,46.628093604892825,24.343996583504676,217.40052991496097,1.226580171497467,C3S1,1.0511064169732376,P.S.
244,NIRMAL,Tanur,Bhosi,19.109333,77.879444,3.8,Post-monsoon 2020,,7.94,1572.0,1006.08,0.0,370.0,160.0,0.44,196.8891818,33.5,133.0,2.0,96.0,63.206,499.8930921,2.586337741,C3S1,-2.597861842,P.S.
5,ADILABAD,Narnoor,Narnoor,19.495665,78.852654,1.38,Post-monsoon 2020,,7.67,710.0,454.4,0.0,270.0,50.0,2.28,4.026363636,14.5,129.0,2.0,32.0,5.0,82.87828947,6.160862054,C2S1,3.742434211,U.S.
270,PEDDAPALLY,Julapalli,Julapalli,18.6205,79.2492,3.38,Post-monsoon 2020,,8.42,1568.0,1003.52,90.0,320.0,240.0,2.24,7.448772727,64.25,268.0,16.0,64.0,19.448,239.9671053,7.521961422,C3S1,3.400657895,U.S.
207,NALGONDA,Munugode,Kistapur,17.156249,79.017026,3.13,Post-monsoon 2020,,8.68,1320.0,844.8,30.0,530.0,50.0,2.63,15.111748,15.0,282.0,1.6,8.0,9.724,59.98355263,15.8308845,C3S3,10.00032895,U.S.
96,KHAMMAM,Kallur,Kallur,17.21,80.5467,1.94,Post-monsoon 2020,,7.71,1152.0,737.28,0.0,290.0,150.0,0.73,67.3208,18.0,86.0,14.61,32.0,72.93,379.8766447,1.918444848,C3S1,-1.797532895,P.S.
219,NALGONDA,Peddavoora,Velmaguda,16.77852,79.18302,3.06,Post-monsoon 2020,,8.11,505.0,323.2,0.0,130.0,70.0,0.32,5.49196,16.0,50.0,2.69,8.0,29.172,139.9506579,1.837615715,C2S1,-0.199013158,P.S.
649,WARANGAL (U),Marripeda,Narasannapally,16.536819343105677,80.61916858731148,3.2831591587795503,Post-monsoon 2020,,7.18,336.82877531324016,215.57045046757423,16.365606006456353,257.65750929722844,0.0,1.8544070792160354,8.29669098085165,18.199261489492084,0.0,0.0,41.80845499596599,49.837748398049236,309.0164213243015,0.0,C2S1,-0.7157734218536322,P.S.
663,SIRCILLA,Sircilla,Patancheruvu,17.810676220933143,79.44992763122296,0.19222613327431048,Post-monsoon 2020,,8.07,3272.7439972306947,2094.556156907787,3.646752414479834,558.6484807785364,540.1312888216744,0.0,363.9086398117894,0.0,183.03399521330988,63.74543604747489,269.7357074880854,116.40583755604419,1152.786497795845,1.860407324422931,C3S1,-11.870283358076692,P.S.
957,NIZAMABAD,Gudihatnoor,Gajwel,17.95747659468151,79.1502644567713,2.834945581102442,Post-monsoon 2020,,7.97,2425.153464594064,1552.0981814665356,34.49095075011651,384.4549596242606,355.28289327374034,0.45768093996802917,290.2485134882189,38.42128028884122,268.3440641037237,59.78005390697386,129.03145262387426,66.0470289500137,594.4144392320142,5.485068041824538,C3S1,-3.4673762316457273,P.S.
42,JAGITYAL,Kodimal,Chepial,18.624722,78.935833,3.92,Post-monsoon 2020,,8.01,774.0,495.36,0.0,330.0,80.0,1.29,20.13181818,38.25,28.0,2.0,40.0,82.654,439.8601974,0.580460756,C3S1,-2.197203947,P.S.
688,NIZAMABAD,Tiryani,Ramanapet,17.691766857019164,79.02354534619609,0.0,Post-monsoon 2020,,7.24,323.7202204867883,207.18095031310963,24.464451656591468,185.41480490814212,0.0,0.9437053118302041,79.25220957440632,2.322261246636007,63.94740437493094,56.621718922138626,0.0,3.1006659212353185,0.0,2.0016261037572063,C3S1,6.174017265537742,P.S.
993,SANGAREDDY,Eturu Nagaram,Byathole,17.76608089349555,78.41393102363429,2.9842986409461076,Post-monsoon 2020,,8.18,0.0,0.0,24.382147393440828,265.9487903793144,0.0,0.4940666874238262,6.07591331328392,0.0,1.260809977892663,0.0,45.278802797167266,0.0,0.0,0.1042856034099291,C3S2,6.12676448938214,P.S.
768,SIDDIPET,Mallial,Inayathnagar,17.84958599616678,79.33412246734609,3.704943031938331,Post-monsoon 2020,,7.51,1954.7084212380591,1251.01337645481,0.6582702130617459,212.72537508271995,403.3926770822926,1.1338885449309137,59.58103026002787,61.37423311652195,142.93789912076386,3.770523856749253,106.42261870774163,99.44693155105583,672.9524228350513,3.525005098754699,C3S1,-9.183669148934152,P.S.
535,KAMAREDDY,Nalgonda,Yanampally,17.203507612955622,79.03951872803499,6.17103433304542,Post-monsoon 2020,,7.81,2443.392071558118,1563.770914035032,22.953363877427822,352.9697145626716,460.99915987769214,0.40243479066842214,126.21094913811267,76.18161006567655,296.91555364315843,9.468875178528627,85.71952279245637,80.28864126607498,543.9395075319474,6.637049444132032,C3S1,-3.2953382452447806,P.S.
1063,KHAMMAM,Kowthala,Kolanpaka,17.616326887849944,78.88847198490198,0.0,Post-monsoon 2020,,7.93,1463.554862413245,936.6750534540129,1.7415281239464053,154.4709886788456,343.1193062686525,1.6702209044768743,0.10153942708002717,57.110481737409685,162.28988259106657,0.0,46.689789448293546,71.51511575702564,411.5398648378204,2.535077170337557,C3S1,-5.0418690766153675,P.S.
211,NALGONDA,Nakrekal,Vallabhapur,17.238945,79.479895,1.19,Post-monsoon 2020,,7.82,910.0,582.4,0.0,350.0,50.0,3.19,37.82366,11.0,40.32,6.13,72.0,48.62,379.9177632,0.899389654,C3S1,-0.598355263,P.S.
83,KAMAREDDY,Nagireddipet,Malthummeda,18.114,78.142,10.85,Post-monsoon 2020,,7.53,963.0,616.32,0.0,400.0,50.0,0.96,16.60875,13.0,54.0,2.53,80.0,43.758,379.9259868,1.204526679,C3S1,0.401480263,P.S.
484,BHADRADRI,Dummugudem,Marpalli,17.717513880089175,78.2526161384611,8.271952616907559,Post-monsoon 2020,,8.11,415.2727134314981,265.77452255679145,0.0,364.7751132489747,0.0,0.6780324322258966,110.57516638640547,0.0,61.26185232293385,27.169911220805773,0.0,27.02870416653346,40.07246408872095,1.5253726890491528,C3S1,6.0218259156381535,P.S.
673,MEDAK,Sircilla,P.D.Mallareddy,16.96678916761993,79.04529856398229,1.7492835711631756,Post-monsoon 2020,,8.26,1997.5941781894064,1278.4602957935952,0.0,241.98563091121838,359.0119646993386,0.0,229.67670384704192,0.0,133.63259859210413,31.973557868135327,94.35188882872232,89.96643450339218,607.2116571247618,0.6893155207361605,C2S1,-7.340701289010999,P.S.
475,SIRCILLA,Ghanpur Mulug,Gangadhara,15.885789053376627,79.56573318042582,6.633296510449242,Post-monsoon 2020,,8.4,2506.982550124986,1604.4688801755278,14.055581274177895,251.94585025512285,582.2821104143652,0.9326159659969032,125.56415230204446,44.801643413518015,197.66067134418864,38.240032627325576,136.76251217164645,111.32154536026806,799.5372839586782,1.5358074395847208,C2S1,-10.697421873323306,U.S.
669,MAHABUBABAD,Thiparthy,Narasannapally,18.977954139033027,78.87131152531931,5.2108540536682595,Post-monsoon 2020,,8.24,499.30449498035534,319.5548904853209,9.742351980018682,350.5892800930105,0.0,1.5020286366297992,55.9869504585986,1.619526127959631,45.82032454109526,36.63869568678474,53.747734645699325,17.471553857842935,205.22918776471337,2.2377484955686917,C3S1,3.0531630478211382,P.S.
866,SURYAPET,Sadasivanagar,Juvinile home,17.368835645127792,78.84716365777865,0.0,Post-monsoon 2020,,7.89,2344.982588262519,1500.7888593607343,0.0,410.31059095379777,441.56407391710763,1.6923430433577238,44.51387389520763,35.37218935598439,284.7167653578446,0.0,125.61010953892908,51.00187787222447,521.4547696691948,6.557969719865468,C3S1,-2.4919365041892263,P.S.
1177,JAGITYAL,Bansawada,Neelwai,18.02074783964519,79.48864548956459,4.779497523495727,Post-monsoon 2020,,7.44,954.8447727005107,611.1006447521042,8.420577980635118,385.3738196960901,141.44713992407952,1.19615444162294,0.0,0.0,5.5781404431720745,16.826719095891892,72.13741377429201,67.65474779132605,459.464495776013,0.41437430534929387,C3S1,-1.2897560091389824,P.S.
250,NIZAMABAD,Indalwai,Gannaram,18.512497,78.234885,3.29,Post-monsoon 2020,,7.4,1169.0,748.16,0.0,350.0,130.0,1.27,20.670143,21.0,91.0,2.91,104.0,29.172,379.9506579,2.029784613,C3S1,-0.599013158,P.S.
774,JANGAON,Bonakal,Kowthala,17.333589440939623,79.71812460550696,6.647885488360453,Post-monsoon 2020,,8.11,1742.1979342791801,1115.0066823374818,12.015042013465457,200.14105783500884,405.1332763817227,1.8134682539007556,0.0,21.311883653544992,232.91664405808024,10.952894399081487,168.41243201137587,0.0,366.18960701656965,5.97746826327006,C2S1,-3.151321120393052,P.S.
173,MULUGU,Govindaraopet,Project Nagar,18.2616,80.1944,2.38,Post-monsoon 2020,,8.22,672.0,430.08,0.0,200.0,80.0,0.86,7.448772727,24.5,75.0,33.0,56.0,19.448,219.9671053,2.198642191,C2S1,-0.399342105,P.S.
474,MAHABUBABAD,Jagityal,Shankarpalli,17.81744049144587,78.55195601909807,3.7396612528924478,Post-monsoon 2020,,7.31,1347.9670117974208,862.6988195015462,0.0,276.8383672130964,157.8536017697954,0.6902840622885316,6.949478769891783,147.72078354218195,45.75055697854644,0.0,156.03736989389373,60.9666851329532,642.5160480969622,0.0,C4S2,-7.512610776900736,P.S.
504,HYDERABAD,Nalgonda,Shapurnagar,17.11016169612322,79.18990839419175,0.0,Post-monsoon 2020,,7.93,3217.3771425901905,2059.1213823933767,0.0,277.86206380760484,632.637596419537,1.0172912676641654,354.9992533027555,69.79976781285681,251.35057061592232,14.776561980211376,187.78698898966212,124.76102345041576,982.550323294166,3.2911850417490247,C2S1,-14.27538644021124,P.S.
554,NAGARKURNOOL,Bomraspet,Padamtipally,16.55505804536022,77.05873638381568,13.45532670827043,Post-monsoon 2020,,8.01,2936.363848205913,1879.2728637096104,22.13575377293483,263.4887778183706,792.1609302678523,1.4402151197826327,17.822324568929083,10.511603622241175,260.6072662425035,0.0,170.05049685511526,117.72912878326005,907.9284360638433,3.081682271047792,C4S1,-12.426883722893784,P.S.
776,NIZAMABAD,Parkal,Metpalli,16.944099551857995,78.74776617837928,11.068492008490173,Post-monsoon 2020,,8.29,1992.9854342744807,1275.5106963391281,16.547679924196217,274.75331134845186,341.19554128781544,0.7748679655029687,263.1194800933434,21.81485425886712,91.28695059411713,16.104232580389798,174.30507572285126,92.05372476192356,814.9464378765681,0.36528409015727714,C3S1,-10.439094126924548,P.S.
203,NALGONDA,kanagala,kanagala,16.937341,79.198425,1.58,Post-monsoon 2020,,7.93,1381.0,883.84,0.0,260.0,170.0,0.63,220.25417,17.0,78.29,8.52,120.0,53.482,519.9095395,1.492844471,C3S1,-5.198190789,P.S.
1195,NIZAMABAD,Kattangur,Adilabad,19.49377550083718,79.88963056584892,0.0,Post-monsoon 2020,,7.8,0.0,0.0,2.5523895413253634,221.39919016534768,0.0,1.2907267474320359,0.0,78.85710685006487,0.0,0.0,0.0,43.75208065803499,65.68181037638504,0.4083536377196215,C3S1,3.1091659970495242,P.S.
293,SANGAREDDY,Gummadiddla,Gummadiddla,17.6849,78.3679,13.66,Post-monsoon 2020,,7.06,3050.0,1952.0,0.0,360.0,550.0,0.428,427.61995,40.0,101.92,1.99,256.0,160.446,1299.728618,1.229150998,C4S1,-18.79457237,P.S.
171,MULUGU,Eturu Nagaram,Eturu Nagaram (S),18.3374,80.4232,11.16,Post-monsoon 2020,,7.09,342.0,218.88,0.0,110.0,40.0,0.2,3.825045455,3.75,19.0,4.0,32.0,14.586,139.9753289,0.698232431,C2S1,-0.599506579,P.S.
716,MEDAK,Nawabpet,Neelwai,17.223230761438604,81.0650488789098,11.053658529131472,Post-monsoon 2020,,7.42,3222.9136791193187,2062.6647400722986,32.93316509995502,668.4738234501899,492.48804007314214,1.7811411532085866,52.49372865668652,125.7713456698545,518.6871736611049,28.329845344355082,51.33110498007017,88.97747133953966,493.71160074081337,13.729142849775641,C2S1,4.241828199941372,P.S.
1183,MAHABUBNAGAR,Narva,Nagarkurnool,18.890796918884245,78.59191968863685,9.509899198555878,Post-monsoon 2020,,7.74,703.419558816648,450.188511510481,4.773770422503862,247.31753210326082,62.53778537570568,2.1992372979778394,0.0,10.234850926867072,44.55017912441298,0.0,25.210048787335424,68.04983727503534,344.25280596236615,2.2230621509703856,C4S1,-1.8194136836970736,P.S.
694,NIRMAL,Sathupalli,Eturu Nagaram (D),15.95170864788269,77.05452654364568,7.284284793975395,Post-monsoon 2020,,8.73,377.0632415230066,241.3204889271599,8.790582386463639,245.199431243459,0.0,1.317287100523636,53.2487058175373,22.517422496622196,5.71985064713796,14.375921321390999,112.97464777132431,0.0,223.67856180765816,0.19888144806611585,C4S1,0.5460096937841534,P.S.
668,KUMURAM BHEEM,Yeldurthy,Kuntala,17.52413420518071,79.48103998443719,11.039860913028757,Post-monsoon 2020,,7.41,1836.8468952820251,1175.5820263606133,0.0,281.365211131076,277.14368220906374,1.2897679847906032,290.067953406173,0.0,100.47253964911897,24.242751221361846,252.0635029092711,0.0,596.0315369228283,1.9428150713079697,C3S1,-6.514121277898942,P.S.
158,MEDAK,Yeldurthy,Edulapally,17.9672,78.3492,7.8,Post-monsoon 2020,,7.74,942.0,602.88,0.0,270.0,120.0,0.84,46.9474,15.5,61.37,1.71,96.0,29.172,359.9506579,1.406393341,C3S1,-1.799013158,P.S.
794,NARAYANPET,Alair,Akkenepally,18.55899480437021,78.19905479404215,6.8529563250875745,Post-monsoon 2020,,7.44,0.0,0.0,4.845650536197751,240.2981176884125,0.0,1.5428503788073233,0.0,0.0,0.0,0.0,40.64059017086712,0.0,72.6146252039307,0.0,C2S1,3.457221351207847,P.S.
624,NALGONDA,P.A Pally,Bibinagar,17.104774453434587,78.63920395225644,0.0,Post-monsoon 2020,,8.31,114.43535348976548,73.2386385055703,14.912690843231228,0.0,6.387650567411612,0.7177351946632321,0.0,44.05304850779816,0.0,15.02802203528865,47.057719020137505,0.0,114.96274046784839,0.0,C3S1,-2.3001841233130924,P.S.
946,NALGONDA,Mahabubabad,Raipole,18.22466518853898,78.84844953810932,3.9359277215659896,Post-monsoon 2020,,7.67,2241.8834518919134,1434.8054525913171,0.0,359.82560644058515,350.73367926106175,1.4284183603932243,193.21494735307982,66.99045852637447,99.08664335020153,38.188397730861574,131.54521826256791,136.6044986756989,889.5229170627388,0.0,C3S1,-10.878972234535528,U.S.
879,MEDAK,Makthal,Kollapur,18.563783191071558,78.18129247476354,3.1089100773338054,Post-monsoon 2020,,7.29,1790.2250309618016,1145.7440174304509,2.4033877745457772,295.6503873865216,367.9886468270158,1.4171629976877367,79.68820852212903,42.89416469198755,101.07665330082578,0.0,117.6943687378091,103.69428757241593,717.843154558223,1.5703540459796754,C3S1,-8.385908181750944,P.S.
1193,RANGAREDDY,Nagarkurnool,Gudur,18.933300610257447,78.72371672181954,7.354775165578365,Post-monsoon 2020,,7.2,1832.4750883959307,1172.7840493439123,0.0,358.6477498243039,307.50599106970594,1.7119326054760284,100.9802447924897,29.229353813253567,177.61647464511506,0.0,175.79102147729031,24.938001958273258,542.2319899790357,3.4765476034377283,C3S1,-3.810540479145985,MR
367,YADADRI,Bibinagar,Bibinagar,17.460344,78.801601,3.39,Post-monsoon 2020,,8.17,1514.0,968.96,0.0,320.0,210.0,1.28,119.1401,29.0,107.65,1.89,120.0,53.482,519.9095395,2.052684983,C3S1,-3.998190789,P.S.
420,NAGARKURNOOL,Yeldurthy,Menoor,17.019605275439805,79.53479564420579,1.6647684384024912,Post-monsoon 2020,,7.51,0.0,0.0,13.768215708594246,97.71457819800861,0.0,1.1843133688011012,128.22583446394592,21.846806264965636,0.0,25.457462220986464,0.0,16.193766852565176,0.0,0.29969641297250993,C3S1,2.4351408355542286,P.S.
489,NAGARKURNOOL,Kosigi,Bellampally I,18.08262161612842,77.97739155212888,4.688941192594934,Post-monsoon 2020,,7.97,700.7654217479682,448.48987186942173,19.402707531242278,409.1817978442259,0.0,1.6132119086924042,0.0,49.81202811942606,45.957892725725614,0.0,50.62531568317464,59.260629459068504,368.55489934422974,2.2934780508425368,C3S1,1.325584877253677,P.S.
971,KHAMMAM,Jinnaram,Ramayapally,17.452559450222015,77.99206416768125,12.284251813532585,Post-monsoon 2020,,7.05,1966.7050812966465,1258.6912263513184,0.0,337.4293710645301,374.26450851829145,0.0,32.74933662438411,55.009500420328266,207.37615413355675,0.0,152.55738461480954,40.722148051534525,551.4016630650316,2.6225123054099995,C3S1,-4.499809477517088,P.S.
1021,JANGAON,Narasampet,Nirmal,18.185996723943493,79.13376298807667,0.0,Post-monsoon 2020,,7.65,0.0,0.0,0.0,97.81154027294338,0.0,1.3643797679890597,0.0,14.86532121744744,0.0,0.0,0.0,0.0,0.0,0.0,C3S1,6.801058271403646,P.S.
446,KAMAREDDY,Jinnaram,S.Narayanpur,17.343754989152142,79.63956912226205,6.1950926441133065,Post-monsoon 2020,,7.88,93.27068092605714,59.69323976288831,2.9369342491791217,164.42936672437588,0.0,0.8911219926804272,0.0,9.047381166898166,0.0,24.015331538878694,0.0,36.174575910959454,116.94479054582581,0.0,C3S1,0.9318551533860489,P.S.
1105,HYDERABAD,Kataram,Malthummeda,18.261185412117634,78.95808787456399,12.86953620685177,Post-monsoon 2020,,7.62,1613.2560764231005,1032.483885278129,7.298737420446454,146.60895578475194,314.33019740942177,0.3885200736847173,135.6190130031768,47.805467539889676,95.08286930654194,9.15392685775597,128.0399512273664,63.65954473115848,580.3674183348037,0.0,C3S1,-8.56375516992101,MR
757,KUMURAM BHEEM,Shivampet,Konijerla,18.546549705033843,79.82829447747619,8.21447490980756,Post-monsoon 2020,,7.26,0.0,0.0,19.866619198805374,175.70706237242769,0.0,0.6072399727572034,0.0,0.0,0.0,0.0,0.0,0.0,0.0,0.0,C3S1,6.531167117409961,U.S.
121,MAHABUBABAD,Marripeda,Marripeda,17.3852,79.8941,2.6,Post-monsoon 2020,,8.28,546.0,349.44,0.0,130.0,50.0,0.36,6.442181818,22.0,41.0,1.0,32.0,14.586,139.9753289,1.506712087,C2S1,-0.199506579,P.S.
827,KHAMMAM,Bhadrachalam,Pudur,17.03154545283938,79.65200534960354,7.993880188251632,Post-monsoon 2020,,8.08,2866.200306565867,1834.3682130125758,12.464457029139654,512.5639435394698,539.1904900571587,2.3945432941941247,50.369294206429764,68.62126028118254,377.7119856434513,10.578867341001462,113.63727367365838,66.30128659574966,555.9197105897848,10.888300400386152,C4S1,-0.6244185344818154,P.S.
532,MEDAK,Nampally,Inayathnagar,17.520133362113548,78.63003237452959,8.048508312708222,Post-monsoon 2020,,7.87,2005.7277697679324,1283.6657957075638,2.6170831389963043,583.7388238622167,163.67032870450282,1.407008639889875,178.89866271068666,34.0326307792476,168.03874697651378,0.0,117.85258600685985,97.83298312901965,699.4153737492348,3.1160109724051446,C3S1,-2.2638350986104148,P.S.
472,NALGONDA,Thirumalayapalem,Ieeza,18.47978309790778,78.19735004662365,19.18285895588861,Post-monsoon 2020,,7.67,0.0,0.0,10.086277931318428,102.50231192347664,0.0,0.31913232997294716,0.0,80.97999967952668,0.0,0.0,74.24309401067777,0.0,31.206128019640005,0.08021821251556016,C3S1,1.719479295904161,P.S.
1080,PEDDAPALLY,Chandrugonda,Gadwal,17.07706080601465,78.76874682019306,4.599957314750958,Post-monsoon 2020,,7.55,1448.8836093663651,927.2855176399233,24.715499850880054,58.48482808248079,434.48728049556894,0.0,0.0,6.555292748402131,73.77775437382434,6.385765774388295,117.95128168886207,68.44725791718179,575.905056407008,0.38187307364975753,C3S1,-9.879653711679897,P.S.
803,NALGONDA,Saidabad,Jakrampally,19.24399459254525,79.34726261362029,9.441791946084958,Post-monsoon 2020,,7.45,0.0,0.0,45.77503514838537,360.328815307404,0.0,2.1142279473546832,0.0,15.29089243093658,112.92613719125924,14.592861980413193,0.0,0.0,0.0,3.690917922597232,C3S1,17.40167662175215,P.S.
510,JAGITYAL,Medak,Siddipet,17.300816506702763,77.62291947490351,1.2370945379031442,Post-monsoon 2020,,7.45,431.38539881704617,276.08661877252223,6.910995366677982,160.82727563895497,50.66363836043493,0.17792149276331237,100.58847884561591,0.0,0.0,0.0,216.41199785509545,0.0,425.50418196625674,0.0,C3S1,-5.122513601927,P.S.
826,WARANGAL (U),Waddepalli,Edulapally,16.975977268303133,77.74338548039864,5.537415643991657,Post-monsoon 2020,,7.68,1162.428626965496,743.9543046962494,23.99268342190087,226.16704307462572,252.0605942490022,0.8331083386989535,0.0,7.32682437824549,62.42901083146613,0.0,114.69118878586863,36.737239195551254,438.2138668471105,0.6031015556065293,C3S1,-3.6966372724480205,P.S.
63,JOGULAMBA(GADWAL),Ieeza,Ieeza,16.01518,77.671609,17.45,Post-monsoon 2020,,8.37,3491.0,2234.24,20.0,800.0,570.0,1.23,114.2682,38.0,630.0,8.3,56.0,68.068,419.8848684,13.36742024,C4S1,8.002302632,U.S.
1066,NIZAMABAD,Bhiknoor,Ramayapally,16.902060478334157,78.77175180303212,0.14592551673268783,Post-monsoon 2020,,7.69,925.9598488231632,592.6143029237589,7.302841175468197,477.5652963616641,0.0,1.5175758885568444,0.0,0.0,134.47263285069428,0.0,83.63660847712572,0.0,167.15762892111763,8.106708749062015,C4S2,6.345027607917533,P.S.
765,YADADRI,Bibinagar,Borapatla,16.7943237479645,79.04289205750636,7.025781643893532,Post-monsoon 2020,,8.34,2438.134590131497,1560.4061441639387,6.520741662767579,392.3738784341888,510.0734245861906,0.682137365101251,48.31313542129456,41.23104187420865,288.90965429905617,22.139214046535614,71.43951100174411,101.45343718293489,594.5822719682286,4.9393551940978195,C3S1,-3.928743939486705,P.S.
17,BHADRADRI,Julurpadu,P. Narsapuram,17.438169,80.520318,8.45,Post-monsoon 2020,,8.48,4340.0,2777.6,20.0,800.0,790.0,1.21,210.20034,46.0,748.1,12.1,8.0,131.274,559.7779605,13.7475061,C4S3,5.204440789,U.S.
198,NALGONDA,Devarakonda,Tatikole,16.625235,78.856645,13.44,Post-monsoon 2020,,9.01,995.0,636.8,40.0,380.0,50.0,2.02,18.119039,19.0,214.0,10.1,16.0,4.862,59.99177632,12.01268466,C3S3,7.200164474,U.S.
450,JOGULAMBA(GADWAL),Raipole,Kodur,16.031667459499225,80.01687348027468,12.682754589367795,Post-monsoon 2020,,7.77,1727.905789003601,1105.8597262566623,11.458219509205328,165.72790668822478,357.3876972959876,0.0,191.5637157372371,0.0,81.6605080192775,45.80630877730939,59.878054432502324,107.07040206306925,590.4239253710939,0.0,C2S1,-8.176444695620114,P.S.
72,KAMAREDDY,Bibipet,Bibipet,18.205,78.523,12.23,Post-monsoon 2020,,7.45,1079.0,690.56,0.0,320.0,120.0,0.75,47.70033,12.0,28.53,1.86,128.0,38.896,479.9342105,0.566217231,C3S1,-3.198684211,P.S.
791,NALGONDA,Bhoothpur,Vikarabad(S),17.891587038437955,78.14421326001252,9.768604082778243,Post-monsoon 2020,,7.67,1631.5093317830792,1044.165954593513,5.195988495658601,330.39403087428366,276.09909696239276,1.0903350622520516,79.63937143165822,86.9897808956039,144.37587604494266,7.621650870195479,138.39623832598136,56.103028829997704,574.2163558957325,1.6662547495166593,C3S1,-4.71836832157031,P.S.
914,NALGONDA,Anumula,Dharmapuri,17.806593125693663,78.38197539474899,10.830411034444094,Post-monsoon 2020,,7.27,520.0742486616116,332.84753140647365,1.859743765748839,444.2769240496352,0.0,1.5466269974450841,111.24342288643004,5.022075666720436,155.23191877868217,7.677847145272631,0.0,0.11109445313518762,0.0,3.4547644759313885,C3S1,9.081410583323125,U.S.
264,NIZAMABAD,Vailpoor,Ankushpur,18.811,78.396,2.78,Post-monsoon 2020,,7.31,1686.0,1079.04,0.0,310.0,230.0,0.67,186.018,31.25,105.72,2.31,160.0,48.62,599.9177632,1.876650755,C3S1,-5.798355263,P.S.
696,SIRCILLA,Anumula,Kollapur,17.13198121526022,77.9299512270978,2.7575922705181983,Post-monsoon 2020,,7.09,910.6403772322544,582.8098126651626,28.418052667004606,479.61333059525487,0.0,2.5388325812076626,200.1700242419206,54.35162288591478,72.22587020266542,7.961798198847311,70.58951771840611,30.69867695976703,302.4387668438517,4.984450466871964,C3S1,4.056462826677452,P.S.
294,SANGAREDDY,Hathnoora,Borapatla,17.6713,78.1571,15.34,Post-monsoon 2020,,7.66,732.0,468.48,0.0,290.0,40.0,1.12,3.445762,9.0,45.75,3.24,88.0,9.724,259.9835526,1.233645348,C2S1,0.600328947,P.S.
104,KHAMMAM,Sathupalli,Prakashnagar,17.1942,80.8942,31.83,Post-monsoon 2020,,8.4,766.0,490.24,40.0,260.0,50.0,0.9,10.23099,3.0,23.08,6.81,88.0,24.31,319.9588816,0.560997445,C3S1,-0.399177632,P.S.
486,KAMAREDDY,Manchal,Darul Shifa,18.942799256108387,79.4690801920976,7.364152122922571,Post-monsoon 2020,,8.42,0.0,0.0,22.855434761545325,87.71089572077085,0.0,1.403062809453646,0.0,0.0,0.0,0.0,0.0,0.0,0.0,0.0,C3S1,6.396306585166597,P.S.
788,MEDAK,Havelighanpur,Sangem,16.514277280174518,80.23149382088657,2.8465586600103636,Post-monsoon 2020,,8.03,2973.751430968556,1903.2008475896132,0.0,174.7666142715337,600.6400786788092,0.7420477984590785,327.76224956116715,169.72605025132904,216.79868117424388,16.262566888942345,222.7736671951186,112.28571553576342,1017.5061275656108,0.8237197261027644,C3S1,-16.863448471758833,P.S.
1137,NIZAMABAD,Utnoor,Sreerampur,19.040359187986198,78.83676819532023,1.1497902378621419,Post-monsoon 2020,,8.22,1398.5414960742366,895.0665495373001,20.27308246574141,351.5930512054572,144.18636427802227,1.591558232561503,60.36054670446316,58.595585646379696,160.60517561324934,21.37717847954375,137.99492399955176,0.0,331.95355595572374,5.414054279657137,C3S1,0.8451456291987518,P.S.
216,NALGONDA,Narketpalli,Narketpalli,17.20025,79.191305,7.6,Post-monsoon 2020,,7.78,942.0,602.88,0.0,380.0,40.0,3.24,34.28046,9.0,45.75,6.68,96.0,34.034,379.9424342,1.020479681,C3S1,0.001151316,P.S.
941,VIKARABAD,Nakrekal,Rajender Nagar,17.352428850920713,77.9079923463807,15.174913359863506,Post-monsoon 2020,,7.32,0.0,0.0,31.351521795266123,150.73385952985225,0.0,0.5514899343746547,0.0,0.0,0.0,0.0,4.582604378172263,0.0,0.0,0.0,C2S1,4.124492806341767,P.S.
728,NALGONDA,Konaraopet,Kurumurthy,17.06275460545011,78.0506811248468,7.234311271318155,Post-monsoon 2020,,7.99,2774.301544596994,1775.5529431504992,0.0,329.95777555845086,604.7588836968599,0.9066847350704721,67.12908277836098,120.45640346452927,263.90304451099854,17.07684739154071,171.2461365296178,96.82832417573341,829.1150393152592,4.667565940465895,C2S1,-10.054767906724877,P.S.
281,RANGAREDDY,Maheswaram,Maheswaram,17.135,78.439,9.0,Post-monsoon 2020,,7.79,1255.0,803.2,0.0,360.0,140.0,0.91,100.0954,20.0,49.0,3.56,152.0,43.758,559.9259868,0.900332509,C3S1,-3.998519737,P.S.
854,ADILABAD,Bibinagar,Kandukur,18.072884137534963,78.35898489976663,9.858640743417595,Post-monsoon 2020,,8.25,0.0,0.0,0.0,203.73696666268648,0.0,1.7958799680048816,0.0,0.0,0.0,16.015367162807724,29.0389625788862,0.0,0.0,1.8785056269045737,C3S1,7.1909832716677595,P.S.
519,KAMAREDDY,Papannapet,kanagala,17.87403155835188,79.07777393723391,5.377922273199703,Post-monsoon 2020,,7.02,2340.2495955700897,1497.7597837123826,0.0,514.6931339282584,380.20338957912304,1.0416165452592774,110.65686101543702,11.19391544046923,225.17767900885855,9.747647804607793,165.3983594496189,74.95843353216542,724.0683031354445,4.487738601654535,C3S1,-4.4966403011234775,P.S.
562,VIKARABAD,Narasapur,Gattu,16.911611036789772,79.31017110516396,2.597398545685152,Post-monsoon 2020,,7.8,152.03973612466393,97.30539825799895,9.976022293374292,156.04919190208597,0.0,1.7293857776935795,137.14948387279222,0.0,67.7700237852554,17.658345122087205,0.0,8.582165606105164,0.0,1.6518758896577412,C2S1,5.21120469516819,P.S.
93,KARIMNAGAR,Saidapur,Saidapur,18.2148,79.305174,2.85,Post-monsoon 2020,,8.19,1275.0,816.0,0.0,250.0,120.0,2.16,68.24686364,28.5,120.0,4.0,64.0,24.31,259.9588816,3.235944617,C3S1,-0.199177632,P.S.
410,NIRMAL,Peddapalli,Marpalli,18.459781443959333,79.68765278176113,0.0,Post-monsoon 2020,,7.29,553.0579819387899,353.95713874323735,26.073765638149883,336.9939588693603,0.0,2.116333647904145,56.909201702292314,58.0568764931516,122.5122209953577,35.133433944774396,30.707143680590555,0.0,0.0,7.649966783891697,C2S1,8.705675541384693,MR
124,MAHABUBNAGAR,Bhoothpur,Elkicherla,16.623,78.116,3.21,Post-monsoon 2020,,8.98,820.0,524.8,80.0,180.0,80.0,0.66,32.19883,19.0,92.0,1.27,24.0,38.896,219.9342105,2.69720277,C3S1,0.801315789,P.S.
193,NALGONDA,Chandur,Bangarigadda,16.984666,79.011361,4.46,Post-monsoon 2020,,8.03,835.0,534.4,0.0,260.0,90.0,0.59,16.3873,10.0,35.26,4.0,96.0,24.31,339.9588816,0.831459837,C3S1,-1.599177632,P.S.
269,PEDDAPALLY,Eligedu,Eligedu,18.552157,79.260942,4.19,Post-monsoon 2020,,8..05,572.0,366.08,0.0,180.0,90.0,0.82,15.09886364,26.5,55.0,8.0,56.0,19.448,219.9671053,1.612337607,C2S1,-0.799342105,P.S.
902,MEDAK,Nalgonda,Kallur,18.707338426646846,77.74714384414546,1.2851580292824432,Post-monsoon 2020,,7.06,1195.6959877811464,765.2454258665376,10.24627471566997,204.47620320629017,226.1213148503076,0.8565654118479621,52.98654365138145,19.10085526824269,54.10741919866217,28.261900900257405,119.5261557267193,39.273978002698925,460.0458937602869,0.0,C3S1,-4.930205645581973,P.S.
428,NAGARKURNOOL,Kataram,Kesamudram,16.79737159615574,79.50721247745969,0.4222060452700296,Post-monsoon 2020,,7.29,1113.261529718246,712.4873721411841,21.986839128885116,274.96307038192447,105.2909034251855,0.5955469567039167,128.82630731688846,0.0,168.5094858547447,0.0,62.42087518899757,21.285314721843204,244.11743978042472,4.683389440294774,C3S1,1.0775254471895144,MR
233,NARAYANPET,Utkoor,Chinnaporla,16.581217,77.516956,4.33,Post-monsoon 2020,,8.31,915.0,585.6,30.0,270.0,100.0,0.63,5.3148,12.75,106.45,3.23,40.0,29.172,219.9506579,3.120722823,C3S1,1.600986842,MR
444,VIKARABAD,Dharmapuri,Bachannapet,16.465346951292023,78.53878646936185,0.0,Post-monsoon 2020,,8.07,3276.130063039428,2096.723257450145,24.26674548391508,456.27294132593624,633.4803126627949,1.5633214054408997,199.93937450180766,31.78430931927538,423.7241383955363,26.449460713034526,113.37380632618766,108.01214041842258,728.0818255653576,8.849805502289826,C2S1,-4.936620321450915,P.S.
1141,SURYAPET,Yedapalli,Gattu,19.473374211335866,78.83344736304676,3.118287934921007,Post-monsoon 2020,,7.29,207.451594124351,132.76899673883577,8.946832303699368,300.14981345831205,0.0,1.5551343836951776,0.0,0.0,35.02208718971373,16.10291015768249,0.0,12.46174781178864,37.85452662391049,1.959547796712263,C3S1,5.43319601270602,P.S.
873,WARANGAL (R) ,Govindaraopet,Raikal,18.57075484446182,80.95875606300365,8.62541257776049,Post-monsoon 2020,,7.96,1182.9955484138263,757.1171018597175,0.0,309.7632343025413,78.68513460781261,0.6437432845842864,191.46568879959392,7.461924102333388,98.6943580856722,44.27869572940506,67.59725979904297,27.839260822315705,282.83435889976636,1.047877400511269,C4S2,0.48357269426635074,P.S.
526,VIKARABAD,Nandipet,Pagideru,16.115445970511082,77.17597320090096,6.69218137370187,Post-monsoon 2020,,7.38,2852.6195342395904,1825.676522168878,0.0,445.6994090232106,477.54389613175505,2.040610154492213,173.5106934969069,105.208967190619,233.46202595562505,0.0,239.86113742010662,80.76218342749456,932.001294897135,5.043930896365179,C3S1,-9.915476923617415,P.S.
983,NIZAMABAD,Thirumalayapalem,Eturu Nagaram (S),18.680653965883835,77.97084371062027,8.73121474041589,Post-monsoon 2020,,8.03,1392.3942865513643,891.1322979961022,22.532612639006196,291.38034095562926,200.75634544680645,0.18440462812853742,9.40359678040673,66.46377621171692,195.4690332050189,12.76496841213229,33.09472199586248,61.715761191478435,336.1101873654387,3.9717368423939927,C2S1,-0.48935148096298264,P.S.
351,WARANGAL (R) ,Narasampet,Narasampet,17.9227,79.8875,2.23,Post-monsoon 2020,,7.88,1283.0,821.12,0.0,330.0,190.0,1.79,41.27022727,13.75,133.0,2.0,32.0,68.068,359.8848684,3.048189842,C3S1,-0.597697368,P.S.
350,WARANGAL (R) ,Khanapur,Khanapur,17.8988,79.93,2.16,Post-monsoon 2020,,7.66,1308.0,837.12,0.0,380.0,160.0,0.74,44.29,20.5,110.0,5.0,48.0,72.93,419.8766447,2.334016867,C3S1,-0.797532895,P.S.
1114,MAHABUBABAD,Y.Gutta,Mutyalampadu,18.47658230789754,78.50375605780135,7.116633498639175,Post-monsoon 2020,,7.22,1420.3791238148203,909.0426728076591,0.0,439.2119829437345,197.5167241075431,0.21655372380299598,0.0,83.90718688176528,25.17214924198801,0.0,149.87136542057573,113.6911403805006,839.6594448559165,0.0,C2S1,-8.174784636890827,MR
586,WARANGAL (R) ,Kallur,Dharmapuri,19.62684271005743,78.32255251997704,0.0,Post-monsoon 2020,,8.18,532.2520139936285,340.6412903394872,11.17443437154958,99.17593136132459,32.94585719154631,1.5627962780076372,58.05425804872131,79.7972202761265,0.0,0.0,63.784259540456084,80.68181729011522,490.2615143623992,0.0,C3S1,-7.608392578094081,P.S.
1081,NALGONDA,Devaruppula,kanagala,16.75292807651969,77.28611236414872,5.248504604166508,Post-monsoon 2020,,7.71,2474.1741385400796,1583.4714369366166,0.0,240.6961013996916,472.4960240776106,0.8491406438920305,363.4282417431974,14.023941529396787,93.39686661956092,46.12357097788383,217.67833658409313,101.32878464671005,960.5407647225893,0.0,C3S1,-14.373873077264317,P.S.
1128,MEDAK,CC Kunta,Gajwel,17.11866230891637,79.39017020456006,2.4165605448825045,Post-monsoon 2020,,8.37,1407.2948553887047,900.6687286215184,16.6555103994856,316.84936673952325,219.97024368106003,1.0430690195431236,53.85376622857846,8.411709254392228,180.89051239088343,35.51750871817058,4.107096257765008,61.17351746710551,261.2122920355775,5.1256014844705335,C3S1,1.4281760816485534,P.S.
1108,NIZAMABAD,Parkal,Utnoor,18.380545180650458,79.14576615060477,2.5906393307776483,Post-monsoon 2020,,7.39,2077.459100306124,1329.5738413912013,10.553614856541753,485.5151869264456,331.0401295454268,1.4102451051515386,40.06293903685015,18.12091435306901,150.87525790005859,38.05021940563207,218.1103613516094,47.5082608034471,740.2738692352793,3.979458310761885,C4S1,-4.9402494355241755,P.S.
103,KHAMMAM,Mudigonda,Mudigonda,17.1875,80.0986,0.81,Post-monsoon 2020,,7.81,1030.0,659.2,0.0,350.0,80.0,0.75,31.66735,18.0,57.0,16.73,56.0,53.482,359.9095395,1.3063223,C3S1,-0.198190789,P.S.
626,NALGONDA,Parvathagiri,Ramadugu,17.407842086370955,78.56624714801684,5.980124447192192,Post-monsoon 2020,,7.32,1781.894395162172,1140.4124384830366,0.8130310661361309,259.22878344749256,332.2864295116188,0.9919338994748893,73.62278852137534,58.07220196240955,211.74573422240843,25.650019169994476,57.059195212769545,65.49942612997967,411.70723467578773,3.443667586466217,C3S1,-2.97622470944563,P.S.
309,SIDDIPET,Siddipet,Siddipet,18.1033,78.8375,3.98,Post-monsoon 2020,,7.6,324.0,207.36,0.0,100.0,30.0,0.97,9.7438,9.0,11.7,11.9,32.0,9.724,119.9835526,0.4644053,C2S1,-0.399671053,P.S.
282,RANGAREDDY,Manchal,Manchal,17.16,78.739,2.05,Post-monsoon 2020,,8.03,4516.0,2890.24,0.0,440.0,610.0,1.04,1028.0,111.25,336.6,354.6,264.0,111.826,1119.810855,4.373347016,C4S2,-13.59621711,P.S.
1013,BHADRADRI,Nalgonda,Morthad,17.95243641239031,79.92127634801783,1.8976066162097633,Post-monsoon 2020,,7.38,2191.9659115865297,1402.8581850083467,0.0,405.8666155018104,377.1799936363517,1.032311160629115,197.01002020838206,34.079435981563456,273.1240274499056,2.591626957200475,69.24730841367062,95.82886578644754,568.6110749557294,6.830949688150465,C3S1,-3.3027976237161654,P.S.
161,MEDCHAL,Alwal,Old Alwal,17.494,78.508,5.0,Post-monsoon 2020,,7.97,1320.0,844.8,0.0,250.0,190.0,1.99,144.8283,22.0,85.0,4.76,144.0,29.172,479.9506579,1.686913423,C3S1,-4.599013158,P.S.
249,NIZAMABAD,Dichpally,Yanampally,18.627,78.249,4.6,Post-monsoon 2020,,7.38,798.0,510.72,0.0,300.0,50.0,0.78,21.635665,11.5,38.05,2.33,96.0,19.448,319.9671053,0.924856086,C3S1,-0.399342105,P.S.
960,WANAPARTHY,Arvapally,Borapatla,18.993583041766897,78.57960897133782,4.365206457507899,Post-monsoon 2020,,8.24,0.0,0.0,0.0,72.14627141737753,0.0,0.0,0.0,64.13556314598146,0.0,0.0,48.979501264414175,0.0,0.0,0.0,C3S1,3.1002672724147797,P.S.
50,JAGITYAL,Velgatur,Velgatur,18.8353,79.1697,3.27,Post-monsoon 2020,,8.32,1490.0,953.6,20.0,310.0,200.0,2.14,13.48831818,33.75,94.0,17.0,40.0,82.654,439.8601974,1.94868968,C3S1,-2.197203947,P.S.
933,SIDDIPET,Kothakota,Eturu Nagaram (S),17.40952832335769,77.86891052419638,11.48967677271257,Post-monsoon 2020,,7.54,1918.7100490730757,1227.9744651478527,0.0,225.5290680255764,375.6761561784183,0.49919017585163317,153.04947270936322,75.24199857991161,80.31592323743966,2.138760593758284,214.42395689447173,54.79980429240403,760.8210715239668,1.9399152753728457,C3S1,-10.648565220442613,P.S.
1006,SANGAREDDY,Mattampalle,Argonda,17.179085693253242,77.23530931368282,8.719412501589325,Post-monsoon 2020,,7.67,2685.949846118441,1719.0078920083306,6.672852172513115,350.5082180371124,435.96814664880617,1.0118611713519594,269.4328482273187,96.73207894596555,274.75732809622184,0.0,143.47559502490427,95.01248143618182,749.1651736643523,5.4880782055995505,C3S1,-7.838194613133574,U.S.
286,RANGAREDDY,Rajender Nagar,Rajender Nagar,17.316,78.405,4.93,Post-monsoon 2020,,7.79,3928.0,2513.92,0.0,440.0,860.0,1.44,19.4876,178.25,159.6,10.9,392.0,150.722,1599.745066,1.73492083,C4S1,-23.19490132,P.S.
252,NIZAMABAD,Kammarapalli,Inayathnagar,18.708681,78.564875,2.85,Post-monsoon 2020,,7.62,934.0,597.76,0.0,350.0,60.0,1.74,17.93745,12.75,86.2,3.43,56.0,34.034,279.9424342,2.239984754,C3S1,1.401151316,MR
403,NALGONDA,Jagdevpur,Jaipur,18.125248928965842,78.55992540557442,6.037359234926661,Post-monsoon 2020,,8.27,1634.1934270416525,1045.883758033513,0.0,413.3492563516823,196.38959882319344,0.7896217193607569,78.29286162405843,48.960749158016995,157.88342341064023,0.5540612315595173,117.49514891376516,48.33560522651767,491.3531906996576,3.5756675932813207,C3S1,-1.8394163293143457,P.S.
258,NIZAMABAD,Nandipet,Nutpally,18.9365,78.2182,2.84,Post-monsoon 2020,,7.68,1208.0,773.12,0.0,320.0,150.0,0.64,45.57441,20.0,72.41,1.99,112.0,38.896,439.9342105,1.500986699,C3S1,-2.398684211,P.S.
585,JAGITYAL,Alwal,Narasannapally,17.912595961867147,78.75290524671554,1.0920266731496282,Post-monsoon 2020,,8.05,2910.347097594348,1862.6221312567855,26.19121427988576,415.58615685747577,543.9915006628644,2.0741638715491977,164.26083815309158,61.48818148805035,335.1117679182717,21.86041506162892,111.45306087938083,103.5575650141732,704.6589888962037,7.421165463864272,C3S2,-5.261478793359492,P.S.
496,NAGARKURNOOL,Kataram,Neelwai,17.296411408677645,78.43651867145672,3.513075395981252,Post-monsoon 2020,,7.47,1245.5003367244758,797.1201826641341,10.481624083805304,302.6306380960797,241.49920985351673,1.236745286436136,0.0,43.763999013205094,187.18778774619247,0.0,32.93844915807657,48.8616264175204,283.97938325674204,3.8063560889762282,C3S1,0.6175573022640313,P.S.
845,NALGONDA,Qutubullapur,Juvinile home,17.079263754283087,78.58506593519954,11.303699643676008,Post-monsoon 2020,,7.4,790.2281656467736,505.746064562047,22.63093240755787,246.55370012366808,82.44682643596624,0.9929306064419932,0.0,86.3141794395025,69.29275018282871,8.910077947646103,71.27593847336547,15.060325436438717,238.4956109068852,2.5366254290672896,C3S1,0.6448767848621171,P.S.
1,ADILABAD,Adilabad,Adilabad,19.6683,78.5247,7.1,Post-monsoon 2020,,8.01,1477.0,945.28,0.0,390.0,220.0,0.65,6.442181818,33.0,171.0,9.0,24.0,72.93,359.8766447,3.919146004,C3S1,0.602467105,P.S.
958,NIRMAL,Sadasivanagar,Jaipur,17.812277809998587,78.2554579450371,5.241428857209875,Post-monsoon 2020,,7.73,1486.7298984296704,951.5070978582993,0.0,58.721584294541515,258.38224726971134,0.05683359381509856,140.62230604081725,116.22792009918751,89.30239992798451,0.0,116.06062181063906,71.89623726799891,587.7542801321694,0.0,C3S1,-10.465450039933277,P.S.
408,KHAMMAM,Rudrur,Machareddy,16.247953314480156,79.03560627488221,2.459264831006463,Post-monsoon 2020,,8.09,2033.2099475970444,1301.2543638596396,15.095046876562229,461.5427186287062,240.8968333346537,0.994833137005104,227.79599517513063,70.42766491733548,236.18260749944318,59.16287392533383,47.84940434917307,91.2238648989223,497.0940687763232,4.162787995390273,C3S1,-0.3930238809815756,U.S.
961,MANCHERIAL,Kothur,Mallapuram,18.350158219673197,79.04555109313873,7.237684860284633,Post-monsoon 2020,,8.07,690.4627200857371,441.8961351032259,0.0,185.59298426108748,80.48865386623103,0.3813644058508038,99.3157770259181,0.0,0.0,0.0,192.37269376939037,0.0,303.2071190102549,0.0,C2S1,-2.7638537955825733,P.S.
657,VIKARABAD,Dharmapuri,K.Mallepally,16.744735302648607,78.21460373413322,5.827334665941768,Post-monsoon 2020,,8.32,1547.9498169356052,990.6878908123635,5.717191450396351,319.5859778495282,256.6273678522436,0.7596852686448617,0.0,66.31569040984947,214.30892720451345,0.0,107.35494165619872,9.218940982994596,306.117388418193,5.748384562664452,C3S1,0.3914090476365728,P.S.
887,BHADRADRI,Yerrupalem,Seetarampuram,18.864494426796103,79.06613553518591,1.2463001566598644,Post-monsoon 2020,,8.09,0.0,0.0,1.9595133334161603,199.1883272989765,0.0,0.1444145421033176,0.0,0.0,0.0,0.1158754914956619,0.0,19.630389001820422,10.549296013150524,0.0,C3S1,3.8568180561680214,P.S.
800,YADADRI,Lokeswaram,Padamtipally,16.430360802975365,79.10900992836788,6.068110868573069,Post-monsoon 2020,,8.04,1731.276748166518,1108.0171066455432,0.6451698368799663,260.1256834395328,283.2535196347527,1.6057825243838175,169.33142180058428,34.73978896221133,69.4382831276738,24.994483846047448,118.34427106812247,96.18175175858175,688.0688741128978,1.3757754073197965,C3S1,-8.508675133203752,P.S.
947,KARIMNAGAR,Anumula,Vallabhapur,17.819483422834914,78.53551336227429,7.950556208968005,Post-monsoon 2020,,7.98,2087.677045038089,1336.1133349172715,0.0,439.3443452809956,347.9652020255637,0.9288987375770049,79.54909917367817,85.41065757628891,305.9872473308267,24.169729998093782,102.90761588022065,32.11388700214762,386.8298886035618,6.419858149981724,C4S1,0.9504548309299667,P.S.
704,MEDCHAL,Pudur,Palmokole,18.605543664093794,79.7454526910173,2.707966422041191,Post-monsoon 2020,,7.4,0.0,0.0,0.0,163.94512374406705,0.0,0.8893234858824919,0.0,0.0,0.0,0.0,0.0,10.401133552291554,0.0,0.0,C4S2,5.1814143232748044,P.S.
77,KAMAREDDY,Jukkal,Jukkal,18.364,77.604,3.27,Post-monsoon 2020,,7.74,2383.0,1525.12,0.0,550.0,430.0,2.1,10.89534,41.0,260.0,16.3,136.0,58.344,579.9013158,4.694274319,C4S2,-0.598026316,P.S.
392,KAMAREDDY,Uppununuthala,Manchippa,17.968286908038053,78.21457556408943,0.0,Post-monsoon 2020,,6.96,534.6302475431917,342.16336889010245,21.216009978631817,141.2262917856924,181.63738881119056,0.7749286949411147,43.21670506468783,0.0,0.0,0.0,39.03452070849029,69.15639577874497,381.7525655353483,0.0,C3S1,-4.387183511643335,P.S.
901,JOGULAMBA(GADWAL),CC Kunta,Bazarhatnur,17.211191019172205,79.332447928271,0.0,Post-monsoon 2020,,8.98,1226.123629174409,784.7191648380218,9.78938873950458,415.5270736364496,60.754230876184295,2.0896727244618916,134.75857091034155,9.50467359637176,86.89026027173992,3.6481582569644715,17.829216019071183,76.45515214916635,357.4521837646172,1.9446118182244323,C3S1,1.2440208021590875,P.S.
65,JOGULAMBA(GADWAL),K-T Doddi,Kuchinerla,16.179,77.526,1.23,Post-monsoon 2020,,7.84,760.0,486.4,0.0,180.0,50.0,0.42,124.4549,31.0,39.0,1.0,104.0,9.724,299.9835526,0.979012076,C3S1,-2.399671053,P.S.
26,BHUPALPALLY,Kataram,Shankarampally 125(D),18.6022,79.8983,23.12,Post-monsoon 2020,,7.67,372.0,238.08,0.0,130.0,60.0,0.42,24.76213636,3.25,27.0,1.0,16.0,34.034,179.9424342,0.875123069,C2S1,-0.998848684,P.S.
1209,NALGONDA,Nagarkurnool,Medak,18.520331591945023,78.10009333860147,14.342164693101427,Post-monsoon 2020,,7.4,0.0,0.0,5.602378175517204,151.917283384431,0.0,0.0,0.0,0.0,0.0,0.0,0.0,0.0,0.0,0.0,C3S1,6.203577380268445,P.S.
34,HYDERABAD,Maredpally,Maredpally(s),17.441,78.509,5.65,Post-monsoon 2020,,7.88,1555.0,995.2,0.0,370.0,140.0,1.4,190.447,41.5,88.0,1.64,184.0,24.31,559.9588816,1.616876196,C3S1,-3.799177632,P.S.
399,KUMURAM BHEEM,Mellacheruvu,Bibinagar,19.141533006138097,78.51837366259409,8.04616503380528,Post-monsoon 2020,,7.12,1512.1230600727652,967.7587635951473,26.007762230097285,351.6492188104047,242.35677251422285,1.1616542395356042,89.75144479737935,14.700846477851128,129.63729632953198,0.0,165.022746568355,41.675440458043724,581.9895263348094,0.4292773998871531,C3S1,-4.064618996707737,P.S.
616,NARAYANPET,Karakagudem,Bommakal,18.95974955530613,79.06801164711555,4.462614472488078,Post-monsoon 2020,,7.46,345.94625029629583,221.40561737903465,1.1153559057935052,206.94575351577387,3.5546072719319852,1.7090285897688315,57.36404513954123,0.0,0.0,21.69575242798541,33.72569267026166,37.19015549982555,235.7940250136042,1.509083881455691,C2S1,-0.5548062711815382,P.S.
190,NALGONDA,Anumula,Sreerampur,16.729108,79.304637,0.26,Post-monsoon 2020,,7.7,839.0,536.96,0.0,310.0,50.0,0.74,28.7885,20.0,70.0,1.84,32.0,48.62,279.9177632,1.819093301,C3S1,0.601644737,P.S.
1115,NALGONDA,Papannapet,Chinnaporla,18.164686511126817,78.90702105441171,6.5647844545711695,Post-monsoon 2020,,7.96,1202.202180061309,769.4093651278757,14.076958859159882,531.5227645120152,71.24738796799818,2.0135762050244415,0.0,0.0,76.64797335585789,27.884137077856316,156.15843521373725,9.025731862444886,427.6501766705531,3.6122921701751816,C2S1,2.2593065692205365,P.S.
709,NALGONDA,Nuthankal,Bansawada,17.80868914732351,79.38672469894112,0.0,Post-monsoon 2020,,8.42,1385.8988175940922,886.9752332566662,5.072784390504566,272.22910174119386,225.06749024070191,2.0002384171090224,0.0,91.83797013962692,100.3622282682212,5.602744620687135,77.96790424148354,72.99326309667273,493.6417787136618,3.6587323148152358,C4S1,-4.307235599620399,P.S.
635,WARANGAL (R) ,Gadwal,Bellampally I,16.641018439998504,78.61662126580292,0.0,Post-monsoon 2020,,7.14,4138.145795974602,2648.4132860456994,0.0,450.39937342777193,819.3995111298634,1.1166644039293059,301.3239436707372,102.20343493681088,412.06324695953094,13.850961013863927,189.67863205325006,167.65316910247708,1162.9607880098006,5.359556704612846,C3S2,-14.244724520230038,P.S.
1127,VIKARABAD,Gurrampode,Jainath,18.74392781167225,80.00017399861323,7.924841429860331,Post-monsoon 2020,,7.63,815.0297225476221,521.6190515653539,8.36900785748667,460.26112659809473,24.644735074841122,1.9761045827977266,0.0,47.541202288044744,55.76712472148665,0.0,36.87060168229753,65.28649026461008,359.4564886299215,1.8193632040646879,C3S1,2.1174431531677276,MR
1085,BHADRADRI,Thallada,Narayanagiri,17.859720267112987,79.39850810357619,10.971090791933245,Post-monsoon 2020,,7.29,1942.7310128914692,1243.3478498234645,16.011169998161844,340.53634091492734,277.3326870664269,1.1827828761632513,164.1694894568053,65.08548282684993,176.1271557396093,21.402579276388465,182.8000507997794,19.135447698789825,536.280643074307,4.2672021557439965,C4S1,-3.5620716370155954,P.S.
176,NAGARKURNOOL,Bijinepalli,Bijinepalli,16.535278,78.196422,8.77,Post-monsoon 2020,,7.41,1620.0,1036.8,0.0,380.0,200.0,0.68,221.45,25.0,98.0,3.0,200.0,34.034,639.9424342,1.684332332,C3S1,-5.198848684,P.S.
1075,RANGAREDDY,Marriguda,Cheruvu Annaram,17.963988822586778,78.41040914622093,8.706739920156465,Post-monsoon 2020,,7.34,1579.4818799430225,1010.8683356104301,8.990798623503018,382.6827320221216,276.70736249857725,0.54522615060812,67.02354667871951,0.0,77.85675517125117,10.437953612178307,181.34222962154269,55.96003329548758,684.4933778545814,0.760874556022167,C4S2,-5.828196891677521,P.S.
226,NARAYANPET,Makthal,Makthal,16.500518,77.500096,1.52,Post-monsoon 2020,,8.14,2368.0,1515.52,0.0,230.0,500.0,0.25,240.4947,40.5,142.3,7.9,104.0,145.86,859.7532895,2.110037341,C4S1,-12.59506579,P.S.
196,NALGONDA,Chityala,Veliminedu,17.228916,79.020166,9.94,Post-monsoon 2020,,8.25,1406.0,899.84,0.0,230.0,230.0,0.68,151.0289,21.0,75.0,1.56,72.0,87.516,539.8519737,1.403447207,C3S1,-6.197039474,P.S.
145,MEDAK,Medak,Medak,18.0528,78.2708,9.0,Post-monsoon 2020,,7.1,2250.0,1440.0,0.0,430.0,440.0,0.81,57.22268,34.7,241.0,2.1,160.0,48.62,599.9177632,4.278025273,C4S1,-3.398355263,P.S.
75,KAMAREDDY,Gandhari,Gandhari,18.396,78.107,11.35,Post-monsoon 2020,,7.66,919.0,588.16,0.0,390.0,30.0,0.91,37.07073,10.0,28.51,2.34,144.0,14.586,419.9753289,0.604863658,C3S1,-0.599506579,P.S.
98,KHAMMAM,Khammam (R ),M.V.Palem,17.2967,80.0969,2.58,Post-monsoon 2020,,8.55,923.0,590.72,30.0,170.0,80.0,0.77,104.0815,64.0,65.78,4.5,24.0,63.206,319.8930921,1.599055738,C3S1,-2.397861842,P.S.
720,NIZAMABAD,Eturu Nagaram,Angadipet,17.673777890524775,77.88656904980552,3.1471701309633695,Post-monsoon 2020,,8.38,563.6196475011385,360.716603831424,0.0,79.69050985739457,53.60979460594871,0.14812955814687911,159.43069970925296,2.5079847801558905,0.0,32.33278959543872,166.28357816855328,49.05411594914596,617.8243126003808,0.0,C4S1,-10.911878832627478,P.S.
1026,NALGONDA,Dharmaram,Reddypally,17.164310801999466,79.36501433952957,4.558129224843464,Post-monsoon 2020,,8.54,1679.7960855806973,1075.0695192986266,7.106453042377061,267.1579062086169,359.68613234686677,0.8074752977155775,36.21350718361126,22.578975143282936,150.8416076551548,34.941025331962244,25.330474985888515,104.4543585617057,494.02251021679604,4.127227295750794,C2S1,-4.3404311111141896,P.S.
561,KAMAREDDY,Chivemla,REGELLA,17.303056618451684,80.3088274808794,2.6346431126275762,Post-monsoon 2020,,8.23,1573.5564738489584,1007.0761066703418,0.0,494.1391816399305,144.32495005806157,2.0493823210342583,229.79625159055252,0.0,211.34527435886724,33.167123786933374,0.0,57.875242990071406,209.97605045295015,5.710270009658572,C3S1,5.333452456642233,U.S.
382,KAMAREDDY,Rajapet,Shankarampally 125(D),17.815123740613387,78.35449662162605,0.0,Post-monsoon 2020,,7.93,1782.1787980484235,1140.5943951352074,0.0,232.1847171290439,367.5224877451932,0.13876613426668216,139.23239734720858,38.357968554120674,102.09380954026592,20.369797746424297,98.17913506898282,104.04989776408756,675.2672509279062,0.0,C2S1,-9.174485808828027,P.S.
1104,NARAYANPET,Kagaznagar,S.R.Nagar,16.51826422634321,78.64608135486507,0.023561465709107665,Post-monsoon 2020,,7.69,411.2639485785355,263.2089521904595,23.352848301640673,242.51377606757768,0.0,0.5522325991784094,99.2545832483795,0.0,0.0,21.882379453210653,80.08177609206669,5.5510118388324585,222.40081447569784,0.1823947242154884,C4S1,0.9292897679926742,P.S.
388,BHADRADRI,Tekmal,Raghunadhapalli,17.902544633849057,79.03445782971944,6.134175979295213,Post-monsoon 2020,,7.69,687.4579556728204,439.9731343507109,13.59996087968398,273.60325104538106,0.0,1.465465672491886,140.10172501743142,24.962284113564007,93.93757902471903,8.146000868080204,27.274359426554106,17.148117704376766,138.12617991049558,3.5527206389782715,C3S1,2.9483103411663314,MR
468,SURYAPET,Kagaznagar,Kanchanapalli,18.096065788171416,78.14448817861859,4.510141875043247,Post-monsoon 2020,,7.41,1436.0837328958512,919.0935711629348,36.26643164274934,223.02483310291834,259.76980577987126,0.8648634382205029,6.9971728834299824,64.74867999984943,154.0936590199971,15.631581467072674,163.61040080925352,0.1762974239206443,408.2682271701952,2.917245775931243,C3S1,-3.03227980288498,P.S.
462,YADADRI,Kammarapalli,Yalal,17.497006581029613,77.84553538708546,3.7314643609469007,Post-monsoon 2020,,8.31,2965.38957485166,1897.8492954131907,16.964249580286527,525.6196527038821,427.926081438629,0.7655670079206565,284.884978317536,67.45725390603376,270.9349738223486,30.536395823654974,148.73536693630496,115.18076574056244,845.9353112078052,6.116513957876885,C3S1,-6.056433373638309,P.S.
359,WARANGAL (U),Dharmasagar,Narayanagiri,17.9905,79.3769,0.51,Post-monsoon 2020,,8.1,1255.0,803.2,0.0,200.0,200.0,0.51,93.41163636,40.25,108.0,4.0,80.0,43.758,379.9259868,2.409053359,C3S1,-3.598519737,P.S.
863,HYDERABAD,Chivemla,Yerrapahad,17.672218233747866,78.8100032744163,6.785182417880152,Post-monsoon 2020,,7.41,1905.3843342595699,1219.4459282122993,10.249834979048565,215.65449334160013,464.82719832017136,1.453658537051405,35.829399334772916,0.0,41.03124797953825,0.0,200.51696865772823,96.90127944990525,899.4130230593803,0.0,C2S1,-13.445179610362555,P.S.
1088,MAHABUBABAD,Vailpoor,Ravikampadu,17.57311983968262,78.56148130034494,2.9839637876088427,Post-monsoon 2020,,8.62,363.3233016176398,232.52693869867926,15.571608330136227,366.1053178811472,0.0,0.0,0.0,0.0,103.73000837971998,37.143115129994406,0.0,0.0,0.0,2.7745995560331513,C3S1,8.911579338196413,MR
910,KAMAREDDY,Kandi,Juvinile home,17.539620586895012,79.22979586263678,6.134231840684936,Post-monsoon 2020,,8.92,749.2788552842588,479.53844636263784,11.590323407380847,498.44228036346846,0.0,2.3703549737602625,0.0,0.0,186.7164809783572,3.368534510423214,0.0,25.597754461505502,0.0,6.190547754725616,C2S1,10.193224780489052,P.S.
604,RANGAREDDY,Saidabad,Anjanapuram,17.51171255746705,78.94260503766392,0.6331087076142996,Post-monsoon 2020,,7.89,634.8941698017873,406.33228299370893,16.72451934446921,264.52023793241653,83.46078452725993,0.5159366720737806,0.0,27.418328641833952,37.46530541668183,5.888826878458622,126.05454788832719,2.9319585531677035,328.6438694518881,0.7439251771357043,C4S1,-0.9596287599212066,P.S.
641,JAGITYAL,Hasanparthi,Akkenepally,17.276551190460587,78.6500996193711,8.900725818140824,Post-monsoon 2020,,7.93,417.4030027664643,267.1379368458514,15.004340125470039,329.59706298187916,0.0,1.2788476614483075,22.159319848619077,0.0,46.27613437875276,0.0,0.0,35.908524678626904,126.80641795115457,2.641524354938531,C3S1,4.370054031318919,P.S.
458,MEDAK,Bhoothpur,Shankarampet,17.83608360083273,78.8003790764197,6.636557039246249,Post-monsoon 2020,,7.71,1785.0322214323353,1142.4206257756964,0.0,270.1643203751759,305.4954756540755,0.8675940291307286,113.16677272429231,70.15838016894622,151.6850540062427,26.019006234357168,108.65559269478663,59.28295881441204,514.5587293678207,4.4928317159279985,C2S1,-4.97074913678367,P.S.
80,KAMAREDDY,Lingampet,Bhavanipet,18.2791,78.058,5.08,Post-monsoon 2020,,7.69,1163.0,744.32,0.0,380.0,100.0,1.39,51.02208,19.0,96.0,3.94,112.0,24.31,379.9588816,2.141288067,C3S1,0.1,P.S.
695,JAGITYAL,Mahadevpur,Alampur,18.10543267528988,79.39322186143961,0.0,Post-monsoon 2020,,7.66,0.0,0.0,2.8158709593120013,55.12921032464325,0.0,1.0914260469756059,0.0,0.0,0.0,1.0563438237789757,0.0,0.0,0.0,1.7191774314653272,C4S1,9.338732275329185,P.S.
654,YADADRI,Odella,Sircilla(urban),18.801505137488203,80.0528048442605,6.590147693312192,Post-monsoon 2020,,7.99,308.7354526295155,197.59070750155956,5.77774583796043,484.40853256674814,0.0,0.967594989739216,0.0,0.0,127.16869492367593,0.0,0.4554396432842367,0.0,0.0,5.085391190320295,C3S1,11.621987695895665,P.S.
572,NIZAMABAD,Dummugudem,P.D.Mallareddy,17.32834435423183,79.22296651458572,2.6743077768117427,Post-monsoon 2020,,7.99,1616.8782425976926,1034.802135395001,8.463227716767843,315.90654893245625,274.09885828431186,1.854359532126946,81.8822789424987,19.57477607170408,178.6980053548657,0.0,109.57343559481203,37.75736638104753,429.35735486714105,4.5279405429170065,C3S1,-2.184914777177373,P.S.
106,KHAMMAM,Thirumalayapalem,Bachode,17.2997,79.9006,1.05,Post-monsoon 2020,,8.36,917.0,586.88,20.0,300.0,80.0,0.6,10.27528,14.0,90.01,8.17,32.0,43.758,259.9259868,2.427381708,C3S1,1.201480263,P.S.
698,VIKARABAD,Balanagar,Thungathurthi,17.677013792220073,77.82871703993024,2.887423345651575,Post-monsoon 2020,,8.02,3316.2464968139248,2122.3977469791353,24.175430709015856,443.7533246131908,669.2820635757632,0.32017218141143156,238.02600378894405,54.4832452320183,305.737740462445,0.0,151.06268478163184,157.67884643049408,1025.9844872308104,4.600816988274998,C3S1,-11.122165874162757,P.S.
962,WARANGAL (R) ,Machareddy,Khanapur,16.565637778672315,77.45903135517707,0.594431144743294,Post-monsoon 2020,,8.48,1429.2864306554486,914.7433549420391,8.545379573315806,254.9577189074114,314.44656693384746,2.2887467235246173,24.878887881694865,41.53994034903492,234.06604772242105,25.467314789318596,0.0,56.173823031535925,221.33309893110504,5.000466537233433,C2S1,0.8495946338824494,P.S.
658,MAHABUBABAD,Sircilla,Vallabhapur,18.50243687174949,78.3070791480775,9.503791014664134,Post-monsoon 2020,,8.2,0.0,0.0,5.480793793682004,373.87946478455115,0.0,0.5540491687913114,0.0,0.0,0.0,0.0,17.17033857207801,19.63996035797028,126.16707832627333,0.0,C2S1,5.074106248360465,P.S.
822,NARAYANPET,Marriguda,Kolanpaka,16.54775586513803,79.14290075579218,0.7353598343757906,Post-monsoon 2020,,7.01,1287.6525516278462,824.0975946901551,13.814524920333408,314.262651052418,163.0981623092485,1.450047022055849,122.49292953351042,14.226911739009175,139.91006756855066,0.0,58.20061309255464,61.87403798470367,402.6009041064781,3.7980316777239835,C3S1,-1.4349685018306202,P.S.
223,NALGONDA,Vemulapally,Bommakal,17.026526,79.518081,3.08,Post-monsoon 2020,,7.85,1608.0,1029.12,0.0,280.0,340.0,1.0,3.0,18.0,188.8,7.2,72.0,48.62,379.9177632,4.211427747,C3S1,-1.998355263,P.S.
544,KHAMMAM,Palwancha,Chandampet,19.205130571661073,78.73673417428037,2.5628236492415226,Post-monsoon 2020,,7.38,0.0,0.0,26.791133350883754,419.1110690960381,0.0,1.9802014416033216,0.0,0.0,32.85485170733524,0.0,48.99441376838156,0.0,0.0,2.6046644217268495,C3S2,11.216859762314867,P.S.
1064,MANCHERIAL,BICHKUNDA,Bachapally,17.59208665309924,77.96623425496408,10.34846664800522,Post-monsoon 2020,,7.29,3176.0809138518125,2032.6918029490366,23.225512433109195,540.1429975846048,547.9828749775536,2.114036351948603,168.32777025582442,131.01089305108138,345.9996712471576,3.4254051743343386,104.86477024979203,147.20733262736601,866.9573941000482,5.573930537637301,C3S1,-6.104923988926004,P.S.
253,NIZAMABAD,Kotagiri,Kallur,18.515955,77.77381,8.64,Post-monsoon 2020,,7.94,876.0,560.64,0.0,330.0,60.0,0.84,3.228741,19.25,114.0,1.5,32.0,29.172,199.9506579,3.505222547,C3S1,2.600986842,U.S.
1087,NAGARKURNOOL,Veldanda,Jagityal,17.173735780305854,79.03128579962367,0.4765552600055347,Post-monsoon 2020,,7.66,1774.632611970615,1135.7648499446643,7.339341596109591,94.54649856063176,510.12355501784157,0.0,47.039468503375716,35.223853660461,118.7403726024985,0.0,92.35123094108519,110.66212611366363,686.2711888544547,1.6746514178987353,C3S1,-11.708192106949927,P.S.
1089,NAGARKURNOOL,Mellacheruvu,Nasurullabad,16.920188325241757,78.87773211432176,5.525578531949851,Post-monsoon 2020,,7.44,3115.1644925795763,1993.7052500009743,9.003141277638477,397.4218054414008,571.8197303638235,1.8844875474973208,276.1046873817721,63.64347150171865,284.2725547265289,41.599602039761116,187.67047089230772,113.7971778100296,938.144746840202,3.8651088377047524,C3S1,-10.626415480483455,MR
911,NIZAMABAD,Mupkal,Thirmalapur,17.921693153265114,79.68634280047739,10.400305078583155,Post-monsoon 2020,,8.73,2592.025331260238,1658.8962180181663,5.906601572581976,311.5724171921686,603.2982436517143,2.036207689871664,34.34103540423546,63.41476783665632,169.70308600554677,24.413803268471895,278.4251890038864,51.71579694672027,907.8004404050475,2.352346833609365,C3S1,-11.74329869282725,P.S.
570,NIZAMABAD,Bansawada,Nasthipur,17.706304035382825,78.9695652694607,11.644084245648052,Post-monsoon 2020,,8.26,1549.3710434156546,991.5974464459325,6.370160631036555,277.00077151754556,337.163764525636,1.7464441405710407,78.57205295653232,40.86389002583216,137.88444454529596,0.0,35.33666137966751,110.06058333112964,538.8157134322098,1.4807512379764802,C4S1,-5.116216307676897,P.S.
986,MAHABUBNAGAR,Shankarampet R,Mallapuram,17.53570708015503,78.56801366023507,0.0,Post-monsoon 2020,,7.78,1358.5588757319833,869.4776542890223,0.0,401.85529728304624,140.95261176061416,0.7850247623405125,32.31503206627261,71.05102572277033,158.873862803568,13.120115957381016,21.387882359171144,76.37212554729925,367.9113199711978,3.1329457595809616,C3S1,0.5150510569628639,P.S.
453,VIKARABAD,Tekulapalli,Jaipur,16.696252145523452,78.97345430819202,8.531612837178315,Post-monsoon 2020,,8.38,0.0,0.0,9.805906165987018,131.22377365188203,0.0,0.0,0.0,0.0,0.0,0.0,22.86382942915526,15.246682614347712,121.59555014879862,0.0,C3S1,0.3621965152574598,P.S.
459,KHAMMAM,Shivampet,Kodur,18.30953342290273,79.58679340467783,10.802846222474052,Post-monsoon 2020,,8.3,2744.2036376158276,1756.2903274988732,0.0,567.943839357067,427.43521352630154,1.7569162927553148,157.6435489331263,61.11382780467369,237.15856566556278,0.0,186.26303828704084,91.77426857679185,842.579259522133,4.2159752852243475,C3S1,-5.841793127707369,P.S.
285,RANGAREDDY,Shamshabad,Palmokole,17.204,78.301,2.94,Post-monsoon 2020,,7.63,1725.0,1104.0,0.0,360.0,270.0,0.78,104.9673,27.0,179.8,4.7,96.0,53.482,459.9095395,3.645235931,C3S1,-1.998190789,P.S.
166,MEDCHAL,Qutubullapur,Gajularamaram 2,17.53,78.42,1.33,Post-monsoon 2020,,8.04,927.0,593.28,0.0,350.0,60.0,0.94,29.85146,13.25,101.0,1.51,48.0,34.034,259.9424342,2.723672883,C3S1,1.801151316,MR
236,NIRMAL,Kubeer,Kubeer,19.2495,77.945833,2.1,Post-monsoon 2020,,7.66,783.0,501.12,0.0,320.0,20.0,0.73,50.53086364,11.25,82.0,4.0,24.0,38.896,219.9342105,2.404028556,C3S1,2.001315789,MR
142,MEDAK,Chegunta,Chegunta,17.9341,78.5186,5.55,Post-monsoon 2020,,7.54,990.0,633.6,0.0,340.0,100.0,2.16,16.56446,9.0,104.57,3.18,64.0,29.172,279.9506579,2.717305863,C3S1,1.200986842,P.S.
394,NIRMAL,Kusumanchi,Domalapenta,17.363787659100083,79.41991673217876,0.0,Post-monsoon 2020,,8.58,2455.278462098426,1571.37819906409,12.820835017571934,198.22886876387452,547.9894903246162,0.0,238.9704902568191,44.29152318300965,204.391074466225,25.29556557966655,175.64153015663322,55.34605147139461,666.9619585704102,1.2041387160165207,C3S1,-9.185921467104341,P.S.
919,JAGITYAL,Kulcharam,Vattinenipally(s),16.148190538230786,78.46061994548839,7.768123809240409,Post-monsoon 2020,,8.14,1322.924798775294,846.6718373302231,25.427421632297598,321.11583496267474,217.3741369040549,1.1590700693379472,120.84759881902525,0.0,117.0683606129485,0.0,96.59731867587813,38.598185608041135,398.8181805643147,3.7609326340604765,C2S1,-1.0430346563456363,P.S.
12,BHADRADRI,Bhadrachalam,Bhadrachalam,17.666775,80.900922,1.67,Post-monsoon 2020,,8.17,1373.0,878.72,0.0,440.0,110.0,0.792,76.53312,21.0,83.67,6.16,88.0,68.068,499.8848684,1.627072622,C3S1,-1.197697368,P.S.
834,JANGAON,Torrur,Chegunta,19.03146093187467,77.8074287080302,6.922768352820474,Post-monsoon 2020,,7.6,1584.5706339592537,1014.1251915157222,11.75301472104523,355.10123607805247,195.50458513602214,1.6030820391422054,81.24497005918616,79.06276937439247,215.18964229365974,25.896070424785872,117.21914952879418,0.0,255.80459959681863,6.152495066633281,C4S1,2.1542745508018197,MR
840,WARANGAL (R) ,Gurrampode,Pegadapalli,18.612621547072585,79.4775898525242,0.0,Post-monsoon 2020,,7.41,1359.842411742267,870.2991141529054,7.513332610335225,274.9459611470224,150.92673278528105,1.4294103968974308,110.26556050730704,97.25656573419809,184.82865998885268,26.0594911446593,29.74882020788337,44.56058717025962,255.65552024516361,3.416330205411631,C3S1,0.564758203530785,P.S.
789,RANGAREDDY,Peddavoora,Bhoompalli,16.381913839441385,77.5394246019167,0.0,Post-monsoon 2020,,8.31,1118.6163192799208,715.9144736453177,33.121260090928345,277.0667720708834,223.0151503434449,1.7573461932912249,10.730430065955659,0.0,107.32317409603843,46.98106703684547,42.5057300459633,44.46865457250292,291.8528690882655,2.6047809310382446,C3S1,0.3651013661230862,U.S.
197,NALGONDA,Devarakonda,Padamtipally,16.67664,78.797379,8.38,Post-monsoon 2020,,8.04,805.0,515.2,0.0,200.0,50.0,0.78,135.0845,10.0,22.94,4.86,56.0,48.62,339.9177632,0.540976809,C3S1,-2.798355263,P.S.
1152,NALGONDA,Advidevulapally,Alampur,18.349765552100294,77.6632036995035,5.202734861435495,Post-monsoon 2020,,7.69,1753.1152747991325,1121.9937741406413,0.0,431.8056609205479,245.05461748815952,2.4015888688086706,0.0,109.80801850440452,153.13987168134432,25.382279775403116,186.41026410548278,25.100822116815152,568.6541970445475,4.302681590663636,C3S1,-2.8393936444096566,P.S.
25,BHUPALPALLY,Ghanpur Mulug,Chelpur(D),18.368545,79.853503,5.24,Post-monsoon 2020,,7.94,565.0,361.6,0.0,150.0,70.0,0.31,23.95686364,47.75,16.0,4.0,64.0,29.172,279.9506579,0.415768326,C2S1,-2.599013158,P.S.
981,JOGULAMBA(GADWAL),Peddamul,R.C.Puram,17.64064372952492,77.4988232396257,0.0,Post-monsoon 2020,,8.04,617.0629404915364,394.9203003764425,7.161118907943126,384.4435355555204,0.0,2.627091668310192,0.0,96.27102789021151,53.81051272341057,3.56817834791561,42.352323196635396,21.279275362830454,193.76711993265394,3.968858567557993,C3S1,3.9893325498930694,U.S.
830,VIKARABAD,Rebbena,Narnoor,17.691494026426323,78.70482927872064,5.121470784809872,Post-monsoon 2020,,7.47,2277.7492936256244,1457.7595260847606,3.6671934853907997,310.1084653165057,416.72116038530635,1.4919596735253273,88.65227075333846,87.44516155133131,313.4330950577305,22.249483287218716,125.79590589070006,6.642089686076751,342.2455761302083,7.641368126863561,C3S1,-0.54617615060704,U.S.
246,NIZAMABAD,Bheemgal,Bheemgal,18.715,78.442,5.08,Post-monsoon 2020,,7.32,4303.0,2753.92,0.0,520.0,1060.0,0.84,69.5353,32.5,208.0,6.2,232.0,262.548,1659.555921,2.219931396,C4S1,-22.79111842,P.S.
984,KARIMNAGAR,Telkapally,Bhadrachalam,18.332325768789765,79.26482236007381,6.263446049721361,Post-monsoon 2020,,8.02,1576.9382890415175,1009.2405182648558,0.0,438.99045326393605,291.64742074005085,1.3258822119328733,0.0,16.530226755717017,111.01855083123054,48.849239823950576,98.75482203293818,76.38550026139437,562.4585865940899,1.5083363974530037,C3S1,-2.6151648439394575,P.S.
412,PEDDAPALLY,Asifnagar,Sarvapoor,16.3092756927617,80.24174089935369,0.0,Post-monsoon 2020,,7.78,1786.817715680499,1143.5633163620569,22.25289047830848,397.2030458636057,214.0313749664948,2.121264608047894,120.2208435826369,104.8006479134518,334.3085968657987,12.537092504460858,11.16204790549179,22.943506814587153,121.32426614216456,8.510388173122983,C2S1,5.975429769411095,MR
242,NIRMAL,Nirmal,Nirmal,19.092416,78.343527,2.23,Post-monsoon 2020,,7.51,1386.0,887.04,0.0,330.0,190.0,0.47,87.37209091,29.25,138.0,2.0,64.0,58.344,399.9013158,3.000370134,C3S1,-1.398026316,P.S.
679,NARAYANPET,Valigonda,Bazarhatnur,18.562861609965744,79.74256835412868,4.9744250910560455,Post-monsoon 2020,,8.1,3179.2208178122146,2034.7013497620562,8.042950045950533,467.0302241604875,587.8798286101185,1.7284008836871605,266.1506344436464,39.918051766558776,308.7208013017912,25.450702625225425,148.2089864260421,127.87932588365891,896.8548656877601,5.720506464627475,C4S1,-8.42974879214651,P.S.
689,KHAMMAM,Manchal,Veldanda,19.135289334850004,77.68971692069329,12.188754935787458,Post-monsoon 2020,,7.31,900.0013157940617,576.0008605699768,0.2226156256914038,188.81192601242134,125.06502971728206,0.5302558745759771,0.0,87.29019065184383,9.987096344753425,0.0,109.69293891906982,57.97238447672319,512.6424388417365,0.0,C3S1,-6.481735029995113,P.S.
266,NIZAMABAD,Varni,Varni,18.543,77.903,3.88,Post-monsoon 2020,,7.46,991.0,634.24,0.0,340.0,90.0,0.96,19.22186,12.75,56.0,0.92,80.0,43.758,379.9259868,1.249138778,C3S1,-0.798519737,P.S.
11,BHADRADRI,Ashwapuram,Aswapuram,17.841678,80.809241,6.62,Post-monsoon 2020,,8.54,1032.0,660.48,30.0,160.0,140.0,0.217,95.53353,29.0,83.17,16.14,88.0,19.448,299.9671053,2.087863247,C3S1,-2.199342105,P.S.
268,PEDDAPALLY,Dharmaram,Dharmaram,18.7453,79.1872,3.55,Post-monsoon 2020,,8.1,886.0,567.04,0.0,170.0,120.0,0.45,32.21090909,44.75,43.0,3.0,48.0,48.62,319.9177632,1.045253047,C3S1,-2.998355263,P.S.
921,NARAYANPET,Khanapur,Kattangur,19.09639125553169,79.52744655527619,1.284408896675405,Post-monsoon 2020,,8.39,485.55157324005165,310.75301047470305,0.0,231.20023260123298,0.0,1.3087832196494702,219.85917808781488,0.0,0.0,35.47374050376616,0.0,71.15817768792533,227.1386170632492,0.0,C2S1,-0.01865878970906465,P.S.
416,KAMAREDDY,Nizamsagar,Kosigi,18.676460268778563,80.33058815686479,2.643093296679766,Post-monsoon 2020,,8.29,706.9012219200868,452.416753812813,11.832489698670091,296.0078543354643,106.75083088324774,1.7684234707203137,0.0,0.0,0.0,0.0,25.1119572398607,83.96617717521684,408.85944186907966,1.6897996031744595,C3S1,-2.036926436203131,P.S.
1208,NIZAMABAD,Karakagudem,Ailapoor,16.738925267499138,77.52538278788978,3.5671651361801535,Post-monsoon 2020,,8.32,915.6082245270109,585.9892699686673,6.841397215314104,39.15373194184656,194.07455355769937,0.4850700951444339,127.94494946222589,0.0,0.0,0.0,123.59365422571973,77.85561205177086,629.8243851518257,0.0,C4S4,-11.588686865715575,U.S.
205,NALGONDA,Kattangur,Kattangur,17.161891,79.320303,3.18,Post-monsoon 2020,,7.21,2819.0,1804.16,0.0,570.0,540.0,1.48,28.38989,30.0,408.3,4.0,152.0,29.172,499.9506579,7.93940528,C4S2,1.400986842,MR
1090,MEDCHAL,Kothur,Kurraram,18.01819435789859,78.35169020534309,3.11797378426265,Post-monsoon 2020,,7.46,2049.3971758183898,1311.6141910312726,20.521820506928115,293.5761657563622,369.6217310918523,0.02269194480170722,171.1700629919036,46.324601096742775,127.05167624792207,0.23322255388985624,116.68435614429562,101.97808722619146,710.8897536906875,1.353694838185521,C4S2,-7.918796270665393,P.S.
433,SANGAREDDY,Choutuppal,Maldakal,17.346633186478023,79.81642785872744,2.8318437429622505,Post-monsoon 2020,,8.68,1093.55636052912,699.8760632138941,27.84585236823272,251.65746538885082,157.9034940151196,2.064997986842228,0.0,16.8198690268095,120.56511638788976,16.73521779954609,0.0,78.43969876127949,256.47530546921746,6.12851449273586,C3S1,0.4464149926007628,P.S.
661,NAGARKURNOOL,Chevella,Nutpally,18.23611346354783,78.95557259605721,8.628803325127897,Post-monsoon 2020,,7.31,1248.307111897859,798.9165877674075,0.0,458.02975917161285,139.27020154455408,1.7121140185002328,3.559597068138828,0.0,69.00757596621517,0.0,75.4917846668512,77.17247339441295,506.19165796621877,1.8536121892393684,C3S1,-1.0017693026625467,P.S.
477,KUMURAM BHEEM,Bhiknoor,Kollampally,17.96288611249564,78.4459304291162,11.780951345830083,Post-monsoon 2020,,7.84,452.4250248173155,289.5520049763711,10.455118730676773,73.5332515061385,102.280934568134,1.0905922277502262,0.0,20.72572404692371,62.527049681661204,17.50447361612374,0.0,10.827793618636292,45.446318403868304,2.471162012973742,C3S1,0.6450434327364927,MR
1053,WANAPARTHY,Gajwel,Veliminedu,17.69998958449227,77.70879789630352,5.570065240063659,Post-monsoon 2020,,7.29,731.5406252333843,468.18597571986527,5.334201997415914,348.56934993816265,41.061319751399,0.48454475785858886,0.0,36.984930580580695,157.36976502391235,0.0,49.3332520077302,12.700275550793144,177.2517871230018,4.6499501061827155,O.G,3.511922085465151,P.S.
22,BHADRADRI,Tekulapalli,Bethampudi,17.56,80.45,8.04,Post-monsoon 2020,,8.18,1565.0,1001.6,0.0,330.0,190.0,0.649,162.27856,28.0,273.7,3.9,8.0,43.758,199.9259868,8.416128101,C3S2,2.601480263,U.S.
721,RANGAREDDY,Nuthankal,Borapatla,17.170397382469307,79.74897617944514,2.253837032306827,Post-monsoon 2020,,7.71,1486.9882250296387,951.672464030891,23.56518661324769,102.4801647790797,330.6233498265529,0.0,123.12283107471839,0.0,67.38222369189211,17.06446799228463,143.26929520279649,38.789854351403704,519.8576184565866,1.7199853923870838,C3S1,-7.8913183779269325,P.S.
465,NALGONDA,Manopad,Velmaguda,18.731017189811176,78.57688816546701,12.09454622504837,Post-monsoon 2020,,7.98,164.7792283917995,105.45874906256597,0.0,287.53331766482205,0.0,1.2630801413292825,70.98060414469575,34.24256074521541,0.0,0.0,74.31350212996186,0.0,95.20013102853244,2.123564081062342,C2S1,3.702959027825916,P.S.
515,VIKARABAD,Rajapet,Bibinagar,17.70952227895237,79.94800139234101,0.0,Post-monsoon 2020,,7.71,2710.160818193859,1734.5029132614213,0.0,476.7085096285074,511.2713546795197,1.6414221519665277,100.42727189045694,64.76054904143979,245.34072498960592,1.078200969509469,132.1949756039612,121.23415618886708,827.6147520012619,4.332557479846706,C3S1,-7.213393467735573,P.S.
965,BHADRADRI,Thimmapur,Mallapur,17.509523854498152,79.6220541965526,5.103799645734552,Post-monsoon 2020,,8.17,1555.581329196512,995.5720797231036,13.28509749126346,291.86609458645313,188.59881956968422,0.8344088088373235,272.11428715428883,5.145936574698169,202.65632752114468,37.972718801047826,0.0,89.40831629697107,357.40488812133674,5.041512043426369,C3S1,-1.027451808722589,P.S.
727,NIZAMABAD,Kamalapur,Dhantalapally,17.948020676110954,79.21091506979508,6.952809449835202,Post-monsoon 2020,,7.41,1305.89546601798,835.7731172149319,8.068652945836803,513.7643616364187,55.46474004322431,1.6363615270955882,65.52496164985615,0.0,204.85901553330189,0.0,0.0,54.79884947477556,223.32153659630364,6.487540916083317,C3S1,6.044220233264406,P.S.
687,NIZAMABAD,Adilabad,Thirmalapur,16.5784032975596,78.11313914383757,3.5010457707502605,Post-monsoon 2020,,7.74,844.0712548536978,540.205599799383,2.5843551967327736,275.78978078787594,25.02460300714,1.4407702976444192,128.5058406823823,24.92228707154634,60.382046082776746,26.190482159560645,56.57741752558996,34.32084415035165,283.4606167499089,2.386454040284697,C3S1,-0.1260328033513054,P.S.
1061,WARANGAL (R) ,Kollapur,Rajavaram,18.514135901133866,79.51246384475981,11.354137242259409,Post-monsoon 2020,,8.64,2573.160537178894,1646.8227749576172,0.0,682.4354571230662,440.07338909102896,2.5942734895392103,0.0,14.899438679631597,272.3972237232269,0.0,124.26472757899666,97.74267901501187,713.7728647744129,6.210777216260868,C3S1,-0.6157892489847765,P.S.
743,JOGULAMBA(GADWAL),Jagdevpur,Dharoor,16.869793511366208,77.62720225510105,13.548251636356497,Post-monsoon 2020,,7.72,241.96663582501333,154.85864083624222,0.0,549.8555479510309,0.0,2.13105903107975,78.6694586414318,0.0,0.0,24.761240991316946,90.66391271758012,0.0,157.76360410251192,1.9505647753040731,C4S1,7.77670277190715,P.S.
1034,MEDCHAL,Asifabad,M.V.Palem,17.319655051842098,79.1073060299546,1.0125691734948834,Post-monsoon 2020,,8.18,577.3500578571075,369.50401998215784,15.785571928502177,569.6503015350668,0.0,1.700721805697145,0.0,36.548041367712415,93.87360972819008,3.2635872765992238,40.63598933193061,0.0,83.7882938689126,4.664904153124352,C4S1,10.02644662971982,P.S.
560,ADILABAD,Gadwal,Hanumkonda,18.97940299156732,78.02879117970429,10.667377753383724,Post-monsoon 2020,,7.67,707.1422246945802,452.5709813091085,6.9175733626593665,227.77926541422286,71.88985561309542,0.8601840553630914,93.02340882912034,37.11879868563594,50.48357657631615,0.0,64.29332574264431,37.6231868786048,314.9941964232038,0.0,C2S1,-1.6622178885576075,P.S.
548,NARAYANPET,Vailpoor,Abdullapur,17.642104834674786,78.08997419734183,10.547282664625342,Post-monsoon 2020,,8.05,1370.780676494538,877.2996612903646,0.0,283.8390238215407,140.96501043170974,0.7387872872708242,171.56821481652725,57.18929494254523,104.65882313672621,48.36942031560801,124.91665695271921,29.283908982849074,433.4069278037126,1.4191207518865636,C2S1,-3.05735118535193,P.S.
71,KAMAREDDY,Bhiknoor,P.D.Mallareddy,18.173,78.453,12.51,Post-monsoon 2020,,7.44,1030.0,659.2,0.0,340.0,70.0,0.85,54.29954,26.0,54.33,2.07,128.0,19.448,399.9671053,1.181135524,C3S1,-1.199342105,P.S.
1169,KARIMNAGAR,Jangaon,Pudur,18.040440992648687,78.25487240446503,16.866217448425836,Post-monsoon 2020,,7.6,88.9920356674545,56.95491585277966,0.0,164.82664335183486,0.0,0.0,18.317758814747172,0.0,0.0,0.0,75.93633191527594,22.45530501713128,281.4707590403202,0.0,C2S1,-2.3804790261439868,P.S.
1052,NALGONDA,Eturu Nagaram,Damagnapur,16.517733920110313,79.50435760318344,3.385366353796277,Post-monsoon 2020,,8.32,1571.4649218283403,1005.7375482985955,9.153276886397972,379.4994621627644,143.2805641592927,2.520798428393911,201.05165352668587,31.426727820687,164.33372617870157,40.065890785164136,54.448652946521634,65.39332619857295,404.77620026019133,4.655901816055844,C3S1,-0.40304369015722186,P.S.
553,MANCHERIAL,Thiparthy,Rangampet,17.344789025650204,78.71177842654404,4.7474671105859265,Post-monsoon 2020,,8.46,2790.573906521886,1785.967301879372,35.788214411793064,371.9249460106496,543.9911919524247,0.9728845245371605,159.39971269805557,62.31554170436708,386.2240077861021,22.906742458174456,114.40265462246361,49.64746420279784,487.22682984416025,9.136597808888942,C3S1,-1.5830567611913995,P.S.
918,VIKARABAD,Valigonda,Bantwaram,17.269657860174604,78.0257333943307,1.296540191659075,Post-monsoon 2020,,7.27,838.7414463878976,536.794557677722,14.003423826520837,285.4875195802091,75.32652316124341,2.004461460219809,101.81143457659346,0.0,137.62733182301028,8.77011023113433,4.045233455162986,32.538081726371544,145.00093818813866,4.407814613392108,C4S1,3.1308363266649875,P.S.
551,MULUGU,Kattangur,Shahbad,18.783013472807085,80.50105176105754,1.321702926570354,Post-monsoon 2020,,7.74,120.19590717517667,76.92541469523837,0.0,282.6295426106653,0.0,1.0041072872302854,0.0,0.0,49.285788908870714,0.0,12.386431845712323,0.0,0.0,1.7929089516096326,C3S1,7.467054882207117,P.S.
1103,KAMAREDDY,Palakurthi,Old Alwal,17.11035024959776,78.01454135653478,12.69274497386882,Post-monsoon 2020,,7.66,1235.5581046760356,790.7571673131933,26.50818143827778,445.7953912169804,93.11135308346448,1.319833002052106,0.0,31.138409259598596,116.84498735754946,0.0,125.7713066564263,14.137253051858856,374.31540367061666,2.157098521506066,C3S1,1.9384735398358397,P.S.
1206,KAMAREDDY,Govindaraopet,Veldanda,16.555209943654898,79.21953742846425,12.657511388454967,Post-monsoon 2020,,8.68,3238.5095709732213,2072.6461263655146,0.0,477.014095620597,683.5856154565104,0.4845840957596276,186.16124710449395,41.177536574920765,317.8898780687376,50.0557186074249,190.75748442745498,98.27841967302712,878.484424844199,6.450513002111034,C2S1,-8.180963998042213,U.S.
300,SANGAREDDY,Patancheru ,Isnapur,17.5519,78.2006,13.41,Post-monsoon 2020,,7.46,2103.0,1345.92,0.0,350.0,430.0,1.43,8.587831,38.0,140.8,0.1,192.0,58.344,719.9013158,2.281593837,C3S1,-7.398026316,P.S.
441,MULUGU,Jinnaram,Atmakuru,18.297092374203444,78.55941055670067,1.5800148613104312,Post-monsoon 2020,,7.81,1638.4474715794092,1048.6064020470938,3.7473384723331122,459.14504237205085,212.966341635719,2.753531262603711,44.690972056509814,7.622395501943284,262.3631240684835,25.58890224108172,57.56384991866866,18.44634698508405,219.78163579329026,9.395921534346117,C3S1,4.859770443630923,P.S.
326,VIKARABAD,Bomraspet,Bomraspet,17.164004,77.719418,11.62,Post-monsoon 2020,,7.29,708.0,453.12,0.0,210.0,90.0,0.97,18.29177,22.0,91.0,0.82,40.0,19.448,179.9671053,2.949286689,C2S1,0.600657895,P.S.
909,KAMAREDDY,Midjil,Madgula,18.120614430238803,79.66235264132028,6.165603235377691,Post-monsoon 2020,,7.7,879.6895355968375,563.0013228901298,34.13871487524305,243.53526524480628,90.25138413708252,1.210608008736676,0.0,88.3100987528899,153.46850323711564,18.983110902990227,31.428002790217157,5.076750438031638,100.25526011465581,6.413902869975993,C3S1,3.4726052978559205,P.S.
997,BHADRADRI,Konijerla,Varni,17.832190565409956,78.0024571203396,0.0,Post-monsoon 2020,,6.47,1387.697422005674,888.1262939924252,0.0,314.6497105682297,271.1948751062853,0.7808657876847462,0.0,0.0,169.46751606879286,3.4272696940789835,120.15037029058368,1.4721983351272172,306.112484791671,4.738647700900465,C2S1,-0.25653265964935157,P.S.
1007,NALGONDA,Adilabad,K.Mallepally,17.181287623853695,78.70872724774043,0.0,Post-monsoon 2020,,7.51,1648.6425993762389,1055.1313159928307,0.0,345.17982716207246,198.44225069305693,0.6286739610056051,124.04737044129942,70.46794388808735,190.59184140815324,21.85520404648802,111.01677908271816,30.26640771099474,401.0128346616048,3.1468389914239854,C3S1,-1.3556170856551155,P.S.
885,MAHABUBNAGAR,Marripeda,Shankarpalli,17.484882280538198,77.73591174395183,0.47934885653385884,Post-monsoon 2020,,8.05,2238.947646267683,1432.9265397562804,7.203712622615615,450.0131908152614,446.1956986233309,0.16650707974678947,0.0,9.56369559047377,216.07299162031146,5.128579393201289,99.47550209371373,111.14369120090674,706.1937044243247,1.2823574115499092,C3S1,-4.99397567322475,P.S.
143,MEDAK,Havelighanpur,Mutayapally,18.0845,78.2189,2.7,Post-monsoon 2020,,7.93,809.0,517.76,0.0,270.0,90.0,0.86,17.76029,14.75,86.0,2.0,72.0,14.586,239.9753289,2.413722381,C3S1,0.600493421,P.S.
1149,SANGAREDDY,Talakondapalli,Morthad,18.75488922136831,79.41732974277404,5.591769483420978,Post-monsoon 2020,,7.1,1998.1325670819456,1278.8048833970934,0.0,343.5344195254528,325.0953647935785,0.17791242942937635,213.92928997598005,78.25384392844958,128.4208328327719,41.75317807787524,90.59033487030166,130.45981686684553,763.510107328148,0.021513928812671335,C3S1,-8.718013020145696,U.S.
341,WANAPARTHY,Ghanpur,Ghanapur,16.56306,78.046454,0.45,Post-monsoon 2020,,7.4,640.0,409.6,0.0,240.0,50.0,1.85,9.56664,9.0,69.79,1.83,48.0,14.586,179.9753289,2.261824345,C2S1,1.200493421,P.S.
782,ADILABAD,Mudigonda,Mamidala,17.130292067713775,79.1011991897984,7.178792730323086,Post-monsoon 2020,,7.8,226.65721424755156,145.0606075799302,15.175588541865656,348.4725875169639,0.0,1.3055743566935651,84.70861993378568,41.923597265561014,106.88259060232846,26.14411045455176,0.0,0.0,0.0,3.888906584754152,C3S1,11.24306016988027,P.S.
460,NAGARKURNOOL,Mirdoddi,Kothalingala,16.75232487804603,80.39750933450603,0.0,Post-monsoon 2020,,8,2944.7841479749272,1884.66185553907,9.476931338638003,245.43487207428643,680.0714769621094,0.0,257.36933129080955,0.0,212.21428703132682,47.49554536907376,121.53683072364919,150.1002545046642,921.0444421431853,2.002638573692815,C3S1,-13.299257704708268,P.S.
381,JOGULAMBA(GADWAL),S.Narayanpur,Raghunadhapalem,17.710355129045748,79.44007858569721,15.551992903321572,Post-monsoon 2020,,8.18,145.9883390833652,93.43255137574499,0.0,271.38472065298816,0.0,0.5925482876943398,0.0,0.0,40.28131930957397,0.0,0.0,19.88238927872369,20.40774726232496,0.0,O.G,4.813070686731612,MR
831,JAGITYAL,Doma,Damagnapur,18.270098692543627,79.78779840204623,0.6392033996530202,Post-monsoon 2020,,7.94,1269.2465653045542,812.3177816411154,1.495269388910843,234.02564735656242,212.52235812121492,0.8421733315340098,55.460412567126525,6.198827784805658,187.69520778650343,17.056776509826978,68.4153262919358,0.0,146.17607364289597,4.0698008968602855,C3S1,1.8148743532022844,P.S.
684,NIZAMABAD,Duggondi,Hanwada,17.16151989078447,79.37114877627084,13.496191740013241,Post-monsoon 2020,,7.42,1532.997523090231,981.1184493714563,0.0,481.96056664295327,166.85158801102193,1.6305774520483491,116.41250936565265,21.331835109374836,84.30282695440238,0.0,129.3104881309607,76.84609235777472,638.2632185965906,2.7097696216944493,C3S1,-3.275883257580729,P.S.
1018,VIKARABAD,Parkal,Nawabpet,17.483538521651436,79.31157531585411,5.529596883512571,Post-monsoon 2020,,7.44,713.4181386918256,456.58755431500606,10.843704129676377,230.17707219553643,91.40345818354774,0.4325464135774314,0.0,24.06447542970265,90.0348976434951,11.338730553063407,16.406820492718296,41.18977740271683,212.0072333978658,1.3872394781750523,C3S1,0.5616684736221775,P.S.
20,BHADRADRI,Manuguru,Pagideru,17.97,80.73,0.87,Post-monsoon 2020,,8.12,1638.0,1048.32,0.0,290.0,340.0,0.335,0.097438,23.0,178.8,59.8,56.0,48.62,339.9177632,4.216506249,C3S1,-0.998355263,P.S.
395,KHAMMAM,Midjil,Kanchanapalli,18.323265249785877,78.56158886984522,0.7368155831319569,Post-monsoon 2020,,7.96,591.6032068270981,378.6260010738298,0.0,345.840226224152,54.09386437651065,1.389456477224954,0.0,0.0,58.2131916753151,0.0,53.60422321664277,18.722317754512908,210.98963231343896,2.5846427809597534,C3S1,2.3256183265350088,P.S.
492,YADADRI,Charminar,Ramadugu,19.147077338702584,79.35745559502581,0.5173893741335585,Post-monsoon 2020,,8.28,234.65115538561463,150.17674095366874,0.0,154.87799750010728,0.0,1.6078990118501788,0.0,66.99492158177443,78.84529797078534,0.0,0.0,7.556734449983125,0.0,2.4905769752867166,C3S1,3.513592547001456,MR
311,SIRCILLA,Gambhiraopet,Narmal,18.283725,78.552568,4.73,Post-monsoon 2020,,7.32,1336.0,855.04,0.0,320.0,180.0,0.9,74.48772727,27.0,147.0,4.0,104.0,19.448,339.9671053,3.466339132,C3S1,-0.399342105,P.S.
33,HYDERABAD,Charminar,Darul Shifa,17.381,78.485,3.92,Post-monsoon 2020,,8.18,907.0,580.48,0.0,160.0,160.0,0.37,48.719,19.0,70.19,13.62,56.0,34.034,279.9424342,1.823950463,C3S1,-2.398848684,P.S.
113,KUMURAM BHEEM,Kowthala,Kowthala,19.5219,79.7324,3.65,Post-monsoon 2020,,7.09,356.0,227.84,0.0,80.0,30.0,0.29,13.48831818,3.25,7.0,2.0,24.0,14.586,119.9753289,0.277858847,C2S1,-0.799506579,P.S.
38,JAGITYAL,Gollapalli,Gollapalli,18.7906,79.0522,3.3,Post-monsoon 2020,,7.09,817.0,522.88,0.0,200.0,110.0,1.0,45.90054545,13.25,29.0,6.0,56.0,48.62,339.9177632,0.683885242,C3S1,-2.798355263,P.S.
613,PEDDAPALLY,Bheemgal,B. Chandupatla,20.182649943820948,77.22809214455907,8.45395721804462,Post-monsoon 2020,,7.85,298.169193897525,190.82826233040942,0.0,449.0834618590367,0.0,1.5554881640083429,0.0,4.310843962663398,26.774175242312126,7.771463021331401,86.5333691366203,0.0,186.68302303757253,0.0,C3S1,5.202467507699355,P.S.
41,JAGITYAL,Kathalapur,Kathalapur,18.752777,78.689722,1.68,Post-monsoon 2020,,7.99,1156.0,739.84,0.0,220.0,250.0,2.19,3.221090909,9.25,33.0,1.0,32.0,106.964,519.8190789,0.629303281,C3S1,-5.996381579,P.S.
516,MEDCHAL,Domakonda,Atmakur,18.31883120446813,78.62272255823252,9.139943023159137,Post-monsoon 2020,,7.38,257.826644761662,165.00904140079058,0.0,226.94115886217446,0.0,0.8255898264259314,0.0,73.30864659121157,22.780304895753304,0.0,69.31749937157262,0.0,150.89303793297665,0.0,C3S1,1.215069228108408,MR
295,SANGAREDDY,Hathnoora,Nasthipur,17.7047,78.2185,23.25,Post-monsoon 2020,,7.71,428.0,273.92,0.0,150.0,40.0,0.282,1.585582,5.0,11.99,6.63,56.0,9.724,179.9835526,0.388575073,C2S1,-0.599671053,P.S.
894,NALGONDA,Jakrampally,Mustikunta,17.201621238989304,80.09249004430895,7.3568829622554865,Post-monsoon 2020,,8.16,652.3084857151258,417.4773859474006,22.906580277643663,213.80759736709854,25.799064373032394,1.3659667055559992,92.7246084634857,0.0,95.4487403852554,17.67895406804397,0.0,38.89388890883535,89.13189338070009,1.8247645791162115,C2S1,2.911915746146492,P.S.
429,BHADRADRI,Anumula,Morthad,17.493711367124412,78.2715406961748,2.192804415644307,Post-monsoon 2020,,8.26,1615.2184660443036,1033.7398572275542,0.0,377.40078482084965,223.11949850869095,1.9353822081183996,86.25316589620056,65.09912011347865,132.16770172711057,0.0,113.43369227084321,56.7266713620389,517.0426116479515,3.0393888243357474,C2S1,-2.942056434811323,P.S.
1017,KAMAREDDY,Alair,Anumula,18.686174671205798,79.1066252130886,10.712017346457358,Post-monsoon 2020,,7.57,1366.7114393548063,874.6953003714127,0.0,32.506583528564306,273.05625506780837,0.010290661357170938,211.1790084219822,37.866400793511644,67.47772439819975,17.32752737744012,112.53641171998544,60.276179736691915,530.4099440127058,0.5461671019173435,C3S1,-10.021234978217757,U.S.
833,YADADRI,Narasampet,Ramayapally,18.204214835997963,77.96628808155286,8.169912061653935,Post-monsoon 2020,,7.51,1467.2421958311838,939.035039188,0.0,438.38325404696855,185.54191041842756,0.07551942538468404,0.0,41.84293483671166,176.84514923427568,20.58812027155753,82.62501028147281,32.915336691262254,339.6172134636808,3.265984073885276,C3S1,1.7588560839649996,P.S.
136,MANCHERIAL,Bellampally,Bellampally I,19.072027,79.503111,12.85,Post-monsoon 2020,,8.01,923.0,590.72,0.0,300.0,120.0,0.46,24.15818182,14.0,57.0,2.0,96.0,34.034,379.9424342,1.271417308,C3S1,-1.598848684,P.S.
376,YADADRI,Thurkapally,Gandamalla,17.733101,78.853831,5.74,Post-monsoon 2020,,8.26,2109.0,1349.76,0.0,430.0,260.0,1.08,332.175,33.0,211.3,43.3,48.0,116.688,599.8026316,3.751176315,C3S1,-3.396052632,P.S.
278,RANGAREDDY,Keshampet,Keshampet,16.943945,78.329383,7.28,Post-monsoon 2020,,7.45,2129.0,1362.56,0.0,310.0,450.0,0.46,134.6416,18.25,174.0,4.05,160.0,72.93,699.8766447,2.859635381,C3S1,-7.797532895,P.S.
718,VIKARABAD,Amangal,Gandamalla,18.23226827868536,78.17239653462201,11.512007832113756,Post-monsoon 2020,,7.09,1468.9573817144767,940.132714725563,0.0,96.16182821645961,299.72331294125786,1.0418690826416406,299.5845879214238,0.0,57.57145739405124,25.503748590427147,131.10073300591245,62.27793713266381,584.6553834535998,0.6189268804352102,C3S1,-9.790449044334737,P.S.
53,JANGAON,Jangaon,Jangaon,17.6973,79.1474,2.18,Post-monsoon 2020,,7.09,1585.0,1014.4,0.0,390.0,70.0,0.82,142.1306364,26.0,85.0,5.0,136.0,53.482,560.0,1.56182423,C3S1,-3.398190789,P.S.
1168,NALGONDA,Jagdevpur,Bondugala,17.23073088724966,79.84126103832982,3.222440978052991,Post-monsoon 2020,,7.96,3618.868437429306,2316.075798820433,38.06845449055173,507.93884329990465,662.2759936156122,2.0405636497237682,205.40409208979185,74.78099110285282,517.0236917848342,42.38407893788922,60.14644382067486,123.485667915589,658.0733157084123,11.048896462269804,C3S1,-2.2478645293327584,P.S.
1012,VIKARABAD,Rudrur,Rajender Nagar,16.504941689799267,76.898774686031,6.687369039348935,Post-monsoon 2020,,8.34,2815.2189909646218,1801.7401895969147,11.444432915212278,332.04466674722346,627.6215908031738,1.4222158249183816,47.402717739332786,77.03143839186254,246.49780734851828,0.0,176.98743705390638,119.72359362785855,934.4620507662682,3.052411083218312,C3S1,-11.812668432345601,P.S.
170,MULUGU,Eturu Nagaram,Eturu Nagaram (D),18.359652,80.440017,10.67,Post-monsoon 2020,,7.94,344.0,220.16,0.0,150.0,20.0,0.18,3.019772727,3.0,6.0,1.0,48.0,14.586,179.9753289,0.19445402,C2S1,-0.599506579,P.S.
732,MAHABUBABAD,Yellandu,Tamsi,17.922009804091246,79.2445529432531,0.0,Post-monsoon 2020,,7.78,1930.3249930356856,1235.4079999555108,0.0,119.97220590165276,395.90272455737215,1.008137591366419,256.4427054932885,52.0977048585264,82.29634594373547,2.797071970837745,89.86993931142432,117.62949559236446,707.4927556463581,0.0,C2S1,-12.113770462315257,P.S.
307,SIDDIPET,Nanganur,Rampur,18.0888,78.9925,5.66,Post-monsoon 2020,,7.96,1364.0,872.96,0.0,140.0,300.0,0.79,36.98215,24.0,98.0,4.0,64.0,58.344,399.9013158,2.130697632,C3S1,-5.198026316,P.S.
539,KARIMNAGAR,Mamada,Amangal,17.837356533770315,78.32251202773152,2.896611393988128,Post-monsoon 2020,,7.98,2507.9405472224885,1605.0819596919223,10.518191540045828,151.2164818354426,551.3657301914122,0.0,195.9047736370986,84.14331303244212,160.61896966568258,4.3879920592578205,201.52375572312985,89.70302411248403,873.7620598920989,0.0,O.G,-14.309016826400418,P.S.
581,YADADRI,Saidapur,Dharoor,17.874730385637,78.56921237788335,4.368530240240376,Post-monsoon 2020,,9.01,2337.5641530365106,1496.0410822515714,5.996141125362058,423.4493253516919,314.0557254569026,1.1696832041021183,194.9160353667199,93.02447760261555,349.59881627004097,0.0,104.71735531769106,34.63722764560245,406.6241583558339,7.258994484951128,C2S1,0.39469909040936946,P.S.
114,KUMURAM BHEEM,Rebbena,Rebbena II,19.257,79.415972,5.78,Post-monsoon 2020,,7.67,777.0,497.28,0.0,300.0,70.0,1.66,13.287,10.25,102.0,4.0,72.0,4.862,199.9917763,3.135929329,C3S1,2.000164474,MR
10,BHADRADRI,Annapureddypalli,Annapureddypalli,17.354519,80.826104,12.7,Post-monsoon 2020,,8.15,443.0,283.52,0.0,80.0,70.0,0.0431,46.411491,5.0,16.97,4.44,64.0,4.862,179.9917763,0.549955658,C2S1,-1.999835526,P.S.
542,NAGARKURNOOL,Jagdevpur,Marpalli,17.785719060385546,77.72915125138687,13.637049656071127,Post-monsoon 2020,,7.35,0.0,0.0,32.35262627532141,375.37746961730977,0.0,0.615750914792015,0.0,0.0,15.859030371499543,0.0,0.0,3.5919532033850246,0.0,1.5966070017340663,C3S1,9.760853787058647,P.S.
347,WARANGAL (R) ,Atmakur,Atmakur,18.0686,79.738,1.39,Post-monsoon 2020,,8.26,4040.0,2585.6,0.0,460.0,830.0,0.18,367.607,112.75,312.0,11.0,112.0,262.548,1359.555921,3.67898672,C4S1,-17.99111842,P.S.
837,KHAMMAM,Marpalli,Mulugu,18.399101921520842,78.57269510859437,4.817200503847698,Post-monsoon 2020,,6.47,998.4065637780437,638.9801932392379,10.618335232217387,345.39502537649844,54.761722399556504,1.9039322767467564,40.81503418871745,0.0,184.15750409376182,24.575860171579752,0.0,22.96963479499786,64.55083926006608,4.665018352176068,C4S2,5.879952384155576,U.S.
868,YADADRI,Malkajgiri,Velgatur,18.54409971965184,79.47648773672367,11.005289104735304,Post-monsoon 2020,,7.26,1871.209637207954,1197.5741422559354,0.0,301.53844270580043,382.1578369789122,1.748605693198007,18.879653756980446,27.941434526999913,174.28854936178232,0.0,142.45101832118218,53.29393135442593,574.7444437313989,6.1170188123726925,C3S1,-5.530596894802991,P.S.
994,RANGAREDDY,Nakrekal,Bodhan,16.726151144736367,77.90059774534303,7.108449222406147,Post-monsoon 2020,,7.44,1673.7767335222172,1071.2171138268018,13.23570051078313,207.28756989923477,278.81620922247936,0.517991763858461,173.2060700024804,5.420222032578238,131.89689350029812,0.0,165.16737447173392,24.277592522963477,512.0028571897457,2.4724833117153713,C4S1,-5.788254283852087,U.S.
599,VIKARABAD,Talamadugu,Vemulakonda,18.6194793623049,78.74721481341491,2.770806448651803,Post-monsoon 2020,,8.58,1346.9070395305691,862.0205438661294,0.0,402.7449771948866,159.21755031028934,2.4259252501414963,9.245611415234109,12.745572779639243,160.8041833119505,0.0,0.0,102.71692024822894,403.19821132799075,3.0318576598374976,C3S1,-0.37684273513010647,P.S.
804,ADILABAD,Gummadiddla,Manchippa,16.779707988132582,78.14285523387248,3.1353519573677184,Post-monsoon 2020,,8.29,3254.4795644419137,2082.8669008055354,0.0,431.89570859492574,605.0619503377668,1.8463368735212489,248.70973006161609,90.59392082528308,348.8903728494853,14.868071503678767,132.616168837445,127.50059666518612,855.1961385304277,7.576435095218406,C2S1,-8.662835938280729,P.S.
306,SIDDIPET,Mulugu,Mulugu,17.7214,78.6333,36.55,Post-monsoon 2020,,7.76,890.0,569.6,0.0,290.0,100.0,2.29,22.5879,6.0,93.0,4.0,56.0,29.172,259.9506579,2.507896747,C3S1,0.600986842,P.S.
603,NALGONDA,Raikal,Domalapenta,17.765753122341934,79.34140728788233,0.0,Post-monsoon 2020,,7.8,251.0532364543294,160.67409928029542,7.769912266808704,61.630623044814456,80.60783855937107,0.0,0.0,0.0,9.877840610024336,16.78148078987364,54.197491383704225,0.0,80.88937815841251,0.0,C3S1,-0.17706807109124112,P.S.
692,NIZAMABAD,Narketpalli,Reddypally,17.70157088598158,78.72117571655215,4.234062660110537,Post-monsoon 2020,,7.71,1777.6672319105946,1137.707026322031,1.6340759937217406,289.7471451648165,300.77640830548455,1.4923430411660834,72.72552855454768,115.69772954203782,125.99248706068721,14.238652712954867,92.3156894275051,92.54038517332268,613.6767769290086,1.1937576843380735,C3S1,-6.442919733763931,P.S.
122,MAHABUBABAD,Nellikudur,Nellikudur,17.5897,79.7597,1.45,Post-monsoon 2020,,8.16,1150.0,736.0,0.0,410.0,60.0,2.16,61.80468182,20.75,119.0,4.0,48.0,48.62,319.9177632,2.892677037,C3S1,1.801644737,MR
165,MEDCHAL,Malkajgiri,Malkajgiri,17.449,78.535,9.7,Post-monsoon 2020,,7.18,4644.0,2972.16,0.0,310.0,1000.0,1.3,528.8226,50.0,148.0,5.4,592.0,97.24,1879.835526,1.484136865,C4S1,-31.39671053,P.S.
908,NIZAMABAD,CC Kunta,Yanampally,16.908636191281833,78.57824327257332,0.0,Post-monsoon 2020,,7.72,1175.865672221726,752.5539954018304,15.892242593698013,311.0751700568208,84.56269643186108,1.2416049690378392,0.0,103.58403475765729,79.42269035591347,6.511393272355643,74.9945083782704,49.455583044543346,391.4712414192847,3.9238285087433584,C3S1,-1.2402976107279147,P.S.
636,NAGARKURNOOL,Nandipet,Vikarabad(S),17.786762061303147,80.11065980221798,6.884146662855775,Post-monsoon 2020,,7.95,1765.7983632644514,1130.1110047316706,15.746381227823079,376.3994947207857,249.91894367713516,1.5750992370092707,69.89507619407877,50.28706725451158,143.56076256172463,13.51137689717078,78.4600581778709,87.98289502261781,557.8376285611279,3.892068373692905,C2S1,-3.311434141549692,P.S.
222,NALGONDA,Thiparthy,Mamidala,17.065212,79.465001,4.97,Post-monsoon 2020,,7.92,2592.0,1658.88,0.0,330.0,470.0,1.19,271.45341,37.0,208.0,40.8,112.0,121.55,779.7944079,3.238511479,C4S1,-8.995888158,P.S.
365,YADADRI,Alair,Kolanpaka,17.69706,79.019595,3.23,Post-monsoon 2020,,7.93,1965.0,1257.6,0.0,560.0,360.0,0.93,18.73467,19.0,290.0,8.3,48.0,92.378,499.84375,5.639661383,C3S1,1.203125,P.S.
426,JANGAON,Bandlaguda,Hanwada,18.555805487782603,77.89010304148961,6.06028517954927,Post-monsoon 2020,,7.29,605.0960312800564,387.26146576565645,21.959062054469342,170.1177913604267,0.0,0.0,180.2038827065071,24.31526789229491,95.02143355066093,15.190373999013591,6.346920799545586,17.53381569794933,88.48304569967047,2.187407726905165,C2S1,2.0546015310420542,P.S.
272,PEDDAPALLY,Peddapalli,Peddapalli,18.6017,79.39,4.32,Post-monsoon 2020,,8.28,724.0,463.36,0.0,180.0,80.0,1.86,30.60036364,29.25,32.0,4.0,40.0,43.758,279.9259868,0.831573294,C2S1,-1.998519737,P.S.
501,BHUPALPALLY,Dummugudem,Kodangal,16.664268395777356,79.23454155189657,14.561250224356655,Post-monsoon 2020,,7.32,937.1584004665157,599.781353024246,7.089415940795355,265.6313633284755,132.6803473360944,1.322151496997341,50.871191388027995,0.0,95.73157226383285,14.665022699604695,43.58939829283985,31.4458692035107,238.24469658437903,3.549581969414165,C2S1,0.6984113293087209,P.S.
527,NARAYANPET,Mudigonda,Nizamabad,19.192148600755715,79.37776095074115,0.17837932403968448,Post-monsoon 2020,,7.01,893.3228525687099,571.7266130554966,0.0,297.0896023084261,34.46054816242895,1.5296259115256834,125.28477756663125,3.820906916355895,30.22497601359514,36.8123779100049,75.82702028160415,29.602931638002413,309.56836639580393,0.47761259699261327,C3S1,-0.6592495837460708,U.S.
685,KHAMMAM,Nandipet,Shadnagar,18.04301034661201,79.3303585004149,3.3895023278223047,Post-monsoon 2020,,8.3,1813.9362703893828,1160.919188630849,0.0,182.56432151680087,423.5350158976525,0.0,50.804740354933045,108.06291139136397,126.75116171126015,0.0,111.5240620293406,87.25110143702653,637.433509492482,0.901316600962287,C3S1,-9.585969568817434,P.S.
363,WARANGAL (U),Kamalapur,Shanigaram,18.184083,79.597194,0.75,Post-monsoon 2020,,8.3,2179.0,1394.56,30.0,400.0,360.0,4.88,118.5764091,38.25,302.0,12.0,88.0,53.482,439.9095395,6.260332743,C3S1,-0.198190789,P.S.
400,VIKARABAD,Odella,Thirmalapur,17.096086812860534,79.60844677457244,0.0,Post-monsoon 2020,,7.74,3355.987152086982,2147.8317984563973,15.655602725547448,514.6027996297308,517.5763862568264,0.632820757383135,307.5685184114418,168.8599147625256,418.53342485952675,40.14254152532308,38.77559221369251,146.10547026099042,699.4991020953638,8.792284282820791,C3S1,-3.3355485230867874,P.S.
1134,MULUGU,Hathnoora,Lingala ghanpur,16.507547299009488,78.53099541864174,0.3094235752987915,Post-monsoon 2020,,8.2,212.454204089413,135.97068637919392,29.927524525191167,59.114250200796846,0.0,0.9497841765478353,105.91819698178226,10.743678808620526,17.43530400443737,42.027973159502004,0.0,6.781036991980258,17.856248300316793,0.22219259012537185,C2S1,1.452202921959553,MR
494,VIKARABAD,Raghunadhapalli,Yerrapahad,17.29373059491887,78.50306492899662,7.6727649199026295,Post-monsoon 2020,,7.41,451.195261487955,288.7650117426091,23.72006093545303,453.9298166172364,0.0,3.3587192305749385,0.0,0.0,39.727487289815826,14.286651213673302,11.836149117718747,16.004950101653122,96.62901155509547,3.7274156101204277,C3S1,7.615462651371828,P.S.
906,BHADRADRI,Ashwapuram,Gudihatnoor,18.26721751341258,79.44169404016682,9.743423982897895,Post-monsoon 2020,,7.42,1038.5743616575016,664.6876280144957,28.302093144768442,340.49299256101517,118.73803981048273,2.6890040286175623,0.0,6.369732876685301,47.14334807666738,0.0,105.6738880358654,35.10698460774863,407.3525105496368,4.615389484875196,C2S1,-0.7822082238989696,P.S.
1136,NIZAMABAD,Domakonda,Kollapur,17.696578246955116,78.31180324756994,13.591064225176218,Post-monsoon 2020,,8.05,1742.3312418746445,1115.0919749298716,0.0,109.29087522456157,483.6965035459686,0.005376716177078578,20.43592549813851,51.410085065104965,0.0,0.0,224.83362421439642,124.6301468963747,1072.4193732828116,0.0,C2S1,-19.345619628441106,P.S.
370,YADADRI,Rajapet,Bondugala,17.768305,78.9665,2.71,Post-monsoon 2020,,8.73,797.0,510.08,20.0,240.0,90.0,1.01,32.64173,9.0,58.08,2.27,48.0,43.758,299.9259868,1.458114818,C3S1,-0.798519737,P.S.
678,SANGAREDDY,Kamalapur,Kallur,15.84519821239823,78.83499209252984,2.1311935342065187,Post-monsoon 2020,,7.63,2545.465367531617,1629.0977766079855,0.002988556451617441,350.97293655882515,408.7687318928657,1.832329541524071,314.05375014464425,56.35127540987422,219.7767942259758,45.142377594878724,174.61476050605773,72.73798914165636,734.7312964395691,4.8555326619103605,C2S1,-7.63888828450124,P.S.
825,NALGONDA,Mahadevpur,Neelahally,17.173197945011687,79.92631221600378,0.0,Post-monsoon 2020,,7.84,2492.3522759648727,1595.1053714065567,12.562143108752469,436.65896731771005,356.46457936251016,2.0694160536547317,251.8893332778705,70.15699056768221,366.58545167864776,0.0,78.36632207706879,63.3926222295719,454.63699110097986,10.40615127078686,C3S1,-0.07610521926534064,P.S.
541,JAGITYAL,Amarabad,Rayakur,18.149406943486476,79.56820944811605,3.09159207144974,Post-monsoon 2020,,7.83,100.23370401354032,64.14954840737823,3.848061578884558,402.7795173735725,0.0,2.17163086503479,0.0,29.110077473120455,62.342369898767394,17.526980749288565,0.0,0.0,0.0,5.835210471327158,C3S1,8.573353619376029,P.S.
607,NIZAMABAD,Nampally,Seetarampuram,16.838103782797365,79.65336014973275,5.186586809820243,Post-monsoon 2020,,8.54,1653.9390937385344,1058.521045014873,21.42413477423715,146.5025091169255,380.3857554212866,1.4475946399866677,0.0,129.54530759994316,206.9817496636166,0.0,45.96675179087662,80.43396813570384,443.05882587614605,4.166579893553367,C2S1,-5.529503377061578,P.S.
117,MAHABUBABAD,Dornakal,Mannegudem,17.374115,80.043883,2.56,Post-monsoon 2020,,8.29,1745.0,1116.8,0.0,340.0,180.0,1.26,177.5626364,55.75,180.0,10.0,56.0,68.068,419.8848684,3.819262925,C3S1,-1.597697368,P.S.
707,NIZAMABAD,Tekulapalli,Ieeza,16.895992967435433,77.23273219945422,8.938952302219349,Post-monsoon 2020,,8.17,978.1539520168526,626.0185674134523,0.0,294.7672530721849,66.6385250670333,0.6391837354005913,75.6652944096686,22.76635603225965,57.45929871099072,0.0,54.88226013832839,52.08722842232865,352.2877286924931,0.9040878397270875,C2S1,-1.1848227448214288,U.S.
384,JOGULAMBA(GADWAL),Kagaznagar,Shapurnagar,16.693140419836016,78.65684254174944,9.098243551493361,Post-monsoon 2020,,8.31,2820.595807052927,1805.1813772237076,1.6838585363098244,569.9189118775143,590.5309112830138,1.7373097699522149,0.0,0.0,311.14683708672834,17.01492263468554,88.46667126103566,123.46389975930367,727.9137961056409,8.338489252975272,C3S1,-3.0379942936106383,P.S.
711,MEDAK,Narayanpet,Meerkhanpally,17.793129470384578,80.18603252761497,11.494969622006575,Post-monsoon 2020,,8.19,1200.9717854809774,768.6218841286202,4.587491117855238,267.9990807821401,148.4393659555829,1.25261514157561,99.7698035789204,9.196345494622289,19.214632627508124,0.0,117.56257536238999,61.27693753731697,547.165221566468,0.836388553398776,C3S1,-5.459419177842234,P.S.
431,JANGAON,Renjal,Vemulawada(rural),17.82486784914059,77.97729367143,4.123435446327055,Post-monsoon 2020,,7.32,2920.040190252274,1868.8257108867683,0.0,469.0607203361152,472.15582890760317,1.5944028798155838,244.58314653308935,104.19637409188044,359.86873042795406,60.83402398141823,105.61334946561783,98.42900471975642,669.1011016278752,7.434008665213897,C3S1,-4.118168946464692,P.S.
633,NALGONDA,Shivampet,Palmokole,17.909487314255227,80.51285644759443,6.157847784814571,Post-monsoon 2020,,7.02,265.0446026722177,169.62855411841701,10.94185827840893,160.09155525543446,0.0,0.47921763403123374,0.0,0.0,57.777566324509635,4.370475298486589,11.924092510629848,0.0,0.0,4.070335803236228,C3S1,3.8267562879808366,P.S.
966,SIDDIPET,Maldakal,Saidapur,16.513793601731773,78.15406377042638,9.07111726609221,Post-monsoon 2020,,7.78,1938.706120878511,1240.7719192925024,23.501026281048357,435.32636747292975,371.9878757750503,2.10716635542537,0.0,27.182638462593054,298.7483061186848,0.0,74.90445651476503,38.55453548553878,344.84460001258486,7.13822623366984,C3S1,2.2210352152388206,P.S.
338,VIKARABAD,Vikarabad ,Vikarabad(S),17.321,77.914,8.13,Post-monsoon 2020,,6.28,580.0,371.2,0.0,250.0,20.0,0.39,15.0,5.0,19.0,0.4,56.0,29.172,259.9506579,0.512366002,C2S1,-0.199013158,P.S.
9,ADILABAD,Utnoor,Utnoor,19.3789,78.7685,2.0,Post-monsoon 2020,,7.81,1307.0,836.48,0.0,370.0,170.0,1.04,23.55422727,27.25,136.0,5.0,32.0,68.068,359.8848684,3.116946004,C3S1,0.202302632,P.S.
545,VIKARABAD,Alampur,Odella,17.124012014029066,78.13630931158964,10.100054664944928,Post-monsoon 2020,,7.96,0.0,0.0,16.392400170477266,113.86853741735374,0.0,1.720455226305225,0.0,0.0,0.0,0.0,55.867246235099216,0.0,113.21233749106278,0.0,C2S1,0.3585385407391084,P.S.
875,WANAPARTHY,Eligedu,Mushampally,18.366641828145042,78.52479828574177,2.4928307566220456,Post-monsoon 2020,,8.32,1311.3844707182882,839.2860349876015,10.088364870391949,294.62351709821525,193.65915542305595,1.4678261684362852,156.13879909210095,0.0,102.78396556590278,8.822309109834164,104.15995514365189,42.55682214764549,433.8535447131813,1.553220366932989,C3S2,-2.5123935827463333,P.S.
418,SURYAPET,Wardhannapet,Nirmal,18.87848785081414,78.81135540550275,1.2922631149262545,Post-monsoon 2020,,8,922.6263194240562,590.4808004820243,3.3102912270257594,246.8483342036681,15.996969092253124,2.5165987996812187,198.82028452350363,37.33820096999693,116.54602964405082,20.806016459474666,0.0,51.705627309415526,202.3441494049602,2.9975934800907416,C3S1,0.8670779734425813,P.S.
1099,MEDAK,Farooqnagar,Mutyalampadu,17.97905257697744,79.95635025359778,13.11715787086402,Post-monsoon 2020,,8.37,166.10141633260582,106.30493456061083,0.0,254.47328409225526,0.0,1.6366976288373518,0.0,0.0,0.0,0.0,48.65513144507456,0.0,111.23876862337653,0.5185422861538997,C4S2,2.7458664617610986,P.S.
761,NIZAMABAD,Nakrekal,Manchal,17.432038719853182,77.93282629443473,4.091721239339367,Post-monsoon 2020,,7.64,820.6860368984824,525.239057119679,8.994811851616946,314.50010966625524,13.428109252400589,2.0823008891112895,0.0,74.15980625282788,54.34492358566047,4.602978473025162,74.96031317936934,23.724269832616574,285.95908643232286,2.693727304828989,C4S1,0.7833002810721346,P.S.
1124,KARIMNAGAR,Peddapalli,Singarajupalli,19.170398813608788,77.12387943254507,15.313907987686402,Post-monsoon 2020,,7.69,1249.8247424025228,799.8878692993508,12.987417341272458,324.49841005239466,94.10379219267261,0.8476115228080537,191.37206594904166,0.0,116.21322095643112,2.252973334784066,129.49174487247427,9.255173598634947,361.3842413938161,2.5833134973927083,C3S1,-0.45679463964184497,MR
1039,RANGAREDDY,Konaraopet,Konijerla,19.06256081411287,78.71340580830697,2.6235948698372455,Post-monsoon 2020,,8.28,2487.2387823115314,1591.8328390539227,11.114815908777928,315.24211304691926,559.9327664872696,0.0,132.5720333025417,0.0,176.87485561756978,31.771535292444916,217.20228739400966,74.88511170636899,851.4287411609646,1.2635005238227284,C2S1,-10.558404850652462,P.S.
140,MANCHERIAL,Tandur,Tandur ,19.157871,79.456254,8.18,Post-monsoon 2020,,8.05,392.0,250.88,0.0,150.0,20.0,0.34,9.260636364,4.25,13.0,2.0,40.0,14.586,159.9753289,0.446878037,C2S1,-0.199506579,P.S.
881,MEDAK,Bibinagar,Munigadapa,19.410140194782223,78.95571213987866,8.652434559185581,Post-monsoon 2020,,8.16,0.0,0.0,2.3276690269304745,201.22288179931553,0.0,0.287345863805772,0.0,24.425589857921835,0.0,0.0,32.68835070959772,1.0740614861848883,83.39626063438533,0.13633666610522255,C4S1,2.3624305756331165,P.S.
288,RANGAREDDY,Shahbad,Shahbad,17.202,78.104,4.57,Post-monsoon 2020,,7.84,957.0,612.48,0.0,300.0,100.0,0.89,8.858,12.25,56.0,2.7,112.0,14.586,339.9753289,1.320494175,C3S1,-0.799506579,P.S.
523,KUMURAM BHEEM,Adilabad,Abdullapur,16.873836967191757,78.38009006969817,6.627982014842585,Post-monsoon 2020,,7.03,779.820664078085,499.0852529316275,0.764409100030381,73.88326539296696,111.8118979197578,0.9251400516000022,103.23819914447884,41.9100435214617,35.504399357121216,0.0,63.120663380220535,29.255974255738593,277.47571924017967,0.6281519406316001,C2S1,-4.031483871711314,P.S.
129,MAHABUBNAGAR,Hanwada,Hanwada,16.808381,77.897252,3.17,Post-monsoon 2020,,8.39,1466.0,938.24,20.0,230.0,290.0,0.44,52.21791,20.0,84.0,2.8,152.0,43.758,559.9259868,1.543427159,C3S1,-6.198519737,P.S.
781,NALGONDA,Lokeswaram,Ambatipally,17.343576262549693,78.44130783108285,5.147172538989563,Post-monsoon 2020,,7.61,1576.5532415266218,1008.9940931396068,14.14245760613014,170.78478270985107,352.7609613623496,0.31147617055917254,57.0683535582748,8.830760892935078,97.83284956515794,0.0,142.18821485590865,54.50836292414043,579.2255441748325,3.311887608207379,C4S1,-7.9228202173427995,P.S.
23,BHADRADRI,Tekulapalli,Mutyalampadu,17.54,80.5,3.78,Post-monsoon 2020,,8.09,1600.0,1024.0,0.0,560.0,120.0,0.784,52.12933,15.0,282.3,9.4,24.0,29.172,179.9506579,9.149688794,C3S2,7.600986842,U.S.
284,RANGAREDDY,Moinabad,Moinabad,17.33,78.29,2.46,Post-monsoon 2020,,7.44,1440.0,921.6,0.0,430.0,160.0,0.75,18.1589,24.25,61.5,5.09,136.0,53.482,559.9095395,1.130025767,C3S1,-2.598190789,P.S.
836,RANGAREDDY,Kollapur,Gollapalli,17.618900536481018,78.59886157720642,7.254244214148383,Post-monsoon 2020,,8.67,772.0532625208627,494.11412405749144,0.0,314.68665537528534,74.06701484999135,0.912447329465521,0.0,0.0,0.0,0.0,60.89676608077206,79.68161233705642,481.2660983711555,0.0,C3S3,-3.401230339727422,P.S.
719,SIRCILLA,Chityala,Julapalli,18.026799996288585,79.26061996113835,8.820314055452156,Post-monsoon 2020,,8.01,511.56817207290374,327.4036292919924,16.836980842274677,357.5008137851414,19.993457519254633,1.537301090377885,15.263735614644759,0.0,121.73335068140221,19.996833852779826,0.0,36.7770127913195,0.0,3.8163290276822193,C3S1,7.6001966781858386,P.S.
1125,BHADRADRI,Munugode,Bhavanipet,17.42042406217851,78.18670069057218,6.368021487706907,Post-monsoon 2020,,7.81,2256.484869867521,1444.1503084729966,17.96098379368722,257.2898739543451,476.2676708203227,1.2187932757618398,73.39570859386784,52.210376498525754,176.368441293126,0.0,167.5563870144034,75.22786887796849,729.4079554791022,0.8816496069995932,C3S1,-9.08296119472644,P.S.
189,NALGONDA,Anumula,Rajavaram,16.68016,79.407512,6.03,Post-monsoon 2020,,7.57,1443.0,923.52,0.0,350.0,230.0,0.56,18.278483,32.0,104.61,0.4,136.0,38.896,499.9342105,2.034177929,C3S1,-2.998684211,P.S.
94,KARIMNAGAR,Thimmapur,Alugunur,18.400873,79.151234,2.68,Post-monsoon 2020,,8.28,709.0,453.76,0.0,170.0,100.0,0.73,19.52786364,23.25,70.0,2.0,56.0,14.586,199.9753289,2.152196863,C2S1,-0.599506579,P.S.
959,MAHABUBABAD,Anumula,Hanumkonda,17.65459462959368,79.43749722157291,0.0,Post-monsoon 2020,,8.58,2106.652285019758,1348.2574427355976,24.69164950625847,291.31070326324357,465.9118093606606,1.2309284008431862,16.139689273318794,21.046988834794256,224.29400438386682,0.0,99.21626615746769,87.75639794454908,606.4732556076817,5.713303173301119,C2S1,-5.799098524907986,P.S.
1065,WARANGAL (R) ,Uppununuthala,Mallapur,16.738861431560487,78.25846868286663,6.3679893616948915,Post-monsoon 2020,,7.81,1713.7573851957395,1096.8047278413342,26.39120385606395,440.2766256378429,180.80315047902238,2.477414820258757,94.23489181106964,61.52233659105665,151.36089635443477,2.2851452329058555,148.3797102449771,50.21452101129345,577.9828017696468,5.741607982984676,C2S1,-2.1717822460687017,P.S.
235,NIRMAL,Khanapur,Khanapur,19.047089,78.662131,6.19,Post-monsoon 2020,,7.69,990.0,633.6,0.0,250.0,140.0,0.84,21.13840909,34.75,110.0,4.0,40.0,38.896,259.9342105,2.966423331,C3S1,-0.198684211,P.S.
949,JAGITYAL,Nirmal,Bibipet,17.399617918368754,77.66574974968,0.0,Post-monsoon 2020,,7.9,1070.5738201809304,685.1672166317165,4.177456035814761,265.1013936446386,219.08788488858573,0.39142699667027503,0.0,36.6198954115724,32.9096605085703,0.0,100.15815787261911,64.61130401544767,516.6266031767835,0.0,C4S1,-4.956688394270741,MR
517,NALGONDA,Thiparthy,kanagala,17.276480608397737,79.94633518031436,5.9345889229305495,Post-monsoon 2020,,7.6,310.25104091197363,198.56065167375948,3.9090970962910103,162.81866843271052,0.0,1.5882420388380991,43.91259265539246,27.285048242766464,40.220950141846586,0.0,55.52989646496106,0.0,63.48752379382529,3.1773251498835906,C3S1,2.1199926471830266,P.S.
793,NALGONDA,Jangaon,Narasampet,18.049300607098413,79.85442207602361,0.0,Post-monsoon 2020,,8.26,1059.2429965268789,677.915554824471,19.96036867904769,299.11683910615153,112.14999011541607,1.2727876561061118,107.06068994553125,0.0,76.08173526271841,36.098684577828266,42.75742553817491,55.34653938527623,333.70522672321545,2.7101590223113163,C2S1,-0.2536402166304943,P.S.
766,JAGITYAL,Devaruppula,B.Pochampalli,19.261720010648443,78.55709787334507,6.142119965643549,Post-monsoon 2020,,8.46,1094.077971388365,700.2099239373441,2.9314321805979566,499.85407649896547,0.0,1.8004447435539672,26.875288982388852,59.559052998795586,289.58071481881893,34.42674328720992,0.0,0.0,0.0,8.359044715294523,C3S1,11.62887387249126,P.S.
934,RANGAREDDY,Vikarabad ,Alur,15.105234109575889,79.00516914560846,4.395113946044444,Post-monsoon 2020,,8.3,1507.1398564065935,964.5694930071658,36.305930624894266,319.37880290675383,277.7511997675358,0.7378996530678075,0.0,5.910081026384635,283.21179928251604,0.0,0.771414992844683,33.24833477327836,140.6089059581181,6.412146938399028,C3S1,4.316368256464699,P.S.
478,MEDCHAL,Munugode,Mutayapally,17.373520905670777,79.30376739791416,1.2562521982353125,Post-monsoon 2020,,8.16,235.4705955289644,150.7012157946757,13.485013997390755,173.67352360659262,40.514939939117056,0.012824324148157373,0.0,0.0,93.2381773561269,0.0,0.0,32.143797342419134,0.0,1.321643867970603,C3S1,5.448796976689989,P.S.
621,MEDCHAL,Korutla,Yenugonda,20.026326234597114,78.08997982203839,0.0,Post-monsoon 2020,,8.39,1838.1268724379022,1176.4011779983618,0.0,206.59162037702566,426.57727295402356,0.2433364597171035,70.85690065844065,2.1147872600636966,51.45068747655398,13.20152140074656,142.83591413518855,98.81598120619489,762.7320074874874,0.0,C3S1,-11.176772408893527,P.S.
816,ADILABAD,BICHKUNDA,Mahabubabad,17.112698570370398,79.54827606157124,6.47931309403255,Post-monsoon 2020,,7.39,3406.55194818414,2180.193232925373,0.0,458.41791658837457,598.1933243149103,1.2254467678371839,399.3399153859708,32.33756630369245,296.5098459770469,34.188762419743654,180.99525455571302,138.10028027770028,1020.5584059795351,4.73161301181089,C3S1,-11.18100482382281,U.S.
1159,JOGULAMBA(GADWAL),Nalgonda,Pulkal,17.23247201651934,79.18817483102907,2.375965804502464,Post-monsoon 2020,,7.21,1037.1456622887467,663.7732758213552,5.852585909530707,395.05212992713956,28.236585737180633,0.4438172353164417,105.13760401403516,6.099114936456552,107.10388762450305,46.900267954381114,68.91183327058519,22.98951593893421,266.79679306946133,1.5263735246959529,C3S1,2.65860097764194,P.S.
391,SURYAPET,Mahabubnagar (R) ,Kalwakuthy,18.320507716371555,79.22266589622376,0.0,Post-monsoon 2020,,7.95,718.818173285783,460.0436811269482,0.0,432.1042064028549,5.572102193644952,1.7808891142189096,41.88475409316174,0.0,0.0,0.0,65.0393479933304,49.180762669822606,364.5963160918639,3.5605320440061523,C2S1,0.9371639550476347,P.S.
598,MEDCHAL,Raghunadhapalli,B.Pochampalli,17.874896328748342,78.19540084390664,0.0,Post-monsoon 2020,,7.61,2299.4131649617807,1471.6244295072338,0.0,304.9273634085516,453.03241748633354,1.4580076816702419,103.14987263354557,21.907791126504428,137.77805230640791,0.0,222.77350660369342,51.34876023087568,767.0211652344128,2.150447413626236,C3S1,-9.59590146392111,P.S.
722,YADADRI,Maldakal,Angadipet,16.642620546603403,78.72134664432282,11.990151801229398,Post-monsoon 2020,,7.53,1756.5555679140086,1124.195576257302,23.009012413401265,408.31878775680224,257.2022590117346,2.1383267599887756,50.880818918929236,42.771032726151844,193.27343061933493,3.2146797110169594,65.86738114349092,85.28737537023268,516.6767199046689,3.005430271468162,C3S1,-1.7220804788670674,P.S.
261,NIZAMABAD,Renjal,Dupally,18.733,77.991,12.63,Post-monsoon 2020,,7.44,1102.0,705.28,0.0,330.0,130.0,1.91,14.1728,17.25,85.48,2.49,88.0,34.034,359.9424342,1.958935573,C3S1,-0.598848684,P.S.
1031,NIZAMABAD,Hathnoora,Pudur,17.569167552325002,77.76660409260523,10.484232270132143,Post-monsoon 2020,,7.84,0.0,0.0,19.9128165814454,226.81876047104458,0.0,2.011106471871704,11.27870286860042,0.0,0.0,29.539763619410714,67.5790602746832,0.0,0.0,1.449059807752163,C3S1,6.193110623990245,P.S.
43,JAGITYAL,Korutla,Korutla,18.818611,78.706388,5.75,Post-monsoon 2020,,8.3,455.0,291.2,30.0,150.0,50.0,0.33,7.046136364,17.0,23.0,4.0,72.0,9.724,219.9835526,0.674225066,C2S1,-0.799671053,P.S.
513,JAGITYAL,Doulathabad,Santhinagar,17.364517100669772,79.64401899459648,0.8049354158078224,Post-monsoon 2020,,7.41,1423.8622905332252,911.2718428181284,28.58064704753121,198.98574766858246,195.48926644583463,0.3939314643724693,67.07308340261682,84.6592119699974,181.79053177751192,9.58910639618173,67.11584975837312,22.26587811907195,258.95677819075786,4.375334457026662,C4S1,-0.5523902982409763,P.S.
1095,BHADRADRI,Thirumalayapalem,Charbowli,17.618540381301095,78.70191649480076,6.069117415040449,Post-monsoon 2020,,8.09,2535.223922316769,1622.5432779186033,1.4042690102590845,165.4124201709177,692.4482005571821,0.8319367188729563,1.0260248792017705,69.8701281268156,231.65535045028003,7.432588517420522,111.60003087304258,125.22975526432731,793.0689813893373,3.3866380833286844,C2S1,-12.440044671303069,P.S.
511,YADADRI,Regonda,Gollapalli,19.06770492526592,79.4286634804207,5.596884872780317,Post-monsoon 2020,,7.4,719.0934141130393,460.21978247472737,32.160767573318594,204.00639843833267,169.60684569915458,1.061326823855179,0.0,36.59434041614736,36.51740774967381,4.852953898830836,71.71349776205871,27.390964055317486,292.1422009476265,1.1004344521099312,C3S1,-1.0567648864696353,U.S.
380,WANAPARTHY,Mahadevpur,Maredpally(s),18.183399203205568,80.16070465490766,13.638218463857683,Post-monsoon 2020,,8.01,0.0,0.0,4.418443194410941,238.33710376768707,0.0,1.7402291668442529,0.0,0.0,0.0,0.0,0.0,0.0,0.0,4.023673854581077,C2S1,15.587941506223517,P.S.
775,HYDERABAD,Saidapur,Angadipet,17.212684246255264,78.91060375881764,3.0859537266986363,Post-monsoon 2020,,8.08,704.561903404913,450.919609371607,11.790170973756616,111.23352966162238,106.81150093477778,1.8311541014188024,5.860559977934557,67.42757002283525,94.43283962853306,1.2270046563221895,0.0,53.04441591650689,174.73192818600097,2.9735433206672863,C3S1,-1.0714104983752628,P.S.
40,JAGITYAL,Jagityal,Jagityal,18.8252,78.8461,5.1,Post-monsoon 2020,,8.31,395.0,252.8,20.0,130.0,50.0,0.24,6.442181818,13.5,25.0,5.0,32.0,24.31,179.9588816,0.810262109,C2S1,-0.599177632,P.S.
92,KARIMNAGAR,Huzurabad,Huzurabad,18.189488,79.407573,0.81,Post-monsoon 2020,,7.85,877.0,561.28,0.0,230.0,120.0,0.7,55.76513636,14.0,82.0,4.0,72.0,24.31,279.9588816,2.130781372,C3S1,-0.999177632,P.S.
1166,HYDERABAD,Nakrekal,Pudur,18.62201391130973,80.16808134150361,0.8857903971744765,Post-monsoon 2020,,7.36,2072.161346316882,1326.1833027184848,1.964572125645022,509.5386355250309,285.2539454914677,1.5404049888072922,145.4453543156959,0.2720252434282351,134.15470854573417,29.562961822761192,133.159711279365,88.37175186517142,695.7198333349997,3.1727974462009065,C3S1,-3.7454432391900028,P.S.
1191,NAGARKURNOOL,Narayanpet,Gopalpet,18.970144500259607,78.37025710309186,2.794596936795133,Post-monsoon 2020,,7.67,791.1662741535455,506.34641102011466,6.3362692800540845,100.36595327531089,185.02589260959013,0.024050469057267487,21.59625918426711,11.792303188646112,55.757377644820465,14.082535255980407,74.82690011424452,25.32364206027944,290.7949237259567,2.5819439478840156,C2S1,-3.7454888495805836,P.S.
102,KHAMMAM,Kusumanchi,Kusumanchi,17.2208,79.9583,2.73,Post-monsoon 2020,,8.67,552.0,353.28,20.0,140.0,70.0,0.27,4.78332,15.0,52.93,3.11,40.0,14.586,159.9753289,1.819481114,C2S1,0.000493421,P.S.
630,RANGAREDDY,Mellacheruvu,Kurumurthy,17.74332552802316,79.13595888635544,8.71428152033348,Post-monsoon 2020,,7.97,3575.899989853272,2288.576012274344,20.25749620427699,463.2810409713054,606.2887522111216,2.2132956407179014,291.9440604795542,121.92749741986381,445.01665454480025,16.57939215791631,137.009496199246,109.60020301093459,792.6962415661599,10.507446001940943,C2S1,-6.213205688268678,P.S.
449,SANGAREDDY,Zafergad,Kollapur,16.30804562782389,78.42920379268654,17.83185036669211,Post-monsoon 2020,,7.4,554.630855913359,354.9637307804685,10.243306339242178,189.3422472868183,0.0,0.8186734364978258,137.92498898381072,26.422157270136726,51.62269667111829,4.290254546425954,72.31400137665216,2.564277148209605,191.98081971592646,2.2438925240581344,C3S1,0.13074800189566416,P.S.
852,MEDAK,Toopran,Kodur,18.89922647751702,78.77767452470138,8.13225626181675,Post-monsoon 2020,,7.48,119.67927907219723,76.59473919555239,30.074915878233103,180.0394019861293,0.0,0.7689027530086379,0.0,0.0,0.0,0.0,116.9047999216309,0.0,237.87892701264062,0.0,C4S2,-0.61373137300527,P.S.
665,KAMAREDDY,Kodangal,Chennaraopet,16.775581731344253,80.20425335192644,0.0,Post-monsoon 2020,,7.4,2564.0453906643843,1640.9890688893158,0.0,473.20828337174225,434.54881631590854,1.1788708856904733,193.72973580933095,27.706373040790087,228.9044394859633,0.4369244733681876,165.91126172048166,78.2889014535627,737.6006018827402,4.658798092104653,C2S1,-5.68382481512923,P.S.
1172,NIRMAL,Duggondi,Narayanagiri,17.452670702048902,77.86342541119248,0.052207234231379296,Post-monsoon 2020,,7.26,1367.8684781075779,875.4358211111507,0.0,457.62196955397724,115.6435778496988,2.3555708546313734,38.94233038591858,24.1953385501417,156.98191340909233,36.23193986270998,69.82335409348984,42.01101361519817,348.0837885340393,2.144194213899677,C3S1,2.0753340992814757,P.S.
714,SIDDIPET,Devarakonda,Juvinile home,19.796115681406263,79.19367127041684,8.961996100153588,Post-monsoon 2020,,7.17,948.8234133263617,607.2470005821085,3.6446821914073606,208.15865425350074,272.3858317158499,0.7026763687434295,0.0,48.923052959981774,31.509072677826893,0.0,116.60337711677884,42.45598039556418,466.5866040390656,1.6695597531994146,C3S1,-5.144142027645405,MR
723,VIKARABAD,Asifnagar,Bhadrachalam,17.458758030080254,78.47023074392737,0.0,Post-monsoon 2020,,8,2787.0465689774783,1783.7098001300662,10.262501586591444,288.4173550643391,486.2970436584366,1.0228918448880278,289.51831118555253,118.91874155839236,165.7837681513928,46.140666419776935,237.37987660586458,108.13159766298672,1036.7338335592951,3.1034525534778337,C3S1,-14.732362093116503,P.S.
915,ADILABAD,Moinabad,Rajender Nagar,17.93083440867182,77.88822227114063,16.37638820918445,Post-monsoon 2020,,7.98,0.0,0.0,13.91968195213982,172.25487672008384,0.0,0.784438688171785,0.0,26.140395723444573,0.0,0.0,87.17457818839571,0.0,0.0,0.0,C3S1,10.244963372159873,P.S.
1098,JAGITYAL,Dharmaram,Seetarampuram,17.338223701669406,78.75017278458739,1.8931150767915033,Post-monsoon 2020,,7.77,2046.3206861976314,1309.6452399561986,9.126483626455618,428.6580139669953,398.3608598444293,2.61378752232588,0.0,24.195446993081706,182.18918930763985,0.0,144.49851325541232,56.2407678494667,593.8042766074501,6.259399032276036,C3S1,-3.120005989719625,P.S.
1083,KHAMMAM,Kammarapalli,K.Mallepally,17.85511996303357,78.84253927228963,7.484375264242697,Post-monsoon 2020,,7.02,1561.3208348030948,999.2453250802928,10.46477180476607,184.8519687411296,320.8147362107944,0.3338862831129744,113.77859864573202,14.378161624760493,60.66329133251254,0.0,112.62039303453889,95.91339408203706,676.5810011316772,0.0,C3S1,-9.570532715522104,P.S.
738,ADILABAD,Basheerabad,Ghanapur,17.69088059855672,78.18008709105521,8.501026592802887,Post-monsoon 2020,,8.29,2575.426441728966,1648.2729456630223,0.0,380.9666594669101,559.7063222413421,1.3394844963713282,13.281936102296214,48.855768812651036,202.09538779331075,4.186754484779797,210.1531891908037,89.52834353052317,892.7523332185788,3.254818297386201,C3S1,-10.361252562301127,P.S.
1000,MEDCHAL,Moinabad,Atmakur,17.415948541740825,78.59016868468501,8.59355082949891,Post-monsoon 2020,,8.48,459.1972326776338,293.88622207144215,0.0,247.21884697580361,0.0,0.0,0.0,0.0,0.0,26.968482818479302,81.68021710381603,20.314572777792108,288.6224839458703,0.0,C3S1,-1.0610177500774864,P.S.
28,BHUPALPALLY,Regonda,Regonda,18.24,79.7775,3.29,Post-monsoon 2020,,7.14,1261.0,807.04,0.0,200.0,260.0,1.03,44.89395455,23.25,28.0,3.0,64.0,102.102,579.8273026,0.505569498,C3S1,-7.596546053,P.S.
335,VIKARABAD,Peddamul,Peddamul,17.33,77.66,7.74,Post-monsoon 2020,,8.18,1097.0,702.08,0.0,150.0,240.0,0.61,53.0,13.0,56.78,4.72,72.0,58.344,419.9013158,1.204741676,C3S1,-5.398026316,P.S.
746,KHAMMAM,Neradigonda,Ootla,17.741054302452355,79.95635927552267,0.0,Post-monsoon 2020,,8.46,736.3512365927903,471.26482974635087,11.59966915002075,150.90714563219436,92.95793735296145,0.7334723283802793,58.218394638298186,30.791035016891563,6.723874709889401,19.319163731612864,106.67779453611827,19.960190457531585,348.8561166897612,1.1091238010073878,C4S1,-3.716663023827179,P.S.
1092,MULUGU,Nagireddipet,Reddypally,16.193220808080778,79.04423664594195,0.0,Post-monsoon 2020,,8.37,2176.4180844584293,1392.9075812975966,15.651313664009642,180.0856971624982,444.26433710119716,0.2639050242109484,221.23885981002013,39.145311308680434,222.57830821366383,0.0,146.67283180154828,57.233472117143734,604.0878408819567,3.971835246366097,C4S1,-8.164389577602456,P.S.
327,VIKARABAD,Dharoor,Dharoor,17.303,77.774,9.5,Post-monsoon 2020,,8.01,1154.0,738.56,0.0,180.0,240.0,0.74,24.0,10.0,60.3,3.82,80.0,53.482,419.9095395,1.279415493,C3S1,-4.798190789,P.S.
1187,SIRCILLA,Koravi,Kallur,18.120715492174767,79.40270811908115,1.673191627695311,Post-monsoon 2020,,7.51,972.0866351560717,622.1354868373276,6.3576598940469475,343.11821152822614,80.1277710159534,1.2966084136567972,24.162365523536167,24.268323288466597,130.75781254672,21.25160908179298,62.05010787552433,13.447754760381379,208.20380386075723,4.697241143140703,C2S1,2.8028149881554554,P.S.
254,NIZAMABAD,Morthad,Morthad,18.826,78.449,13.83,Post-monsoon 2020,,7.03,922.0,590.08,0.0,280.0,90.0,0.63,48.09894,12.5,30.0,1.46,120.0,24.31,399.9588816,0.652207436,C3S1,-2.399177632,P.S.
328,VIKARABAD,Doma,Doma,17.088,77.836,9.37,Post-monsoon 2020,,8.46,620.0,396.8,34.034,40.0,80.0,1.06,24.00518,8.25,39.96,6.71,24.0,34.034,199.9424342,1.228698013,C2S1,-1.598848684,P.S.
454,MAHABUBNAGAR,Arvapally,Basheerabad,17.152426460536358,79.57948404143882,7.015894224666693,Post-monsoon 2020,,8.73,1327.7762111970333,849.7767776197975,2.240712344981074,83.77680984747752,268.7361312294202,1.2576056922553072,138.52605800225908,36.60610160926091,115.1023450910668,18.680090627466225,97.83135441336442,48.74015230466681,443.57175853888833,2.251751816040117,C3S1,-7.118750936942845,P.S.
191,NALGONDA,Chandampet,Chandampet,16.578477,78.888363,4.51,Post-monsoon 2020,,7.51,1506.0,963.84,0.0,310.0,170.0,1.6,219.27979,21.0,110.5,1.25,152.0,34.034,519.9424342,2.106962521,C3S1,-4.198848684,P.S.
434,KUMURAM BHEEM,Kothakota,Gattu,17.051104605694007,80.39560215805858,12.453088696274211,Post-monsoon 2020,,7.94,1157.6556812127876,740.8996176529498,10.0826859420236,0.0,299.87877137077373,0.0,92.64302054973034,32.56341115148308,0.0,10.528276823292172,177.24516701750707,40.708237263595464,609.9983451298907,0.0,C4S2,-12.831021566807994,P.S.
549,NALGONDA,Narketpalli,Shapurnagar,18.38723220160215,78.67770232894131,4.153914579009683,Post-monsoon 2020,,7.94,0.0,0.0,0.0,270.3461523142963,0.0,0.9467704126320591,0.0,20.96247755677198,0.0,0.0,0.0,0.0,0.0,0.0,C3S1,8.033132232008215,P.S.
119,MAHABUBABAD,Koravi,Ayyagaripally,17.503,79.9886,5.74,Post-monsoon 2020,,8.14,539.0,344.96,0.0,160.0,60.0,0.27,7.247454545,16.5,49.0,2.0,40.0,14.586,159.9753289,1.684386446,C2S1,0.000493421,P.S.
202,NALGONDA,K.Mallepally,K.Mallepally,16.729392,78.981033,2.3,Post-monsoon 2020,,7.9,1180.0,755.2,0.0,310.0,150.0,1.31,38.44372,41.0,91.0,1.82,88.0,43.758,399.9259868,1.978443917,C3S1,-1.798519737,P.S.
939,VIKARABAD,Burgampad,Ayyavaripalli,17.140414976868673,78.98353837250725,3.0661981529727393,Post-monsoon 2020,,7.57,1776.0392612367964,1136.665145186499,1.1100676847814812,99.46011649244548,494.3637752759623,0.0,65.00395455630463,0.0,50.74537866338913,5.640826111459971,186.85998599913896,72.52259695261742,764.5532501510329,0.0,C3S1,-13.28553473207716,P.S.
1107,BHADRADRI,Parkal,Bantwaram,15.950333847655052,78.77548013396947,0.0,Post-monsoon 2020,,7.01,459.03174135555184,293.7803631472648,38.87777403355457,305.7782394543881,0.0,0.4809682580095045,0.0,24.920089747321168,90.71186529935824,0.0,34.189192432168156,4.948261538297388,107.42365490925812,5.2413539276193735,C4S1,4.776817909397904,P.S.
531,NIRMAL,Nakrekal,Bachode,17.54676039844515,79.90116086014007,6.33502768924867,Post-monsoon 2020,,8.36,1007.0978785182789,644.5426479978614,12.313573660493562,272.3470884707398,126.44340651229882,1.0025622126363158,136.76304868163385,0.0,0.0,21.339579041412616,49.897060081791594,105.77084714989078,557.5686648239845,0.8521674993727053,C3S1,-5.476957843884631,P.S.
753,MAHABUBNAGAR,Balanagar,Mupkal,16.654477449370365,80.00158535529357,3.9135995016759875,Post-monsoon 2020,,7.04,2353.699254478509,1506.3675462890815,14.827516820633683,451.2991568367481,308.71916343287995,1.7492257629297434,163.4367568853424,91.14264086408654,274.5408824234647,42.3684151818165,78.90733025359424,80.74254290240268,529.373792101786,6.736745963409566,C2S1,-1.2002363534942742,P.S.
682,SANGAREDDY,Patancheru ,Ambatipalli,18.702910929357735,79.42410156596,1.4252676400882311,Post-monsoon 2020,,7.39,2913.683796170793,1864.757642065239,16.301423884034655,364.3675516736768,590.557033782932,0.6396641082399623,178.64032246732518,104.36710766430215,359.0558100683637,0.0,38.574333583433706,137.79699014768812,661.8334164744228,8.051562794209223,C3S1,-5.636279652385356,P.S.
943,ADILABAD,Hanwada,Akkenepally,17.886837438548294,79.61221107354028,9.89610104859524,Post-monsoon 2020,,7.67,2747.957474668957,1758.6927901325034,0.0,363.86913492544767,418.41729324100845,0.556147603445544,338.43583892164304,96.82206494905608,322.45686529561044,51.06455715237811,115.29354412699142,85.82626571291966,639.5908213885252,5.165864833030767,C3S1,-5.794351467686932,P.S.
118,MAHABUBABAD,Kesamudram,Kesamudram,17.6816,79.9069,2.5,Post-monsoon 2020,,8.05,1743.0,1115.52,0.0,470.0,150.0,0.74,165.4835455,33.25,180.0,6.0,64.0,77.792,479.8684211,3.572593334,C3S1,-0.197368421,P.S.
931,SIDDIPET,Koilkonda,Malkajgiri,18.516557336933477,78.62153809565001,1.9594899014169114,Post-monsoon 2020,,7.32,2220.577556022028,1421.1696419017599,0.0,249.42278977187016,383.8985170719758,0.8817478821408256,233.44568086802866,66.2699947976495,111.09141766576691,7.474869576110296,195.73733399836783,92.25283938841348,867.4429474577546,0.0,C3S1,-12.833201229806775,MR
1207,NARAYANPET,Huzurabad,Reddypally,19.368214771585585,77.61650428158518,6.835379393640896,Post-monsoon 2020,,7.24,1597.0523853560946,1022.1135000809769,10.254955541398086,470.8220875598881,218.8034154325776,1.2432123832700017,16.455462504527432,37.34275241545617,251.8248913478904,13.777699529781849,0.0,69.16896460580134,281.7719979767157,4.53901070745272,C3S1,4.03272285257675,P.S.
999,PEDDAPALLY,Valigonda,Peddamul,16.342771984225273,80.2336553548329,5.666862099057602,Post-monsoon 2020,,8.02,1108.0285844077316,709.1383231193915,0.0,439.39165186907064,0.0,2.270289798375165,122.43032714767725,30.490744496993468,234.5154179562585,0.0,13.32770086321959,0.19945865175951383,32.77530419857544,7.24424626882392,C3S1,8.06792221560213,MR
998,JAGITYAL,Parigi,Kosigi,18.928807567885112,79.7801163343705,5.010623637981125,Post-monsoon 2020,,7.48,1585.842166435765,1014.9389716216298,0.0,320.2476114867221,320.12486225993973,0.6730963680767932,0.0,102.22753576849695,130.70650824860203,24.02715838690215,173.88300871650466,20.275834895759164,518.4130610731071,3.1271819275924084,C4S1,-4.3333174833597825,P.S.
1037,BHADRADRI,Rajender Nagar,Raghunadhapalli,18.706131948927005,78.92833931416243,5.943929687380287,Post-monsoon 2020,,8.73,0.0,0.0,0.0,15.464117565336778,0.0,0.0,0.0,0.0,0.0,0.0,35.36979853843389,22.769168168822574,180.90616768583516,0.0,C2S1,-3.5242967755737595,P.S.
587,RANGAREDDY,Khammam (R ),Angadipet,17.869108389025385,79.2634793476485,9.094594020269575,Post-monsoon 2020,,7.84,640.4245533826527,409.87173096611207,12.14528232966661,431.86382348532914,0.0,2.1714701135783008,124.53366139636768,0.0,6.341918379644156,29.956992016284218,73.91971321091776,28.981346017004835,302.1340144442468,1.7969421243463306,C4S1,2.8361736369380997,P.S.
547,VIKARABAD,Makthal,Vemulawada(rural),19.259535052893657,76.93882778816487,5.322421995908572,Post-monsoon 2020,,7.31,517.7412068726873,331.3543582434578,29.564261557989905,56.40379706701478,98.51254130794987,0.7724618941694426,0.0,82.69039391956835,15.262132623599399,6.9784862305735516,27.48177454911977,30.643762975517923,194.88940004332673,2.1159049469485613,C3S1,-2.1924035920644016,MR
1182,NIZAMABAD,Parvathagiri,Mutyalampadu,17.645004857074703,78.6622770544922,12.586139150397681,Post-monsoon 2020,,7.4,1497.1968255357606,958.206014592901,0.0,253.90466556038916,232.1300025259053,0.8303347029519896,51.993039198561206,61.247711189605226,30.847370437950985,27.643914208011473,159.8669033339355,50.731575128223575,608.1185382066132,0.24876123703147668,C3S1,-7.028891189595154,P.S.
19,BHADRADRI,Laxmidevipalli,Laxmidevipalli,17.573,80.619,4.36,Post-monsoon 2020,,7.91,1242.0,794.88,0.0,330.0,150.0,0.403,98.7667,14.0,81.1,13.25,104.0,48.62,459.9177632,1.644193498,C3S1,-2.598355263,P.S.
58,JOGULAMBA(GADWAL),Alampur,Alampur,15.896441,78.121104,2.31,Post-monsoon 2020,,8.16,1802.0,1153.28,0.0,160.0,380.0,0.95,69.0924,96.0,202.0,4.0,80.0,48.62,399.9177632,4.391755826,C3S1,-4.798355263,P.S.
521,SANGAREDDY,Atmakur,Rajender Nagar,17.582828247735655,79.92708659723043,6.4870424908307855,Post-monsoon 2020,,7.79,2001.6299160672577,1281.0431413406427,12.02428829165605,415.51810993231425,313.7548336233945,1.082790501088765,18.498528312660646,44.386686763793925,322.0076351292261,7.4229754262043635,16.2835868655511,54.78611336614132,266.30423469651373,8.107303258669731,C3S1,3.288252333311069,P.S.
628,VIKARABAD,Mudigonda,Sangem,19.123626830724863,79.24095979796502,9.800345146797286,Post-monsoon 2020,,8.08,0.0,0.0,0.0,135.49972759789304,0.0,0.5654164835673098,0.0,0.0,0.0,16.936077028667512,0.0,0.0,0.0,0.0,C3S1,7.201569561830224,P.S.
154,MEDAK,Shivampet,Usrikapally,17.8211,78.3949,12.0,Post-monsoon 2020,,7.63,1664.0,1064.96,0.0,390.0,280.0,1.28,20.55056,20.5,191.7,2.1,72.0,58.344,419.9013158,4.067435353,C3S1,-0.598026316,P.S.
1033,MAHABUBABAD,Shankarpalli,Nagaram,17.485176796208446,79.38931061859023,3.0893856629762766,Post-monsoon 2020,,9.04,1902.5164696653449,1217.61052764711,27.230216921995105,187.82359349700448,297.1127786988694,0.5127055142579885,252.81149794925435,56.060506388727305,116.46111494810889,39.47640661061672,130.88043281685236,81.21934700996297,657.5595045609252,1.7443500671785137,C2S1,-8.817212016130686,P.S.
435,NIZAMABAD,CC Kunta,Morthad,16.825565109083673,79.55077494987168,0.0,Post-monsoon 2020,,8.31,1647.0523702025657,1054.113460301097,0.0,524.5554462680417,135.46543365307565,2.87653250986249,108.94365853691087,3.192692999590104,206.51757503834042,12.251745057012855,34.46514414804179,61.418729815930355,338.73528820413645,5.389568813598379,C3S1,3.6114427868676313,P.S.
1112,NARAYANPET,warangal,Gangadhara,17.92779835403457,77.90367474115278,11.003024774254829,Post-monsoon 2020,,7.76,2594.289605620396,1660.345340560105,1.7329349783866652,563.5071502138196,431.75136546068063,1.7856851315329751,80.60234912633912,24.420190485709178,187.07252622924202,0.0,171.48060339835234,113.47993835555621,895.0772631286039,2.7599540488593512,C4S2,-6.596234926834727,P.S.
440,NALGONDA,Valigonda,Torrur,17.45091569775714,78.97505187709014,3.6128810562883498,Post-monsoon 2020,,7.4,572.3499207638046,366.30396186360736,1.2187923345663787,127.84024782442242,80.50029617145006,0.329965352558655,2.9180885676982626,4.168244818901236,34.55708203194983,4.141767455635441,57.6370698123643,17.097166618773215,214.46774435380908,2.1573476498836563,C4S3,-1.711078703578167,P.S.
397,ADILABAD,Armoor,Huzurabad,17.94890475692001,79.76935921792247,8.03645376247977,Post-monsoon 2020,,8.56,564.696035572154,361.40545791995623,4.5622422717234254,308.40359869774665,0.0,1.0309922232237414,217.0404698106656,81.25793163515712,132.27240367662938,63.003508251632226,20.405089960918602,0.0,0.0,5.25206175313012,C3S1,8.632839672403696,P.S.
315,SIRCILLA,Vemulawada,Vemulawada(rural),18.486422,78.863888,6.51,Post-monsoon 2020,,7.98,1244.0,796.16,0.0,310.0,160.0,0.87,38.04913636,36.25,121.0,4.0,48.0,53.482,339.9095395,2.853486733,C3S1,-0.598190789,P.S.
671,HYDERABAD,Rajapet,Ankushpur,17.557925931825217,77.80578400555926,11.398895226357233,Post-monsoon 2020,,7.01,1364.6058001910073,873.3477105733133,27.33631615845464,424.3394576166415,156.3561953900859,2.7744613531431006,26.865478000177006,32.38272220669916,170.93891934779325,17.66541581162708,16.920486688625687,64.62284636008724,307.84871437252264,6.194365786533806,C3S1,2.8974503474010462,MR
150,MEDAK,Shankarampet ,Gavvalapalli,18.0517,77.9172,3.1,Post-monsoon 2020,,7.67,1067.0,682.88,0.0,320.0,120.0,1.71,27.68125,16.5,82.45,0.83,80.0,38.896,359.9342105,1.889518988,C3S1,-0.798684211,P.S.
1078,YADADRI,Chivemla,Narayanagiri,18.21771855572113,80.11468984788907,0.0,Post-monsoon 2020,,7.74,1859.4101004947906,1190.0224258194512,0.0,337.6590549731022,366.0522076519312,1.565690039944667,148.6520572639834,0.0,166.1481324683749,2.536872979085781,110.88894385237302,82.78560739872611,616.671524290206,4.4296806122342,C3S1,-5.8256213354387745,P.S.
726,NALGONDA,Indalwai,Kalwakuthy,17.07064087376943,78.58002910778754,3.424866500306714,Post-monsoon 2020,,7.29,1049.9546534360015,671.970988837483,9.946472240630747,346.1889593478825,133.39692313777874,1.9653642281139447,33.580003125552686,0.0,130.04995595665898,23.136177100977932,48.40259457809419,35.865120058341375,267.1527840912426,2.019824769139193,C3S1,1.8092541848922994,P.S.
287,RANGAREDDY,Farooqnagar,Shadnagar,17.063191,78.184623,17.05,Post-monsoon 2020,,7.6,1716.0,1098.24,0.0,340.0,280.0,0.44,108.5105,16.75,57.01,3.38,168.0,72.93,719.8766447,0.923834471,C3S1,-7.597532895,P.S.
609,RANGAREDDY,Kosigi,Tiryani,18.940405373289554,79.19725643428205,11.180318243304182,Post-monsoon 2020,,8.21,1943.1307459083002,1243.6037520453847,14.354563044880443,258.18586960309494,444.0262338092738,0.23149026114049842,195.75883358416635,0.0,138.1967837890272,18.859991538582626,104.21228435294016,92.12006524479652,638.3836216382246,2.9634699341737636,C3S3,-7.3027196919234,P.S.
169,MEDCHAL,Qutubullapur,Shapurnagar,17.54,78.44,,Post-monsoon 2020,,7.79,1980.0,1267.2,0.0,620.0,200.0,0.91,66.0,40.0,224.0,4.1,112.0,63.206,539.8930921,4.191469371,C3S1,1.602138158,MR
772,SANGAREDDY,Doulathabad,Parkal,17.804403463626823,78.50051363215916,14.299016795302592,Post-monsoon 2020,,7.67,241.6504693881941,154.65631099386576,8.009907314225948,256.2483199310253,0.0,0.6221547078711334,0.0,0.0,0.0,0.0,96.71113993369504,0.4330268638909871,241.543441591882,0.0759537750681969,C3S1,0.47566360837290533,P.S.
747,NALGONDA,Mirdoddi,Narasapur,17.824338352692138,79.54100282058155,9.337847363144945,Post-monsoon 2020,,7.29,456.27226401752466,292.0142493163064,0.0,271.0272661453432,60.69797591459218,0.9574502008302268,0.0,0.0,0.0,19.603445763719282,100.50658227101525,0.0,243.9854559525303,1.2507449690734596,C3S1,0.5459112118315503,P.S.
737,MEDCHAL,Raikal,Shankarampet,16.794994243134713,79.02829307081292,1.1060812706207193,Post-monsoon 2020,,7.99,356.49317858462246,228.15565955873433,19.222142772457303,324.3665436952377,0.0,1.6418250947790138,0.0,0.0,84.37897537142688,12.116240958970542,2.0976493580829754,0.09498849456459624,6.265901445758459,3.7998277345427516,C2S1,6.721977155769169,P.S.
175,NAGARKURNOOL,Balmur,Balmur,16.331127,78.566382,10.47,Post-monsoon 2020,,7.01,1162.0,743.68,0.0,370.0,150.0,0.46,3.67607,11.0,25.0,62.0,160.0,9.724,439.9835526,0.518195875,C3S1,-1.399671053,P.S.
260,NIZAMABAD,Nizamabad,Arsapally,18.685342,78.06863,3.1,Post-monsoon 2020,,7.39,1541.0,986.24,0.0,480.0,170.0,1.1,34.81194,20.0,77.0,3.1,104.0,87.516,619.8519737,1.344679844,C3S1,-2.797039474,P.S.
1009,KAMAREDDY,Nalgonda,Himayanagar,17.31080661505121,78.3709056713927,7.686446781378085,Post-monsoon 2020,,7.41,237.49944560377185,151.9996130594875,7.959665897702919,311.9224103266699,0.0,1.0895393005053964,0.0,16.922680252431938,80.70240345402436,0.0,101.77035736520025,0.0,0.0,1.1534834852568683,C3S1,7.739328950347662,P.S.
814,JAGITYAL,Tekulapalli,Kanaipally,16.94754079907035,79.59536366090533,5.750034110204798,Post-monsoon 2020,,8.31,241.12597965008626,154.32063286427433,26.75798848034578,72.78040117051489,0.0,0.576071513777969,180.60135813943506,0.0,0.0,1.8946170579436012,28.705402642378964,56.11585685851183,305.0759913445703,0.0,C3S1,-4.155049190283466,P.S.
571,ADILABAD,Mothukur,Rebbena II,18.037226925910243,79.93712944286729,0.0,Post-monsoon 2020,,7.09,2039.6578284818386,1305.3810082747261,25.93230447348176,515.0823667063136,300.0907205258029,2.883715632276156,0.0,71.6321514294876,339.76216880812456,0.0,0.0,98.3329100413294,373.7853548595612,9.279456785371826,C3S1,3.374256378596797,P.S.
819,KHAMMAM,Dharoor,Kodair,19.11358886379544,77.81304819038547,9.44560815683976,Post-monsoon 2020,,7.39,2382.7729107825135,1524.974637466249,9.286244604229568,330.14561294569,606.1570741525617,0.7110650335081325,0.0,46.95814840514953,156.59619458929652,0.0,170.40475591016943,116.1305013643836,905.7013855113428,1.876196685529252,C3S1,-11.293799012796612,P.S.
842,MAHABUBABAD,Doma,Peddamul,18.308384491853268,78.4892503876559,15.735666700064865,Post-monsoon 2020,,7.42,1578.9499073040577,1010.5279618472919,0.0,305.245113556023,289.136413471325,1.269910997106623,15.041926871388071,49.50373895708497,105.36273895483124,19.086179082061285,139.08268163463384,62.04792163710668,602.6852817597533,1.205565797818526,C3S1,-6.126174805485455,P.S.
700,NALGONDA,Yeldurthy,perkit,17.867980696591406,77.91974740212538,4.974352835145651,Post-monsoon 2020,,7.4,2291.3124976667164,1466.4399040031549,24.277669205845847,628.5976112136124,350.83569386767897,2.831443316857424,25.51833426633936,0.0,289.60548640409627,0.0,57.8620726829803,102.39596794583437,565.3514708844682,8.569665426933826,C3S2,1.716023331622584,P.S.
1047,BHADRADRI,Khammam(U),M.Banjara,18.478626631103765,76.5267877829166,1.0871708553630315,Post-monsoon 2020,,7.11,1658.5041050978152,1061.4425940440651,14.262387011539982,272.5493988986565,398.71352268636105,0.12467444880220357,0.0,15.84445639259989,191.17914633435848,6.79265261607222,82.39038039110474,57.336978191391914,440.5844615170977,3.509909908126538,C2S1,-3.0564442069734667,P.S.
1121,MAHABUBABAD,Rudrur,Kallur,19.004134022463155,79.68266715586739,0.0,Post-monsoon 2020,,7.66,1709.275648376633,1093.9364199104682,4.664015548779356,370.7282563061979,159.79017345008748,0.0,312.0472768372494,21.127179815100877,110.24641328394986,43.5545088203832,74.00106361552898,111.25399641041781,641.5460313041906,1.9919057433166762,C3S1,-5.325634043339017,P.S.
1010,NAGARKURNOOL,CC Kunta,Huzurabad,16.82457546124618,78.36132461236265,3.1939839701029,Post-monsoon 2020,,7.68,964.7441307637321,617.4361985513337,0.0,309.0785189854719,124.73899777495373,0.0,7.094601318660054,30.219893973666032,148.27954153182787,0.0,33.297595647576884,27.691912541491106,197.61500230120944,2.8773309221406906,C3S1,2.198692620566639,P.S.
238,NIRMAL,Laxmanchanda,Laxmanchanda,19.017055,78.460861,1.79,Post-monsoon 2020,,7.88,972.0,622.08,0.0,290.0,110.0,0.27,43.48472727,19.5,92.0,2.0,32.0,53.482,299.9095395,2.309749338,C3S1,-0.198190789,P.S.
976,SIRCILLA,Madgula,Gadwal,17.867774801173987,78.12346826107985,10.89304437379539,Post-monsoon 2020,,8.31,2279.6090491971804,1458.9498102066104,11.193163965024047,700.2949518030248,185.69587500180103,2.860725519227917,164.9280111423477,28.660237563264374,292.74292039451717,26.957768653116933,183.85103632156907,15.201853362688652,521.2426285568172,8.210607230552874,C4S1,3.776191124421333,P.S.
907,MAHABUBNAGAR,Laxmidevipalli,Manopad,17.94803704113149,78.97195738674917,2.7462048969697777,Post-monsoon 2020,,8.18,1444.3224132202722,924.3663259397011,0.0,275.5328703726414,229.47597178364555,0.7017643634409441,75.21985370864184,48.9281713322021,97.4224228283139,18.206256400803845,69.64138309132346,77.192199492349,490.0585825830927,0.9083166507059137,C4S1,-4.340996787195243,P.S.
632,RANGAREDDY,Anumula,Akkenepally,17.790611816707347,79.6222087973907,0.0,Post-monsoon 2020,,8.18,1619.5628282770815,1036.5202380384521,25.036113115726092,348.56938848758455,310.1492534234446,1.250808863842377,0.0,0.0,174.8043608652227,0.0,0.0,124.00798574871123,476.92395739128705,4.88531420755638,C3S1,-2.070522135897243,P.S.
936,KAMAREDDY,Kukatpally,Chennaraopet,19.5046455411349,79.35384151222223,9.951236719695881,Post-monsoon 2020,,8.42,386.3058305053976,247.23576123856412,20.812258945795087,319.94217266350046,0.0,1.1794800058183974,1.735989103210386,0.0,97.69332451189854,18.349961618721753,31.44806529925225,0.0,0.0,3.2118521032316254,C2S1,7.9405280182707205,P.S.
348,WARANGAL (R) ,Chennaraopet,Chennaraopet,17.883,79.8722,0.65,Post-monsoon 2020,,8.34,2454.0,1570.56,30.0,400.0,500.0,1.63,42.88077273,54.25,246.0,2.0,56.0,136.136,699.7697368,4.043241599,C4S1,-5.395394737,P.S.
422,NAGARKURNOOL,Kattangur,Dhantalapally,17.070859786967205,79.02533425302073,5.365055442677569,Post-monsoon 2020,,6.97,0.0,0.0,17.022045151272557,43.656468513509765,0.0,1.4761595757465211,0.0,96.87143471213784,0.0,0.0,55.50334517003295,28.117310850304104,253.32403113330662,0.0,C3S1,-3.8672521311499586,P.S.
507,NIRMAL,Keshampet,Telkapally,18.56413580078266,79.58556559051759,0.0,Post-monsoon 2020,,7.05,457.5075830405332,292.8048401944145,23.003883644361906,275.37328514789425,0.0,1.1953175470762059,115.80827221372022,3.2407701908264634,89.99085590815818,16.929260089273924,19.314258694332935,2.3938723263200643,58.7614068302388,1.325811159510834,C4S2,4.763412627142838,P.S.
741,RANGAREDDY,Jainath,Shapurnagar,18.76625018520493,78.8210959335244,1.9536062452575842,Post-monsoon 2020,,8.47,1288.6423332984766,824.7311410460205,9.431361862349846,311.7052455184743,189.0319956573484,0.36724282703809685,0.0,55.793123132892646,140.4119564718132,0.0,103.288784510811,21.855390202905085,348.51234727018306,1.4668514911316057,C3S1,-0.5709811498229371,P.S.
110,KUMURAM BHEEM,Asifabad,Asifabad,19.359617,79.286065,17.19,Post-monsoon 2020,,7.98,916.0,586.24,0.0,360.0,60.0,1.26,22.145,22.75,129.0,8.0,64.0,9.724,199.9835526,3.966109813,C3S1,3.200328947,U.S.
829,NALGONDA,Atmakur,Argonda,17.964309599841002,77.89433606852239,9.706333871803555,Post-monsoon 2020,,7.63,1809.946969254046,1158.366095844345,0.0,318.48955086897394,313.31697865339646,1.4202522658040047,206.65979667617526,0.0,31.683361457119688,0.0,186.24265214745435,102.41707865424718,886.6305383790686,0.0,C3S1,-11.558506444057683,P.S.
798,ADILABAD,Arvapally,Arsapally,17.84411165844768,78.3048595936808,3.4216783014495906,Post-monsoon 2020,,7.69,1131.6273722942838,724.2415420428232,11.980225333553031,351.69635402125823,130.86584036391622,1.2910054517886784,0.0,0.0,137.49509918449576,0.0,50.02846465570829,33.087196638943155,258.9475117428798,3.744008111663587,C2S1,2.186168621821387,P.S.
218,NALGONDA,P.A Pally,Angadipet,16.716555,79.084472,1.86,Post-monsoon 2020,,8.43,543.0,347.52,20.0,160.0,80.0,0.44,3.215454,16.0,52.0,2.39,32.0,29.172,199.9506579,1.598873443,C2S1,-0.399013158,P.S.
846,MEDCHAL,Utkoor,Mellacheruvu,18.769016046217722,79.62428245574473,3.441711180527271,Post-monsoon 2020,,7.6,593.9108991650811,380.10295055519566,20.472340850123356,226.74915747431174,68.4396607913769,1.864731867481571,0.0,41.32625965714617,77.34292203322224,0.0,3.534625497087532,38.30928248256651,169.0093698337967,2.759132165636379,C3S1,1.4783605303531124,P.S.
623,BHADRADRI,Hanamkonda,Kothapalli,17.172856414042663,78.87392068252112,6.396807133738572,Post-monsoon 2020,,8.42,1180.5442821008728,755.5482995167545,0.0,148.20106144878727,207.06323716409165,0.7901542918547517,226.07274431730028,0.0,87.6920066235355,14.053735525134911,62.59301796650307,50.88599343177522,366.2309915003596,0.5128730208598462,C3S1,-4.625810787253936,P.S.
479,MEDAK,Ghanpur,Yanampally,17.9448616692082,79.19484625082622,10.790008141326325,Post-monsoon 2020,,8.26,1741.0379891202083,1114.2643366764228,0.0,101.90446366985461,490.71593054007354,0.8640982755510613,40.84316052757914,8.29899631906883,135.00625408193193,15.834361299184927,159.1936747484547,35.81078700687195,542.9898057103192,2.6481005948189296,C2S1,-8.836854587319925,P.S.
320,SURYAPET,Mattampalle,Raghunadhapalem,16.753544,79.885324,3.22,Post-monsoon 2020,,7.4,1084.0,693.76,0.0,310.0,60.0,0.694,143.0,20.0,27.17,0.75,176.0,9.724,479.9835526,0.539198437,C3S1,-3.399671053,P.S.
1071,NIZAMABAD,Ghanpur,Papannapet,16.610505152443437,78.97433969746119,0.18760121083156278,Post-monsoon 2020,,8.55,1622.7819197018625,1038.580439541219,13.424830047420151,263.88575240744217,408.6077986757038,0.0,0.0,35.98232604989969,132.2482888238983,0.0,99.57952911179993,79.98525576555724,578.3581970816506,0.5484053069108565,C3S1,-5.990490683291331,P.S.
126,MAHABUBNAGAR,CC Kunta,Kurumurthy,16.441442,77.816757,10.47,Post-monsoon 2020,,8.16,1037.0,663.68,0.0,190.0,170.0,1.35,68.02944,19.0,73.0,14.67,88.0,29.172,339.9506579,1.721420938,C3S1,-2.999013158,P.S.
481,KARIMNAGAR,Nizamabad,Sadasivanagar,17.826947455218363,78.13858653037525,7.409358278307055,Post-monsoon 2020,,7.09,605.669835330339,387.628698555327,4.7294410790829895,221.80701375977463,129.03668901422836,0.4783294660701928,0.0,0.0,0.0,0.0,92.78404724950587,40.064843765071615,396.61911404194416,0.0,C4S1,-3.4610842420377064,P.S.
411,MEDAK,Asifabad,M.V.Palem,16.90488919644653,79.86536499619612,2.5339674028575647,Post-monsoon 2020,,6.28,940.3973683051775,601.8543368548819,0.0,247.0431299766716,89.4092936964628,1.6525964806197138,34.633500840483336,85.74635651408508,74.90373691961689,0.0,4.676745028745344,72.09450962942914,310.40692553891296,1.1272296222614575,C3S1,-1.3472958362954413,U.S.
